Molekuel,Ansatz_Art,Ansatz_Tiefe,Optimierer,Fehler_Art,Fehler_Rate,Exakte_Energie_Hartree,Berechnete_Energie_Hartree,Optimierer_Schritte,Dauer_Sekunden
LiH_Reduced_8_Qubits,TwoLocal,1,COBYLA,noiseless,0.0,-1.0900919314191353,-0.8695128049576697,215,434.99
LiH_Reduced_8_Qubits,TwoLocal,1,COBYLA,depolarizing,0.005,-1.0900919314191353,-0.38711908024100616,207,635.61
LiH_Reduced_8_Qubits,TwoLocal,1,COBYLA,depolarizing,0.007,-1.0900919314191353,-0.35475092444406725,211,656.49
LiH_Reduced_8_Qubits,TwoLocal,1,COBYLA,depolarizing,0.001,-1.0900919314191353,-0.3876628568917161,214,664.0
LiH_Reduced_8_Qubits,TwoLocal,1,COBYLA,depolarizing,0.006,-1.0900919314191353,-0.3647976344832846,214,670.76
LiH_Reduced_8_Qubits,TwoLocal,1,COBYLA,depolarizing,0.003,-1.0900919314191353,-0.8238128671986331,223,678.7
LiH_Reduced_8_Qubits,TwoLocal,1,COBYLA,depolarizing,0.008,-1.0900919314191353,-0.7049248302638309,220,689.25
LiH_Reduced_8_Qubits,TwoLocal,1,COBYLA,depolarizing,0.002,-1.0900919314191353,-0.3600813542344268,222,731.77
LiH_Reduced_8_Qubits,TwoLocal,1,COBYLA,depolarizing,0.004,-1.0900919314191353,-0.8741452691985732,271,816.77
LiH_Reduced_8_Qubits,TwoLocal,1,COBYLA,depolarizing,0.009000000000000001,-1.0900919314191353,-0.7084196411448922,230,699.47
LiH_Reduced_8_Qubits,TwoLocal,1,COBYLA,depolarizing,0.012,-1.0900919314191353,-0.6751297904708261,182,547.97
LiH_Reduced_8_Qubits,TwoLocal,1,COBYLA,depolarizing,0.013000000000000001,-1.0900919314191353,-0.2268419641703751,197,604.28
LiH_Reduced_8_Qubits,TwoLocal,1,COBYLA,depolarizing,0.015,-1.0900919314191353,-0.290503533243657,196,601.1
LiH_Reduced_8_Qubits,TwoLocal,1,COBYLA,depolarizing,0.011,-1.0900919314191353,-0.6570988480381984,225,695.59
LiH_Reduced_8_Qubits,TwoLocal,1,COBYLA,depolarizing,0.014,-1.0900919314191353,-0.615264695985505,231,710.83
LiH_Reduced_8_Qubits,TwoLocal,1,COBYLA,depolarizing,0.01,-1.0900919314191353,-0.6136511116576021,242,776.34
LiH_Reduced_8_Qubits,TwoLocal,1,COBYLA,depolarizing,0.016,-1.0900919314191353,-0.5418551968016405,222,705.89
LiH_Reduced_8_Qubits,TwoLocal,1,COBYLA,depolarizing,0.017,-1.0900919314191353,-0.2406914297990091,212,627.43
LiH_Reduced_8_Qubits,TwoLocal,1,COBYLA,depolarizing,0.018000000000000002,-1.0900919314191353,-0.5268728451041318,211,647.54
LiH_Reduced_8_Qubits,TwoLocal,1,COBYLA,depolarizing,0.019,-1.0900919314191353,-0.23522846410244055,186,584.05
LiH_Reduced_8_Qubits,TwoLocal,1,COBYLA,depolarizing,0.021,-1.0900919314191353,-0.23252051020415415,183,582.22
LiH_Reduced_8_Qubits,TwoLocal,1,COBYLA,depolarizing,0.02,-1.0900919314191353,-0.30228390663821225,200,658.62
LiH_Reduced_8_Qubits,TwoLocal,1,COBYLA,depolarizing,0.023,-1.0900919314191353,-0.21425463589991542,192,591.65
LiH_Reduced_8_Qubits,TwoLocal,1,COBYLA,depolarizing,0.022,-1.0900919314191353,-0.20953451999540146,219,676.79
LiH_Reduced_8_Qubits,TwoLocal,1,COBYLA,depolarizing,0.026000000000000002,-1.0900919314191353,-0.227731054154044,203,610.35
LiH_Reduced_8_Qubits,TwoLocal,1,COBYLA,depolarizing,0.024,-1.0900919314191353,-0.41291441371875426,232,723.99
LiH_Reduced_8_Qubits,TwoLocal,1,COBYLA,depolarizing,0.025,-1.0900919314191353,-0.05984770398808545,234,735.12
LiH_Reduced_8_Qubits,TwoLocal,1,COBYLA,depolarizing,0.028,-1.0900919314191353,-0.13782988390170142,168,523.41
LiH_Reduced_8_Qubits,TwoLocal,1,COBYLA,depolarizing,0.027,-1.0900919314191353,-0.4057636382506219,193,587.48
LiH_Reduced_8_Qubits,TwoLocal,1,COBYLA,depolarizing,0.029,-1.0900919314191353,-0.46897675897694874,226,698.43
LiH_Reduced_8_Qubits,TwoLocal,1,COBYLA,depolarizing,0.033,-1.0900919314191353,-0.2843980572644291,205,617.83
LiH_Reduced_8_Qubits,TwoLocal,1,COBYLA,depolarizing,0.031,-1.0900919314191353,-0.38002571968001664,236,706.5
LiH_Reduced_8_Qubits,TwoLocal,1,COBYLA,depolarizing,0.032,-1.0900919314191353,-0.37930785534705225,209,663.86
LiH_Reduced_8_Qubits,TwoLocal,1,COBYLA,depolarizing,0.03,-1.0900919314191353,-0.05799952719295676,247,808.06
LiH_Reduced_8_Qubits,TwoLocal,1,COBYLA,depolarizing,0.034,-1.0900919314191353,-0.2910945205762809,209,660.82
LiH_Reduced_8_Qubits,TwoLocal,1,COBYLA,depolarizing,0.035,-1.0900919314191353,-0.21315437769441095,210,656.6
LiH_Reduced_8_Qubits,TwoLocal,1,COBYLA,depolarizing,0.037,-1.0900919314191353,-0.07911806735898325,209,637.88
LiH_Reduced_8_Qubits,TwoLocal,1,COBYLA,depolarizing,0.036000000000000004,-1.0900919314191353,-0.18597397191409126,247,772.92
LiH_Reduced_8_Qubits,TwoLocal,1,COBYLA,depolarizing,0.038,-1.0900919314191353,-0.10499429765964241,207,648.32
LiH_Reduced_8_Qubits,TwoLocal,1,COBYLA,depolarizing,0.039,-1.0900919314191353,-0.026252249427827057,209,631.41
LiH_Reduced_8_Qubits,TwoLocal,1,COBYLA,depolarizing,0.04,-1.0900919314191353,-0.194680730330259,206,617.99
LiH_Reduced_8_Qubits,TwoLocal,1,COBYLA,depolarizing,0.041,-1.0900919314191353,-0.17003949183053657,229,720.64
LiH_Reduced_8_Qubits,TwoLocal,1,COBYLA,depolarizing,0.042,-1.0900919314191353,-0.18359027576017917,216,678.14
LiH_Reduced_8_Qubits,TwoLocal,1,COBYLA,depolarizing,0.043000000000000003,-1.0900919314191353,-0.17286846377481022,236,734.14
LiH_Reduced_8_Qubits,TwoLocal,1,COBYLA,depolarizing,0.044,-1.0900919314191353,-0.09006784541944357,231,710.25
LiH_Reduced_8_Qubits,TwoLocal,1,COBYLA,depolarizing,0.046,-1.0900919314191353,0.023161874037938512,178,564.55
LiH_Reduced_8_Qubits,TwoLocal,1,COBYLA,depolarizing,0.045,-1.0900919314191353,-0.19438130109646534,262,806.33
LiH_Reduced_8_Qubits,TwoLocal,1,COBYLA,depolarizing,0.047,-1.0900919314191353,0.044147739201934044,218,703.15
LiH_Reduced_8_Qubits,TwoLocal,1,COBYLA,depolarizing,0.051000000000000004,-1.0900919314191353,0.1145325582314814,193,594.05
LiH_Reduced_8_Qubits,TwoLocal,1,COBYLA,depolarizing,0.048,-1.0900919314191353,0.014532384449607805,236,714.7
LiH_Reduced_8_Qubits,TwoLocal,1,COBYLA,depolarizing,0.049,-1.0900919314191353,-0.10631816072944134,274,836.49
LiH_Reduced_8_Qubits,TwoLocal,1,COBYLA,depolarizing,0.05,-1.0900919314191353,-0.051138646489285344,249,768.91
LiH_Reduced_8_Qubits,TwoLocal,1,COBYLA,depolarizing,0.052000000000000005,-1.0900919314191353,0.05537100926191513,225,680.31
LiH_Reduced_8_Qubits,TwoLocal,1,COBYLA,depolarizing,0.053,-1.0900919314191353,-0.05896641958838761,226,712.79
LiH_Reduced_8_Qubits,TwoLocal,1,COBYLA,depolarizing,0.054,-1.0900919314191353,0.013306241070535296,233,703.62
LiH_Reduced_8_Qubits,TwoLocal,1,COBYLA,depolarizing,0.055,-1.0900919314191353,0.0834005814190879,217,680.26
LiH_Reduced_8_Qubits,TwoLocal,1,COBYLA,depolarizing,0.057,-1.0900919314191353,0.09121160844456772,185,559.88
LiH_Reduced_8_Qubits,TwoLocal,1,COBYLA,depolarizing,0.056,-1.0900919314191353,0.10125936501531702,215,687.93
LiH_Reduced_8_Qubits,TwoLocal,1,COBYLA,depolarizing,0.058,-1.0900919314191353,0.09132853447532135,210,646.39
LiH_Reduced_8_Qubits,TwoLocal,1,COBYLA,depolarizing,0.059000000000000004,-1.0900919314191353,0.1841791024829148,186,586.37
LiH_Reduced_8_Qubits,TwoLocal,1,COBYLA,depolarizing,0.06,-1.0900919314191353,0.12223343163023415,223,677.14
LiH_Reduced_8_Qubits,TwoLocal,1,COBYLA,depolarizing,0.061,-1.0900919314191353,0.060803009691128784,229,686.17
LiH_Reduced_8_Qubits,TwoLocal,1,COBYLA,depolarizing,0.063,-1.0900919314191353,0.17913336225550264,189,566.19
LiH_Reduced_8_Qubits,TwoLocal,1,COBYLA,depolarizing,0.062,-1.0900919314191353,0.04090651014683927,222,707.99
LiH_Reduced_8_Qubits,TwoLocal,1,COBYLA,depolarizing,0.067,-1.0900919314191353,0.17291231758745007,183,573.44
LiH_Reduced_8_Qubits,TwoLocal,1,COBYLA,depolarizing,0.065,-1.0900919314191353,0.19628577987607132,219,667.8
LiH_Reduced_8_Qubits,TwoLocal,1,COBYLA,depolarizing,0.064,-1.0900919314191353,0.13751881247367287,238,749.57
LiH_Reduced_8_Qubits,TwoLocal,1,COBYLA,depolarizing,0.066,-1.0900919314191353,0.15864804417613115,254,807.68
LiH_Reduced_8_Qubits,TwoLocal,1,COBYLA,depolarizing,0.069,-1.0900919314191353,0.18045797641756456,197,604.49
LiH_Reduced_8_Qubits,TwoLocal,1,COBYLA,depolarizing,0.07100000000000001,-1.0900919314191353,0.23669620723874213,187,564.88
LiH_Reduced_8_Qubits,TwoLocal,1,COBYLA,depolarizing,0.07,-1.0900919314191353,0.19941531258395467,201,609.77
LiH_Reduced_8_Qubits,TwoLocal,1,COBYLA,depolarizing,0.068,-1.0900919314191353,0.263395134764396,262,823.91
LiH_Reduced_8_Qubits,TwoLocal,1,COBYLA,depolarizing,0.07200000000000001,-1.0900919314191353,0.175082745473512,203,640.95
LiH_Reduced_8_Qubits,TwoLocal,1,COBYLA,depolarizing,0.073,-1.0900919314191353,0.3993865423688148,195,607.16
LiH_Reduced_8_Qubits,TwoLocal,1,COBYLA,depolarizing,0.075,-1.0900919314191353,0.2365152480653714,216,672.23
LiH_Reduced_8_Qubits,TwoLocal,1,COBYLA,depolarizing,0.074,-1.0900919314191353,0.28519644552979106,238,719.0
LiH_Reduced_8_Qubits,TwoLocal,1,COBYLA,depolarizing,0.078,-1.0900919314191353,0.26414947061776295,189,568.0
LiH_Reduced_8_Qubits,TwoLocal,1,COBYLA,depolarizing,0.076,-1.0900919314191353,0.21447568784197385,218,691.41
LiH_Reduced_8_Qubits,TwoLocal,1,COBYLA,depolarizing,0.077,-1.0900919314191353,0.21931065176556824,248,748.83
LiH_Reduced_8_Qubits,TwoLocal,1,COBYLA,depolarizing,0.08,-1.0900919314191353,0.26076900296714883,225,707.81
LiH_Reduced_8_Qubits,TwoLocal,1,COBYLA,depolarizing,0.081,-1.0900919314191353,0.2802313121445206,209,665.57
LiH_Reduced_8_Qubits,TwoLocal,1,COBYLA,depolarizing,0.079,-1.0900919314191353,0.23194977061356864,258,780.52
LiH_Reduced_8_Qubits,TwoLocal,1,COBYLA,depolarizing,0.082,-1.0900919314191353,0.31106644174007086,164,523.24
LiH_Reduced_8_Qubits,TwoLocal,1,COBYLA,depolarizing,0.084,-1.0900919314191353,0.34295640565823143,222,667.46
LiH_Reduced_8_Qubits,TwoLocal,1,COBYLA,depolarizing,0.083,-1.0900919314191353,0.2847088336920219,223,716.1
LiH_Reduced_8_Qubits,TwoLocal,1,COBYLA,depolarizing,0.085,-1.0900919314191353,0.33143949900616043,193,580.24
LiH_Reduced_8_Qubits,TwoLocal,1,COBYLA,depolarizing,0.08600000000000001,-1.0900919314191353,0.3539843938607609,190,606.06
LiH_Reduced_8_Qubits,TwoLocal,1,COBYLA,depolarizing,0.088,-1.0900919314191353,0.3091708787050069,191,601.77
LiH_Reduced_8_Qubits,TwoLocal,1,COBYLA,depolarizing,0.08700000000000001,-1.0900919314191353,0.31289492080368303,226,679.16
LiH_Reduced_8_Qubits,TwoLocal,1,COBYLA,depolarizing,0.089,-1.0900919314191353,0.4461966307473101,195,633.27
LiH_Reduced_8_Qubits,TwoLocal,1,COBYLA,depolarizing,0.091,-1.0900919314191353,0.35917172462654334,191,601.71
LiH_Reduced_8_Qubits,TwoLocal,1,COBYLA,depolarizing,0.09,-1.0900919314191353,0.3203513590190811,243,734.88
LiH_Reduced_8_Qubits,TwoLocal,1,COBYLA,depolarizing,0.094,-1.0900919314191353,0.40219978275003054,192,581.2
LiH_Reduced_8_Qubits,TwoLocal,1,COBYLA,depolarizing,0.092,-1.0900919314191353,0.42116605028262866,217,660.97
LiH_Reduced_8_Qubits,TwoLocal,1,COBYLA,depolarizing,0.093,-1.0900919314191353,0.36370050236311124,209,671.04
LiH_Reduced_8_Qubits,TwoLocal,1,COBYLA,depolarizing,0.095,-1.0900919314191353,0.3591288915548129,232,725.24
LiH_Reduced_8_Qubits,TwoLocal,1,COBYLA,depolarizing,0.098,-1.0900919314191353,0.5162173597483951,182,583.37
LiH_Reduced_8_Qubits,TwoLocal,1,COBYLA,depolarizing,0.097,-1.0900919314191353,0.3847908173394685,201,615.18
LiH_Reduced_8_Qubits,TwoLocal,1,COBYLA,depolarizing,0.096,-1.0900919314191353,0.36308365472785087,215,689.96
LiH_Reduced_8_Qubits,TwoLocal,1,COBYLA,depolarizing,0.099,-1.0900919314191353,0.37145332230608225,228,710.26
LiH_Reduced_8_Qubits,TwoLocal,1,COBYLA,depolarizing,0.1,-1.0900919314191353,0.3946446758549022,241,724.99
LiH_Reduced_8_Qubits,TwoLocal,1,COBYLA,bitflip,0.001,-1.0900919314191353,-0.8631709209171309,211,628.15
LiH_Reduced_8_Qubits,TwoLocal,1,COBYLA,bitflip,0.002,-1.0900919314191353,-0.8089396586099225,231,689.83
LiH_Reduced_8_Qubits,TwoLocal,1,COBYLA,bitflip,0.003,-1.0900919314191353,-0.8388333176429159,245,763.55
LiH_Reduced_8_Qubits,TwoLocal,1,COBYLA,bitflip,0.006,-1.0900919314191353,-0.722403171305512,209,621.95
LiH_Reduced_8_Qubits,TwoLocal,1,COBYLA,bitflip,0.004,-1.0900919314191353,-0.6539410816237508,243,763.9
LiH_Reduced_8_Qubits,TwoLocal,1,COBYLA,bitflip,0.005,-1.0900919314191353,-0.5217789100875989,262,843.88
LiH_Reduced_8_Qubits,TwoLocal,1,COBYLA,bitflip,0.007,-1.0900919314191353,-0.68293755477988,253,794.11
LiH_Reduced_8_Qubits,TwoLocal,1,COBYLA,bitflip,0.009000000000000001,-1.0900919314191353,-0.5465258148391449,231,692.91
LiH_Reduced_8_Qubits,TwoLocal,1,COBYLA,bitflip,0.008,-1.0900919314191353,-0.5956540311637155,253,793.94
LiH_Reduced_8_Qubits,TwoLocal,1,COBYLA,bitflip,0.01,-1.0900919314191353,-0.5871751027184289,235,702.65
LiH_Reduced_8_Qubits,TwoLocal,1,COBYLA,bitflip,0.011,-1.0900919314191353,-0.2284866442022593,220,663.7
LiH_Reduced_8_Qubits,TwoLocal,1,COBYLA,bitflip,0.013000000000000001,-1.0900919314191353,-0.4766146743121054,221,668.19
LiH_Reduced_8_Qubits,TwoLocal,1,COBYLA,bitflip,0.012,-1.0900919314191353,-0.45353853195724314,243,760.68
LiH_Reduced_8_Qubits,TwoLocal,1,COBYLA,bitflip,0.014,-1.0900919314191353,-0.15679492716069682,217,685.54
LiH_Reduced_8_Qubits,TwoLocal,1,COBYLA,bitflip,0.016,-1.0900919314191353,-0.19478371155845517,205,639.79
LiH_Reduced_8_Qubits,TwoLocal,1,COBYLA,bitflip,0.015,-1.0900919314191353,-0.21423937986035996,205,665.1
LiH_Reduced_8_Qubits,TwoLocal,1,COBYLA,bitflip,0.018000000000000002,-1.0900919314191353,-0.08280241773882213,198,618.33
LiH_Reduced_8_Qubits,TwoLocal,1,COBYLA,bitflip,0.017,-1.0900919314191353,-0.26358043285362714,224,680.56
LiH_Reduced_8_Qubits,TwoLocal,1,COBYLA,bitflip,0.019,-1.0900919314191353,-0.18780458038608253,205,609.41
LiH_Reduced_8_Qubits,TwoLocal,1,COBYLA,bitflip,0.02,-1.0900919314191353,-0.06808255543781966,213,646.84
LiH_Reduced_8_Qubits,TwoLocal,1,COBYLA,bitflip,0.022,-1.0900919314191353,0.08314704409709989,189,600.06
LiH_Reduced_8_Qubits,TwoLocal,1,COBYLA,bitflip,0.021,-1.0900919314191353,-0.2117273782035201,228,686.39
LiH_Reduced_8_Qubits,TwoLocal,1,COBYLA,bitflip,0.023,-1.0900919314191353,0.091730114985906,193,611.93
LiH_Reduced_8_Qubits,TwoLocal,1,COBYLA,bitflip,0.024,-1.0900919314191353,-0.005716916111141113,211,656.02
LiH_Reduced_8_Qubits,TwoLocal,1,COBYLA,bitflip,0.028,-1.0900919314191353,-0.026028082482425663,196,585.57
LiH_Reduced_8_Qubits,TwoLocal,1,COBYLA,bitflip,0.027,-1.0900919314191353,0.04506202855193725,212,647.06
LiH_Reduced_8_Qubits,TwoLocal,1,COBYLA,bitflip,0.026000000000000002,-1.0900919314191353,0.005304104580386715,217,693.42
LiH_Reduced_8_Qubits,TwoLocal,1,COBYLA,bitflip,0.025,-1.0900919314191353,-0.09756535456939158,252,808.72
LiH_Reduced_8_Qubits,TwoLocal,1,COBYLA,bitflip,0.029,-1.0900919314191353,0.06989991286148678,211,645.45
LiH_Reduced_8_Qubits,TwoLocal,1,COBYLA,bitflip,0.03,-1.0900919314191353,0.17120981600953022,210,658.05
LiH_Reduced_8_Qubits,TwoLocal,1,COBYLA,bitflip,0.031,-1.0900919314191353,0.15364475615226875,219,668.41
LiH_Reduced_8_Qubits,TwoLocal,1,COBYLA,bitflip,0.032,-1.0900919314191353,0.11907456340908396,225,695.53
LiH_Reduced_8_Qubits,TwoLocal,1,COBYLA,bitflip,0.033,-1.0900919314191353,0.16222889630917042,186,573.93
LiH_Reduced_8_Qubits,TwoLocal,1,COBYLA,bitflip,0.036000000000000004,-1.0900919314191353,0.3585695820734808,178,576.82
LiH_Reduced_8_Qubits,TwoLocal,1,COBYLA,bitflip,0.034,-1.0900919314191353,0.19712415962043373,222,670.35
LiH_Reduced_8_Qubits,TwoLocal,1,COBYLA,bitflip,0.037,-1.0900919314191353,0.24299273292013795,198,629.19
LiH_Reduced_8_Qubits,TwoLocal,1,COBYLA,bitflip,0.035,-1.0900919314191353,0.20120899722928626,228,698.93
LiH_Reduced_8_Qubits,TwoLocal,1,COBYLA,bitflip,0.038,-1.0900919314191353,0.40063896297422746,201,616.82
LiH_Reduced_8_Qubits,TwoLocal,1,COBYLA,bitflip,0.039,-1.0900919314191353,0.3185393403613664,205,646.5
LiH_Reduced_8_Qubits,TwoLocal,1,COBYLA,bitflip,0.042,-1.0900919314191353,0.3059017955830074,178,551.62
LiH_Reduced_8_Qubits,TwoLocal,1,COBYLA,bitflip,0.04,-1.0900919314191353,0.2975851662951198,206,625.58
LiH_Reduced_8_Qubits,TwoLocal,1,COBYLA,bitflip,0.046,-1.0900919314191353,0.33889628586756854,179,543.94
LiH_Reduced_8_Qubits,TwoLocal,1,COBYLA,bitflip,0.041,-1.0900919314191353,0.3142699271805875,263,814.84
LiH_Reduced_8_Qubits,TwoLocal,1,COBYLA,bitflip,0.043000000000000003,-1.0900919314191353,0.3422009913314091,207,671.37
LiH_Reduced_8_Qubits,TwoLocal,1,COBYLA,bitflip,0.045,-1.0900919314191353,0.5401656725429976,191,608.78
LiH_Reduced_8_Qubits,TwoLocal,1,COBYLA,bitflip,0.044,-1.0900919314191353,0.3635537210813973,207,629.97
LiH_Reduced_8_Qubits,TwoLocal,1,COBYLA,bitflip,0.047,-1.0900919314191353,0.36886106489364845,225,692.59
LiH_Reduced_8_Qubits,TwoLocal,1,COBYLA,bitflip,0.049,-1.0900919314191353,0.40361835416315295,183,568.62
LiH_Reduced_8_Qubits,TwoLocal,1,COBYLA,bitflip,0.048,-1.0900919314191353,0.37655587511741573,212,678.55
LiH_Reduced_8_Qubits,TwoLocal,1,COBYLA,bitflip,0.05,-1.0900919314191353,0.4005382567821539,233,712.84
LiH_Reduced_8_Qubits,TwoLocal,1,COBYLA,bitflip,0.052000000000000005,-1.0900919314191353,0.5005620638712094,183,565.1
LiH_Reduced_8_Qubits,TwoLocal,1,COBYLA,bitflip,0.055,-1.0900919314191353,0.49720164642294773,189,576.45
LiH_Reduced_8_Qubits,TwoLocal,1,COBYLA,bitflip,0.054,-1.0900919314191353,0.4764739309452044,210,662.31
LiH_Reduced_8_Qubits,TwoLocal,1,COBYLA,bitflip,0.053,-1.0900919314191353,0.48964056648797455,212,689.78
LiH_Reduced_8_Qubits,TwoLocal,1,COBYLA,bitflip,0.051000000000000004,-1.0900919314191353,0.42093528211077424,241,744.16
LiH_Reduced_8_Qubits,TwoLocal,1,COBYLA,bitflip,0.056,-1.0900919314191353,0.5409072334103325,188,586.83
LiH_Reduced_8_Qubits,TwoLocal,1,COBYLA,bitflip,0.057,-1.0900919314191353,0.4981478002103019,189,576.53
LiH_Reduced_8_Qubits,TwoLocal,1,COBYLA,bitflip,0.058,-1.0900919314191353,0.6206671813238944,198,599.85
LiH_Reduced_8_Qubits,TwoLocal,1,COBYLA,bitflip,0.059000000000000004,-1.0900919314191353,0.6192319930749349,195,619.42
LiH_Reduced_8_Qubits,TwoLocal,1,COBYLA,bitflip,0.06,-1.0900919314191353,0.5416403941133464,202,614.93
LiH_Reduced_8_Qubits,TwoLocal,1,COBYLA,bitflip,0.061,-1.0900919314191353,0.5545351274834168,189,600.85
LiH_Reduced_8_Qubits,TwoLocal,1,COBYLA,bitflip,0.064,-1.0900919314191353,0.6096855575394412,190,602.05
LiH_Reduced_8_Qubits,TwoLocal,1,COBYLA,bitflip,0.062,-1.0900919314191353,0.5767899421291065,214,666.21
LiH_Reduced_8_Qubits,TwoLocal,1,COBYLA,bitflip,0.063,-1.0900919314191353,0.5351455173545413,210,666.83
LiH_Reduced_8_Qubits,TwoLocal,1,COBYLA,bitflip,0.066,-1.0900919314191353,0.5907814916998435,195,590.63
LiH_Reduced_8_Qubits,TwoLocal,1,COBYLA,bitflip,0.065,-1.0900919314191353,0.6043397378610994,227,725.85
LiH_Reduced_8_Qubits,TwoLocal,1,COBYLA,bitflip,0.067,-1.0900919314191353,0.7416868245319299,218,658.16
LiH_Reduced_8_Qubits,TwoLocal,1,COBYLA,bitflip,0.069,-1.0900919314191353,0.6772654162089038,159,483.58
LiH_Reduced_8_Qubits,TwoLocal,1,COBYLA,bitflip,0.068,-1.0900919314191353,0.6075898577052314,204,637.59
LiH_Reduced_8_Qubits,TwoLocal,1,COBYLA,bitflip,0.07,-1.0900919314191353,0.6529362566029668,176,547.61
LiH_Reduced_8_Qubits,TwoLocal,1,COBYLA,bitflip,0.07200000000000001,-1.0900919314191353,0.6398043449883941,192,594.6
LiH_Reduced_8_Qubits,TwoLocal,1,COBYLA,bitflip,0.073,-1.0900919314191353,0.6737789022024641,184,574.46
LiH_Reduced_8_Qubits,TwoLocal,1,COBYLA,bitflip,0.074,-1.0900919314191353,0.6477597896502837,186,566.58
LiH_Reduced_8_Qubits,TwoLocal,1,COBYLA,bitflip,0.07100000000000001,-1.0900919314191353,0.7176342001629907,228,744.75
LiH_Reduced_8_Qubits,TwoLocal,1,COBYLA,bitflip,0.075,-1.0900919314191353,0.6966227854030888,199,634.65
LiH_Reduced_8_Qubits,TwoLocal,1,COBYLA,bitflip,0.076,-1.0900919314191353,0.6900328459321128,183,552.09
LiH_Reduced_8_Qubits,TwoLocal,1,COBYLA,bitflip,0.077,-1.0900919314191353,0.82029973605707,185,559.88
LiH_Reduced_8_Qubits,TwoLocal,1,COBYLA,bitflip,0.078,-1.0900919314191353,0.7339138217199956,213,668.47
LiH_Reduced_8_Qubits,TwoLocal,1,COBYLA,bitflip,0.079,-1.0900919314191353,0.710262926079688,217,676.91
LiH_Reduced_8_Qubits,TwoLocal,1,COBYLA,bitflip,0.081,-1.0900919314191353,0.7557058319900891,193,612.2
LiH_Reduced_8_Qubits,TwoLocal,1,COBYLA,bitflip,0.08,-1.0900919314191353,0.7555549279865122,200,622.74
LiH_Reduced_8_Qubits,TwoLocal,1,COBYLA,bitflip,0.083,-1.0900919314191353,0.7895065591513004,179,573.39
LiH_Reduced_8_Qubits,TwoLocal,1,COBYLA,bitflip,0.082,-1.0900919314191353,0.742408234117502,200,610.19
LiH_Reduced_8_Qubits,TwoLocal,1,COBYLA,bitflip,0.08600000000000001,-1.0900919314191353,0.7660323498438621,191,580.65
LiH_Reduced_8_Qubits,TwoLocal,1,COBYLA,bitflip,0.084,-1.0900919314191353,0.7432128139204139,210,679.77
LiH_Reduced_8_Qubits,TwoLocal,1,COBYLA,bitflip,0.085,-1.0900919314191353,0.7817067942349496,226,681.05
LiH_Reduced_8_Qubits,TwoLocal,1,COBYLA,bitflip,0.088,-1.0900919314191353,0.809907914602321,170,544.55
LiH_Reduced_8_Qubits,TwoLocal,1,COBYLA,bitflip,0.08700000000000001,-1.0900919314191353,0.7757057225927604,220,693.82
LiH_Reduced_8_Qubits,TwoLocal,1,COBYLA,bitflip,0.089,-1.0900919314191353,0.791949785070827,181,565.76
LiH_Reduced_8_Qubits,TwoLocal,1,COBYLA,bitflip,0.09,-1.0900919314191353,0.7891779656137659,190,583.05
LiH_Reduced_8_Qubits,TwoLocal,1,COBYLA,bitflip,0.092,-1.0900919314191353,0.8221389918938139,190,580.74
LiH_Reduced_8_Qubits,TwoLocal,1,COBYLA,bitflip,0.094,-1.0900919314191353,0.8410360132791397,168,529.94
LiH_Reduced_8_Qubits,TwoLocal,1,COBYLA,bitflip,0.093,-1.0900919314191353,0.840425991031263,205,612.22
LiH_Reduced_8_Qubits,TwoLocal,1,COBYLA,bitflip,0.091,-1.0900919314191353,0.7887378389293608,249,785.12
LiH_Reduced_8_Qubits,TwoLocal,1,COBYLA,bitflip,0.095,-1.0900919314191353,0.8176646982776805,202,602.48
LiH_Reduced_8_Qubits,TwoLocal,1,COBYLA,bitflip,0.097,-1.0900919314191353,0.8334565199464482,177,555.5
LiH_Reduced_8_Qubits,TwoLocal,1,COBYLA,bitflip,0.096,-1.0900919314191353,0.8260395370521059,223,685.83
LiH_Reduced_8_Qubits,TwoLocal,1,COBYLA,bitflip,0.099,-1.0900919314191353,0.8714544753396756,188,564.65
LiH_Reduced_8_Qubits,TwoLocal,1,COBYLA,bitflip,0.098,-1.0900919314191353,0.8656223618083158,192,589.27
LiH_Reduced_8_Qubits,TwoLocal,1,COBYLA,bitflip,0.1,-1.0900919314191353,0.8504310088447611,198,588.28
LiH_Reduced_8_Qubits,TwoLocal,1,SPSA,noiseless,0.0,-1.0900919314191353,-0.8271787065945454,500,1354.43
LiH_Reduced_8_Qubits,TwoLocal,1,SPSA,depolarizing,0.001,-1.0900919314191353,-0.8249262914760447,500,1719.31
LiH_Reduced_8_Qubits,TwoLocal,1,SPSA,depolarizing,0.003,-1.0900919314191353,-0.65635488035563,500,1713.56
LiH_Reduced_8_Qubits,TwoLocal,1,SPSA,depolarizing,0.002,-1.0900919314191353,-0.9793036903907778,500,1780.76
LiH_Reduced_8_Qubits,TwoLocal,1,SPSA,depolarizing,0.005,-1.0900919314191353,-0.5475577952325759,500,1761.0
LiH_Reduced_8_Qubits,TwoLocal,1,SPSA,depolarizing,0.004,-1.0900919314191353,-0.776043504759996,500,1779.72
LiH_Reduced_8_Qubits,TwoLocal,1,SPSA,depolarizing,0.006,-1.0900919314191353,-0.7806299016427545,500,1725.44
LiH_Reduced_8_Qubits,TwoLocal,1,SPSA,depolarizing,0.007,-1.0900919314191353,-0.8030411307102077,500,1751.58
LiH_Reduced_8_Qubits,TwoLocal,1,SPSA,depolarizing,0.008,-1.0900919314191353,-0.7524394756641979,500,1695.14
LiH_Reduced_8_Qubits,TwoLocal,1,SPSA,depolarizing,0.009000000000000001,-1.0900919314191353,-0.6944118354162617,500,1950.37
LiH_Reduced_8_Qubits,TwoLocal,1,SPSA,depolarizing,0.01,-1.0900919314191353,-0.6607695493743188,500,1711.26
LiH_Reduced_8_Qubits,TwoLocal,1,SPSA,depolarizing,0.011,-1.0900919314191353,-0.4140555647420721,500,1772.35
LiH_Reduced_8_Qubits,TwoLocal,1,SPSA,depolarizing,0.012,-1.0900919314191353,-0.6518750151871887,500,1806.24
LiH_Reduced_8_Qubits,TwoLocal,1,SPSA,depolarizing,0.015,-1.0900919314191353,-0.40002031228823465,500,1754.75
LiH_Reduced_8_Qubits,TwoLocal,1,SPSA,depolarizing,0.014,-1.0900919314191353,-0.59857679796151,500,1809.65
LiH_Reduced_8_Qubits,TwoLocal,1,SPSA,depolarizing,0.016,-1.0900919314191353,-0.5925601071044183,500,1819.06
LiH_Reduced_8_Qubits,TwoLocal,1,SPSA,depolarizing,0.013000000000000001,-1.0900919314191353,-0.6285101883637305,500,1865.96
LiH_Reduced_8_Qubits,TwoLocal,1,SPSA,depolarizing,0.017,-1.0900919314191353,-0.6837105843541128,500,1786.4
LiH_Reduced_8_Qubits,TwoLocal,1,SPSA,depolarizing,0.018000000000000002,-1.0900919314191353,-0.5408172726270579,500,1856.21
LiH_Reduced_8_Qubits,TwoLocal,1,SPSA,depolarizing,0.019,-1.0900919314191353,-0.5290233775298717,500,1708.26
LiH_Reduced_8_Qubits,TwoLocal,1,SPSA,depolarizing,0.02,-1.0900919314191353,-0.5529631112278401,500,1765.43
LiH_Reduced_8_Qubits,TwoLocal,1,SPSA,depolarizing,0.021,-1.0900919314191353,0.047499310114228754,500,1805.29
LiH_Reduced_8_Qubits,TwoLocal,1,SPSA,depolarizing,0.022,-1.0900919314191353,-0.5145375832389532,500,1787.21
LiH_Reduced_8_Qubits,TwoLocal,1,SPSA,depolarizing,0.023,-1.0900919314191353,-0.20180565380614185,500,1820.22
LiH_Reduced_8_Qubits,TwoLocal,1,SPSA,depolarizing,0.025,-1.0900919314191353,-0.4771348203227383,500,1801.62
LiH_Reduced_8_Qubits,TwoLocal,1,SPSA,depolarizing,0.024,-1.0900919314191353,-0.16892256192875832,500,1807.66
LiH_Reduced_8_Qubits,TwoLocal,1,SPSA,depolarizing,0.026000000000000002,-1.0900919314191353,-0.20305580991465477,500,1803.5
LiH_Reduced_8_Qubits,TwoLocal,1,SPSA,depolarizing,0.028,-1.0900919314191353,-0.35158551187072506,500,1782.69
LiH_Reduced_8_Qubits,TwoLocal,1,SPSA,depolarizing,0.027,-1.0900919314191353,-0.4493078816870117,500,1880.48
LiH_Reduced_8_Qubits,TwoLocal,1,SPSA,depolarizing,0.029,-1.0900919314191353,-0.3735118046266143,500,1791.79
LiH_Reduced_8_Qubits,TwoLocal,1,SPSA,depolarizing,0.03,-1.0900919314191353,-0.11628902041864553,500,1820.46
LiH_Reduced_8_Qubits,TwoLocal,1,SPSA,depolarizing,0.031,-1.0900919314191353,-0.2322222730540222,500,1779.66
LiH_Reduced_8_Qubits,TwoLocal,1,SPSA,depolarizing,0.035,-1.0900919314191353,-0.2973282953323539,500,1744.34
LiH_Reduced_8_Qubits,TwoLocal,1,SPSA,depolarizing,0.032,-1.0900919314191353,-0.31219882233336776,500,1840.71
LiH_Reduced_8_Qubits,TwoLocal,1,SPSA,depolarizing,0.033,-1.0900919314191353,-0.2916193480355641,500,1863.64
LiH_Reduced_8_Qubits,TwoLocal,1,SPSA,depolarizing,0.034,-1.0900919314191353,-0.2983373805904109,500,1869.04
LiH_Reduced_8_Qubits,TwoLocal,1,SPSA,depolarizing,0.036000000000000004,-1.0900919314191353,-0.0942071847363441,500,1772.74
LiH_Reduced_8_Qubits,TwoLocal,1,SPSA,depolarizing,0.037,-1.0900919314191353,-0.2752258457951229,500,1833.29
LiH_Reduced_8_Qubits,TwoLocal,1,SPSA,depolarizing,0.038,-1.0900919314191353,-0.0836240098601696,500,1746.12
LiH_Reduced_8_Qubits,TwoLocal,1,SPSA,depolarizing,0.039,-1.0900919314191353,-0.2286898851335557,500,1791.95
LiH_Reduced_8_Qubits,TwoLocal,1,SPSA,depolarizing,0.04,-1.0900919314191353,-0.04371103688622224,500,1742.76
LiH_Reduced_8_Qubits,TwoLocal,1,SPSA,depolarizing,0.041,-1.0900919314191353,0.018087717918320256,500,1783.2
LiH_Reduced_8_Qubits,TwoLocal,1,SPSA,depolarizing,0.042,-1.0900919314191353,-0.20938052945527805,500,1838.96
LiH_Reduced_8_Qubits,TwoLocal,1,SPSA,depolarizing,0.044,-1.0900919314191353,-0.13334662060670993,500,1843.41
LiH_Reduced_8_Qubits,TwoLocal,1,SPSA,depolarizing,0.043000000000000003,-1.0900919314191353,-0.1633487544928872,500,1856.48
LiH_Reduced_8_Qubits,TwoLocal,1,SPSA,depolarizing,0.045,-1.0900919314191353,-0.008414247180744794,500,1798.75
LiH_Reduced_8_Qubits,TwoLocal,1,SPSA,depolarizing,0.047,-1.0900919314191353,-0.08488262143406539,500,1818.43
LiH_Reduced_8_Qubits,TwoLocal,1,SPSA,depolarizing,0.046,-1.0900919314191353,0.022147624263244348,500,1875.53
LiH_Reduced_8_Qubits,TwoLocal,1,SPSA,depolarizing,0.049,-1.0900919314191353,-0.07714742596702562,500,1733.98
LiH_Reduced_8_Qubits,TwoLocal,1,SPSA,depolarizing,0.048,-1.0900919314191353,0.004438181536055241,500,1793.1
LiH_Reduced_8_Qubits,TwoLocal,1,SPSA,depolarizing,0.05,-1.0900919314191353,0.09788876378674377,500,1753.51
LiH_Reduced_8_Qubits,TwoLocal,1,SPSA,depolarizing,0.051000000000000004,-1.0900919314191353,-0.05475709239394283,500,1822.5
LiH_Reduced_8_Qubits,TwoLocal,1,SPSA,depolarizing,0.053,-1.0900919314191353,0.01593950037466768,500,1843.42
LiH_Reduced_8_Qubits,TwoLocal,1,SPSA,depolarizing,0.052000000000000005,-1.0900919314191353,-0.04660501465780109,500,1873.65
LiH_Reduced_8_Qubits,TwoLocal,1,SPSA,depolarizing,0.054,-1.0900919314191353,0.06554539768464734,500,1825.18
LiH_Reduced_8_Qubits,TwoLocal,1,SPSA,depolarizing,0.055,-1.0900919314191353,0.05479058144426935,500,1728.02
LiH_Reduced_8_Qubits,TwoLocal,1,SPSA,depolarizing,0.056,-1.0900919314191353,0.09121458877469174,500,1798.23
LiH_Reduced_8_Qubits,TwoLocal,1,SPSA,depolarizing,0.057,-1.0900919314191353,0.08006725916507068,500,1758.01
LiH_Reduced_8_Qubits,TwoLocal,1,SPSA,depolarizing,0.058,-1.0900919314191353,0.015807568108640924,500,1843.34
LiH_Reduced_8_Qubits,TwoLocal,1,SPSA,depolarizing,0.059000000000000004,-1.0900919314191353,0.011413776253651364,500,1762.51
LiH_Reduced_8_Qubits,TwoLocal,1,SPSA,depolarizing,0.06,-1.0900919314191353,0.021326920437555408,500,1898.89
LiH_Reduced_8_Qubits,TwoLocal,1,SPSA,depolarizing,0.061,-1.0900919314191353,0.13485208703172563,500,1825.17
LiH_Reduced_8_Qubits,TwoLocal,1,SPSA,depolarizing,0.062,-1.0900919314191353,0.14853297043034092,500,1850.99
LiH_Reduced_8_Qubits,TwoLocal,1,SPSA,depolarizing,0.063,-1.0900919314191353,0.0867773383871483,500,1793.41
LiH_Reduced_8_Qubits,TwoLocal,1,SPSA,depolarizing,0.064,-1.0900919314191353,0.13333598627654858,500,1789.92
LiH_Reduced_8_Qubits,TwoLocal,1,SPSA,depolarizing,0.065,-1.0900919314191353,0.13162171454903693,500,1818.89
LiH_Reduced_8_Qubits,TwoLocal,1,SPSA,depolarizing,0.066,-1.0900919314191353,0.14057993603297003,500,1789.12
LiH_Reduced_8_Qubits,TwoLocal,1,SPSA,depolarizing,0.067,-1.0900919314191353,0.19372260488069015,500,1792.75
LiH_Reduced_8_Qubits,TwoLocal,1,SPSA,depolarizing,0.068,-1.0900919314191353,0.14393094195890016,500,1779.6
LiH_Reduced_8_Qubits,TwoLocal,1,SPSA,depolarizing,0.07,-1.0900919314191353,0.15713813277628652,500,1806.87
LiH_Reduced_8_Qubits,TwoLocal,1,SPSA,depolarizing,0.07100000000000001,-1.0900919314191353,0.17032167875477705,500,1854.56
LiH_Reduced_8_Qubits,TwoLocal,1,SPSA,depolarizing,0.069,-1.0900919314191353,0.20684076830478504,500,1976.59
LiH_Reduced_8_Qubits,TwoLocal,1,SPSA,depolarizing,0.07200000000000001,-1.0900919314191353,0.17283360943054538,500,1752.98
LiH_Reduced_8_Qubits,TwoLocal,1,SPSA,depolarizing,0.073,-1.0900919314191353,0.1767769425143399,500,1832.8
LiH_Reduced_8_Qubits,TwoLocal,1,SPSA,depolarizing,0.075,-1.0900919314191353,0.29853492662866155,500,1768.0
LiH_Reduced_8_Qubits,TwoLocal,1,SPSA,depolarizing,0.074,-1.0900919314191353,0.16036805079623323,500,1806.94
LiH_Reduced_8_Qubits,TwoLocal,1,SPSA,depolarizing,0.076,-1.0900919314191353,0.2580435980411354,500,1810.23
LiH_Reduced_8_Qubits,TwoLocal,1,SPSA,depolarizing,0.077,-1.0900919314191353,0.2559986315210154,500,1800.63
LiH_Reduced_8_Qubits,TwoLocal,1,SPSA,depolarizing,0.078,-1.0900919314191353,0.34379932076049896,500,1769.93
LiH_Reduced_8_Qubits,TwoLocal,1,SPSA,depolarizing,0.079,-1.0900919314191353,0.27318536195131193,500,1827.53
LiH_Reduced_8_Qubits,TwoLocal,1,SPSA,depolarizing,0.08,-1.0900919314191353,0.2749161144065023,500,1874.97
LiH_Reduced_8_Qubits,TwoLocal,1,SPSA,depolarizing,0.081,-1.0900919314191353,0.28599684777113155,500,1790.17
LiH_Reduced_8_Qubits,TwoLocal,1,SPSA,depolarizing,0.082,-1.0900919314191353,0.24902473507344175,500,1803.11
LiH_Reduced_8_Qubits,TwoLocal,1,SPSA,depolarizing,0.083,-1.0900919314191353,0.26003214354706583,500,1763.42
LiH_Reduced_8_Qubits,TwoLocal,1,SPSA,depolarizing,0.084,-1.0900919314191353,0.28913876504507163,500,1787.84
LiH_Reduced_8_Qubits,TwoLocal,1,SPSA,depolarizing,0.085,-1.0900919314191353,0.4138643640047615,500,1846.03
LiH_Reduced_8_Qubits,TwoLocal,1,SPSA,depolarizing,0.08600000000000001,-1.0900919314191353,0.35103856771298325,500,1842.64
LiH_Reduced_8_Qubits,TwoLocal,1,SPSA,depolarizing,0.08700000000000001,-1.0900919314191353,0.3721834650245882,500,1781.83
LiH_Reduced_8_Qubits,TwoLocal,1,SPSA,depolarizing,0.088,-1.0900919314191353,0.33907249752872726,500,1786.04
LiH_Reduced_8_Qubits,TwoLocal,1,SPSA,depolarizing,0.089,-1.0900919314191353,0.34534456845978434,500,1850.92
LiH_Reduced_8_Qubits,TwoLocal,1,SPSA,depolarizing,0.09,-1.0900919314191353,0.3971444144510698,500,1853.51
LiH_Reduced_8_Qubits,TwoLocal,1,SPSA,depolarizing,0.091,-1.0900919314191353,0.442886051954705,500,1874.5
LiH_Reduced_8_Qubits,TwoLocal,1,SPSA,depolarizing,0.092,-1.0900919314191353,0.3441599354200998,500,1828.07
LiH_Reduced_8_Qubits,TwoLocal,1,SPSA,depolarizing,0.093,-1.0900919314191353,0.34167983456567425,500,1937.56
LiH_Reduced_8_Qubits,TwoLocal,1,SPSA,depolarizing,0.094,-1.0900919314191353,0.38301251941709435,500,1876.71
LiH_Reduced_8_Qubits,TwoLocal,1,SPSA,depolarizing,0.095,-1.0900919314191353,0.38713265126292506,500,1845.04
LiH_Reduced_8_Qubits,TwoLocal,1,SPSA,depolarizing,0.096,-1.0900919314191353,0.37397972565390913,500,1711.93
LiH_Reduced_8_Qubits,TwoLocal,1,SPSA,depolarizing,0.097,-1.0900919314191353,0.4093747526765351,500,1723.6
LiH_Reduced_8_Qubits,TwoLocal,1,SPSA,depolarizing,0.098,-1.0900919314191353,0.4009320146935513,500,1901.31
LiH_Reduced_8_Qubits,TwoLocal,1,SPSA,depolarizing,0.099,-1.0900919314191353,0.4243497409292497,500,1827.78
LiH_Reduced_8_Qubits,TwoLocal,1,SPSA,depolarizing,0.1,-1.0900919314191353,0.3984750331728383,500,1857.62
LiH_Reduced_8_Qubits,TwoLocal,1,SPSA,bitflip,0.001,-1.0900919314191353,-0.2114605106486847,500,1844.89
LiH_Reduced_8_Qubits,TwoLocal,1,SPSA,bitflip,0.002,-1.0900919314191353,-0.9555852210518996,500,1838.99
LiH_Reduced_8_Qubits,TwoLocal,1,SPSA,bitflip,0.003,-1.0900919314191353,-0.3495312740007499,500,1748.11
LiH_Reduced_8_Qubits,TwoLocal,1,SPSA,bitflip,0.004,-1.0900919314191353,-0.2426885020318067,500,1862.36
LiH_Reduced_8_Qubits,TwoLocal,1,SPSA,bitflip,0.005,-1.0900919314191353,-0.46979546242192244,500,1756.97
LiH_Reduced_8_Qubits,TwoLocal,1,SPSA,bitflip,0.006,-1.0900919314191353,-0.5984581178857644,500,1729.91
LiH_Reduced_8_Qubits,TwoLocal,1,SPSA,bitflip,0.007,-1.0900919314191353,-0.6536469920215665,500,1864.63
LiH_Reduced_8_Qubits,TwoLocal,1,SPSA,bitflip,0.008,-1.0900919314191353,-0.2620425805943836,500,1761.77
LiH_Reduced_8_Qubits,TwoLocal,1,SPSA,bitflip,0.009000000000000001,-1.0900919314191353,-0.5773696769618915,500,1785.41
LiH_Reduced_8_Qubits,TwoLocal,1,SPSA,bitflip,0.01,-1.0900919314191353,-0.20776774198104148,500,1864.96
LiH_Reduced_8_Qubits,TwoLocal,1,SPSA,bitflip,0.012,-1.0900919314191353,-0.5661078844169899,500,1721.58
LiH_Reduced_8_Qubits,TwoLocal,1,SPSA,bitflip,0.011,-1.0900919314191353,-0.5027232113007912,500,1935.18
LiH_Reduced_8_Qubits,TwoLocal,1,SPSA,bitflip,0.013000000000000001,-1.0900919314191353,-0.4529125633403207,500,1869.74
LiH_Reduced_8_Qubits,TwoLocal,1,SPSA,bitflip,0.015,-1.0900919314191353,-0.32934192414807517,500,1736.17
LiH_Reduced_8_Qubits,TwoLocal,1,SPSA,bitflip,0.014,-1.0900919314191353,-0.18869774648918453,500,1923.62
LiH_Reduced_8_Qubits,TwoLocal,1,SPSA,bitflip,0.016,-1.0900919314191353,-0.13769703253543336,500,1878.03
LiH_Reduced_8_Qubits,TwoLocal,1,SPSA,bitflip,0.017,-1.0900919314191353,-0.3392423340898152,500,1801.19
LiH_Reduced_8_Qubits,TwoLocal,1,SPSA,bitflip,0.018000000000000002,-1.0900919314191353,-0.05422084821794532,500,1800.35
LiH_Reduced_8_Qubits,TwoLocal,1,SPSA,bitflip,0.019,-1.0900919314191353,-0.04178366156725155,500,1777.85
LiH_Reduced_8_Qubits,TwoLocal,1,SPSA,bitflip,0.02,-1.0900919314191353,-0.05698020964671019,500,1811.03
LiH_Reduced_8_Qubits,TwoLocal,1,SPSA,bitflip,0.023,-1.0900919314191353,-0.1902045365257745,500,1746.87
LiH_Reduced_8_Qubits,TwoLocal,1,SPSA,bitflip,0.021,-1.0900919314191353,-0.04816890869854956,500,1905.49
LiH_Reduced_8_Qubits,TwoLocal,1,SPSA,bitflip,0.022,-1.0900919314191353,-0.02693634956353952,500,1809.29
LiH_Reduced_8_Qubits,TwoLocal,1,SPSA,bitflip,0.024,-1.0900919314191353,-0.1669210592608996,500,1929.31
LiH_Reduced_8_Qubits,TwoLocal,1,SPSA,bitflip,0.025,-1.0900919314191353,0.02429521854509531,500,1919.72
LiH_Reduced_8_Qubits,TwoLocal,1,SPSA,bitflip,0.026000000000000002,-1.0900919314191353,-0.06807590443512873,500,1724.74
LiH_Reduced_8_Qubits,TwoLocal,1,SPSA,bitflip,0.027,-1.0900919314191353,-0.0399610672770776,500,1827.19
LiH_Reduced_8_Qubits,TwoLocal,1,SPSA,bitflip,0.028,-1.0900919314191353,0.07735442471035142,500,1769.52
LiH_Reduced_8_Qubits,TwoLocal,1,SPSA,bitflip,0.029,-1.0900919314191353,0.08805321597906274,500,1806.25
LiH_Reduced_8_Qubits,TwoLocal,1,SPSA,bitflip,0.032,-1.0900919314191353,0.13151905387613788,500,1858.21
LiH_Reduced_8_Qubits,TwoLocal,1,SPSA,bitflip,0.03,-1.0900919314191353,0.04156568651192327,500,1923.73
LiH_Reduced_8_Qubits,TwoLocal,1,SPSA,bitflip,0.031,-1.0900919314191353,0.042727290718454325,500,1918.01
LiH_Reduced_8_Qubits,TwoLocal,1,SPSA,bitflip,0.033,-1.0900919314191353,0.14946946216439716,500,1933.18
LiH_Reduced_8_Qubits,TwoLocal,1,SPSA,bitflip,0.034,-1.0900919314191353,0.15451689974420818,500,1912.39
LiH_Reduced_8_Qubits,TwoLocal,1,SPSA,bitflip,0.035,-1.0900919314191353,0.15704424995308053,500,1780.74
LiH_Reduced_8_Qubits,TwoLocal,1,SPSA,bitflip,0.036000000000000004,-1.0900919314191353,0.21128307002581903,500,1777.16
LiH_Reduced_8_Qubits,TwoLocal,1,SPSA,bitflip,0.037,-1.0900919314191353,0.21169118323704683,500,1794.08
LiH_Reduced_8_Qubits,TwoLocal,1,SPSA,bitflip,0.038,-1.0900919314191353,0.22804669183103832,500,1730.67
LiH_Reduced_8_Qubits,TwoLocal,1,SPSA,bitflip,0.039,-1.0900919314191353,0.2418490306035293,500,1793.57
LiH_Reduced_8_Qubits,TwoLocal,1,SPSA,bitflip,0.041,-1.0900919314191353,0.29937462989338726,500,1878.78
LiH_Reduced_8_Qubits,TwoLocal,1,SPSA,bitflip,0.04,-1.0900919314191353,0.25441523053108084,500,1915.73
LiH_Reduced_8_Qubits,TwoLocal,1,SPSA,bitflip,0.042,-1.0900919314191353,0.27815974406232163,500,1910.72
LiH_Reduced_8_Qubits,TwoLocal,1,SPSA,bitflip,0.043000000000000003,-1.0900919314191353,0.29444568935179133,500,1929.71
LiH_Reduced_8_Qubits,TwoLocal,1,SPSA,bitflip,0.044,-1.0900919314191353,0.30690407890954197,500,1828.6
LiH_Reduced_8_Qubits,TwoLocal,1,SPSA,bitflip,0.045,-1.0900919314191353,0.3275863389592534,500,1780.71
LiH_Reduced_8_Qubits,TwoLocal,1,SPSA,bitflip,0.047,-1.0900919314191353,0.3480197850260439,500,1735.05
LiH_Reduced_8_Qubits,TwoLocal,1,SPSA,bitflip,0.046,-1.0900919314191353,0.3501770214990275,500,1804.39
LiH_Reduced_8_Qubits,TwoLocal,1,SPSA,bitflip,0.048,-1.0900919314191353,0.40518518703105266,500,1775.6
LiH_Reduced_8_Qubits,TwoLocal,1,SPSA,bitflip,0.049,-1.0900919314191353,0.3909389011667085,500,1881.63
LiH_Reduced_8_Qubits,TwoLocal,1,SPSA,bitflip,0.05,-1.0900919314191353,0.3941845777632357,500,1974.7
LiH_Reduced_8_Qubits,TwoLocal,1,SPSA,bitflip,0.051000000000000004,-1.0900919314191353,0.4082795774945672,500,1941.54
LiH_Reduced_8_Qubits,TwoLocal,1,SPSA,bitflip,0.052000000000000005,-1.0900919314191353,0.4686576987386485,500,1817.23
LiH_Reduced_8_Qubits,TwoLocal,1,SPSA,bitflip,0.053,-1.0900919314191353,0.47399744698591606,500,1830.23
LiH_Reduced_8_Qubits,TwoLocal,1,SPSA,bitflip,0.054,-1.0900919314191353,0.4714228338531919,500,1823.85
LiH_Reduced_8_Qubits,TwoLocal,1,SPSA,bitflip,0.055,-1.0900919314191353,0.4739946770998289,500,1817.59
LiH_Reduced_8_Qubits,TwoLocal,1,SPSA,bitflip,0.056,-1.0900919314191353,0.5050268211229159,500,1857.33
LiH_Reduced_8_Qubits,TwoLocal,1,SPSA,bitflip,0.057,-1.0900919314191353,0.5209942963568711,500,1791.57
LiH_Reduced_8_Qubits,TwoLocal,1,SPSA,bitflip,0.058,-1.0900919314191353,0.5123237509403622,500,1908.41
LiH_Reduced_8_Qubits,TwoLocal,1,SPSA,bitflip,0.059000000000000004,-1.0900919314191353,0.5104693787910277,500,1932.56
LiH_Reduced_8_Qubits,TwoLocal,1,SPSA,bitflip,0.06,-1.0900919314191353,0.5650275517982302,500,2020.22
LiH_Reduced_8_Qubits,TwoLocal,1,SPSA,bitflip,0.061,-1.0900919314191353,0.5427382968432817,500,1786.4
LiH_Reduced_8_Qubits,TwoLocal,1,SPSA,bitflip,0.062,-1.0900919314191353,0.5753158424865026,500,1718.38
LiH_Reduced_8_Qubits,TwoLocal,1,SPSA,bitflip,0.063,-1.0900919314191353,0.5520095889761469,500,1778.65
LiH_Reduced_8_Qubits,TwoLocal,1,SPSA,bitflip,0.065,-1.0900919314191353,0.5946538634977757,500,1734.48
LiH_Reduced_8_Qubits,TwoLocal,1,SPSA,bitflip,0.064,-1.0900919314191353,0.6137642931324998,500,1879.3
LiH_Reduced_8_Qubits,TwoLocal,1,SPSA,bitflip,0.066,-1.0900919314191353,0.5951191957218185,500,1740.06
LiH_Reduced_8_Qubits,TwoLocal,1,SPSA,bitflip,0.067,-1.0900919314191353,0.5997495643569831,500,1863.84
LiH_Reduced_8_Qubits,TwoLocal,1,SPSA,bitflip,0.068,-1.0900919314191353,0.6552263377006777,500,1945.73
LiH_Reduced_8_Qubits,TwoLocal,1,SPSA,bitflip,0.069,-1.0900919314191353,0.6244295267154221,500,1927.64
LiH_Reduced_8_Qubits,TwoLocal,1,SPSA,bitflip,0.07100000000000001,-1.0900919314191353,0.6429493690594374,500,1713.21
LiH_Reduced_8_Qubits,TwoLocal,1,SPSA,bitflip,0.07,-1.0900919314191353,0.6545691786924951,500,1820.14
LiH_Reduced_8_Qubits,TwoLocal,1,SPSA,bitflip,0.07200000000000001,-1.0900919314191353,0.6467812685932495,500,1786.95
LiH_Reduced_8_Qubits,TwoLocal,1,SPSA,bitflip,0.073,-1.0900919314191353,0.6853082126753987,500,1767.12
LiH_Reduced_8_Qubits,TwoLocal,1,SPSA,bitflip,0.074,-1.0900919314191353,0.7020070586186496,500,1806.85
LiH_Reduced_8_Qubits,TwoLocal,1,SPSA,bitflip,0.075,-1.0900919314191353,0.6982148625170664,500,1791.48
LiH_Reduced_8_Qubits,TwoLocal,1,SPSA,bitflip,0.076,-1.0900919314191353,0.6939567350862392,500,1853.19
LiH_Reduced_8_Qubits,TwoLocal,1,SPSA,bitflip,0.077,-1.0900919314191353,0.7038311760114385,500,1924.18
LiH_Reduced_8_Qubits,TwoLocal,1,SPSA,bitflip,0.079,-1.0900919314191353,0.7241749766792958,500,1730.29
LiH_Reduced_8_Qubits,TwoLocal,1,SPSA,bitflip,0.08,-1.0900919314191353,0.7194085385033248,500,1864.89
LiH_Reduced_8_Qubits,TwoLocal,1,SPSA,bitflip,0.078,-1.0900919314191353,0.7214074358558238,500,2054.07
LiH_Reduced_8_Qubits,TwoLocal,1,SPSA,bitflip,0.081,-1.0900919314191353,0.7182004674847509,500,1735.18
LiH_Reduced_8_Qubits,TwoLocal,1,SPSA,bitflip,0.082,-1.0900919314191353,0.7489285479608262,500,1782.64
LiH_Reduced_8_Qubits,TwoLocal,1,SPSA,bitflip,0.083,-1.0900919314191353,0.7468698270749591,500,1890.15
LiH_Reduced_8_Qubits,TwoLocal,1,SPSA,bitflip,0.084,-1.0900919314191353,0.7802895107308242,500,1850.29
LiH_Reduced_8_Qubits,TwoLocal,1,SPSA,bitflip,0.085,-1.0900919314191353,0.76545849505684,500,1864.81
LiH_Reduced_8_Qubits,TwoLocal,1,SPSA,bitflip,0.08700000000000001,-1.0900919314191353,0.8065258691299133,500,1730.02
LiH_Reduced_8_Qubits,TwoLocal,1,SPSA,bitflip,0.08600000000000001,-1.0900919314191353,0.7732632291107908,500,1975.38
LiH_Reduced_8_Qubits,TwoLocal,1,SPSA,bitflip,0.088,-1.0900919314191353,0.7845602341690476,500,1927.59
LiH_Reduced_8_Qubits,TwoLocal,1,SPSA,bitflip,0.09,-1.0900919314191353,0.7940623410671169,500,1731.82
LiH_Reduced_8_Qubits,TwoLocal,1,SPSA,bitflip,0.091,-1.0900919314191353,0.7998598560668397,500,1732.92
LiH_Reduced_8_Qubits,TwoLocal,1,SPSA,bitflip,0.089,-1.0900919314191353,0.8037465841726851,500,2031.62
LiH_Reduced_8_Qubits,TwoLocal,1,SPSA,bitflip,0.092,-1.0900919314191353,0.8004587323945633,500,1835.12
LiH_Reduced_8_Qubits,TwoLocal,1,SPSA,bitflip,0.093,-1.0900919314191353,0.8267893148712246,500,1770.74
LiH_Reduced_8_Qubits,TwoLocal,1,SPSA,bitflip,0.094,-1.0900919314191353,0.8324218043620554,500,1784.0
LiH_Reduced_8_Qubits,TwoLocal,1,SPSA,bitflip,0.095,-1.0900919314191353,0.8411994044533295,500,1756.85
LiH_Reduced_8_Qubits,EfficientSU2,1,COBYLA,depolarizing,0.001,-1.0900919314191353,-0.7754202790594311,406,971.41
LiH_Reduced_8_Qubits,EfficientSU2,1,COBYLA,noiseless,0.0,-1.0900919314191353,-0.9868022340307211,485,1125.44
LiH_Reduced_8_Qubits,TwoLocal,1,SPSA,bitflip,0.096,-1.0900919314191353,0.8481023893657696,500,1959.88
LiH_Reduced_8_Qubits,TwoLocal,1,SPSA,bitflip,0.098,-1.0900919314191353,0.828997032454325,500,1756.12
LiH_Reduced_8_Qubits,TwoLocal,1,SPSA,bitflip,0.099,-1.0900919314191353,0.883575626833357,500,1740.49
LiH_Reduced_8_Qubits,TwoLocal,1,SPSA,bitflip,0.097,-1.0900919314191353,0.8442101445989914,500,1951.11
LiH_Reduced_8_Qubits,EfficientSU2,1,COBYLA,depolarizing,0.003,-1.0900919314191353,-0.9982960419474787,384,868.69
LiH_Reduced_8_Qubits,TwoLocal,1,SPSA,bitflip,0.1,-1.0900919314191353,0.8714838774549363,500,2021.27
LiH_Reduced_8_Qubits,EfficientSU2,1,COBYLA,depolarizing,0.002,-1.0900919314191353,-0.8829975009930562,462,1095.27
LiH_Reduced_8_Qubits,EfficientSU2,1,COBYLA,depolarizing,0.004,-1.0900919314191353,-0.8220068879410046,412,911.89
LiH_Reduced_8_Qubits,EfficientSU2,1,COBYLA,depolarizing,0.006,-1.0900919314191353,-0.8286534057826318,364,862.98
LiH_Reduced_8_Qubits,EfficientSU2,1,COBYLA,depolarizing,0.007,-1.0900919314191353,-0.4741291266853814,361,825.78
LiH_Reduced_8_Qubits,EfficientSU2,1,COBYLA,depolarizing,0.005,-1.0900919314191353,-0.6976257975560198,498,1125.45
LiH_Reduced_8_Qubits,EfficientSU2,1,COBYLA,depolarizing,0.008,-1.0900919314191353,-0.8176801433411807,426,950.23
LiH_Reduced_8_Qubits,EfficientSU2,1,COBYLA,depolarizing,0.009000000000000001,-1.0900919314191353,-0.525501525011335,353,926.67
LiH_Reduced_8_Qubits,EfficientSU2,1,COBYLA,depolarizing,0.01,-1.0900919314191353,-0.6338194952928997,466,1039.3
LiH_Reduced_8_Qubits,EfficientSU2,1,COBYLA,depolarizing,0.012,-1.0900919314191353,-0.8156898130928879,500,1142.41
LiH_Reduced_8_Qubits,EfficientSU2,1,COBYLA,depolarizing,0.011,-1.0900919314191353,-0.8479056578534749,463,1218.6
LiH_Reduced_8_Qubits,EfficientSU2,1,COBYLA,depolarizing,0.015,-1.0900919314191353,-0.729553284325073,407,908.66
LiH_Reduced_8_Qubits,EfficientSU2,1,COBYLA,depolarizing,0.013000000000000001,-1.0900919314191353,-0.6885682841841299,493,1076.07
LiH_Reduced_8_Qubits,EfficientSU2,1,COBYLA,depolarizing,0.016,-1.0900919314191353,-0.6886100566780933,393,894.39
LiH_Reduced_8_Qubits,EfficientSU2,1,COBYLA,depolarizing,0.014,-1.0900919314191353,-0.5648507276555862,423,989.23
LiH_Reduced_8_Qubits,EfficientSU2,1,COBYLA,depolarizing,0.017,-1.0900919314191353,-0.7024545238337626,451,1010.64
LiH_Reduced_8_Qubits,EfficientSU2,1,COBYLA,depolarizing,0.018000000000000002,-1.0900919314191353,-0.6108773515124809,452,1178.41
LiH_Reduced_8_Qubits,EfficientSU2,1,COBYLA,depolarizing,0.019,-1.0900919314191353,-0.6544904493208303,404,905.72
LiH_Reduced_8_Qubits,EfficientSU2,1,COBYLA,depolarizing,0.02,-1.0900919314191353,-0.6124665780820857,449,1015.88
LiH_Reduced_8_Qubits,EfficientSU2,1,COBYLA,depolarizing,0.024,-1.0900919314191353,-0.29412503174116444,378,869.38
LiH_Reduced_8_Qubits,EfficientSU2,1,COBYLA,depolarizing,0.021,-1.0900919314191353,-0.480310194336236,400,1025.1
LiH_Reduced_8_Qubits,EfficientSU2,1,COBYLA,depolarizing,0.022,-1.0900919314191353,-0.26649590226362807,422,957.73
LiH_Reduced_8_Qubits,EfficientSU2,1,COBYLA,depolarizing,0.023,-1.0900919314191353,-0.6221793193529681,500,1110.49
LiH_Reduced_8_Qubits,EfficientSU2,1,COBYLA,depolarizing,0.025,-1.0900919314191353,-0.7955158071384496,500,1157.78
LiH_Reduced_8_Qubits,EfficientSU2,1,COBYLA,depolarizing,0.026000000000000002,-1.0900919314191353,-0.5335725031895672,417,920.54
LiH_Reduced_8_Qubits,EfficientSU2,1,COBYLA,depolarizing,0.028,-1.0900919314191353,-0.575805643296171,406,929.13
LiH_Reduced_8_Qubits,EfficientSU2,1,COBYLA,depolarizing,0.027,-1.0900919314191353,-0.5790289197667577,440,1136.66
LiH_Reduced_8_Qubits,EfficientSU2,1,COBYLA,depolarizing,0.03,-1.0900919314191353,-0.5427006317599848,385,896.5
LiH_Reduced_8_Qubits,EfficientSU2,1,COBYLA,depolarizing,0.029,-1.0900919314191353,-0.34758748111247373,440,987.31
LiH_Reduced_8_Qubits,EfficientSU2,1,COBYLA,depolarizing,0.032,-1.0900919314191353,-0.4467096789105317,462,1066.18
LiH_Reduced_8_Qubits,EfficientSU2,1,COBYLA,depolarizing,0.033,-1.0900919314191353,-0.5904283858127953,436,970.46
LiH_Reduced_8_Qubits,EfficientSU2,1,COBYLA,depolarizing,0.034,-1.0900919314191353,-0.437008680624168,387,897.46
LiH_Reduced_8_Qubits,EfficientSU2,1,COBYLA,depolarizing,0.031,-1.0900919314191353,-0.6358269398396542,459,1154.81
LiH_Reduced_8_Qubits,EfficientSU2,1,COBYLA,depolarizing,0.035,-1.0900919314191353,-0.4255256924819347,430,970.98
LiH_Reduced_8_Qubits,EfficientSU2,1,COBYLA,depolarizing,0.036000000000000004,-1.0900919314191353,-0.6175798205023211,366,833.55
LiH_Reduced_8_Qubits,EfficientSU2,1,COBYLA,depolarizing,0.038,-1.0900919314191353,-0.42433936462155664,355,832.34
LiH_Reduced_8_Qubits,EfficientSU2,1,COBYLA,depolarizing,0.037,-1.0900919314191353,-0.543975611118768,423,1065.99
LiH_Reduced_8_Qubits,EfficientSU2,1,COBYLA,depolarizing,0.039,-1.0900919314191353,-0.5263113387037608,500,1096.97
LiH_Reduced_8_Qubits,EfficientSU2,1,COBYLA,depolarizing,0.042,-1.0900919314191353,-0.36385986364745215,392,892.92
LiH_Reduced_8_Qubits,EfficientSU2,1,COBYLA,depolarizing,0.044,-1.0900919314191353,-0.2182212356745617,374,847.79
LiH_Reduced_8_Qubits,EfficientSU2,1,COBYLA,depolarizing,0.04,-1.0900919314191353,-0.2922041220569919,436,1012.92
LiH_Reduced_8_Qubits,EfficientSU2,1,COBYLA,depolarizing,0.043000000000000003,-1.0900919314191353,-0.394401837264098,451,1091.06
LiH_Reduced_8_Qubits,EfficientSU2,1,COBYLA,depolarizing,0.041,-1.0900919314191353,-0.5659147126108888,494,1108.69
LiH_Reduced_8_Qubits,EfficientSU2,1,COBYLA,depolarizing,0.045,-1.0900919314191353,-0.3340076661969635,428,989.81
LiH_Reduced_8_Qubits,EfficientSU2,1,COBYLA,depolarizing,0.046,-1.0900919314191353,-0.3631279713612222,422,995.13
LiH_Reduced_8_Qubits,EfficientSU2,1,COBYLA,depolarizing,0.048,-1.0900919314191353,-0.3946693166666553,371,827.09
LiH_Reduced_8_Qubits,EfficientSU2,1,COBYLA,depolarizing,0.047,-1.0900919314191353,-0.2813617270163467,437,1101.8
LiH_Reduced_8_Qubits,EfficientSU2,1,COBYLA,depolarizing,0.05,-1.0900919314191353,-0.4939946248230522,399,897.41
LiH_Reduced_8_Qubits,EfficientSU2,1,COBYLA,depolarizing,0.051000000000000004,-1.0900919314191353,-0.46216707989119543,452,1042.07
LiH_Reduced_8_Qubits,EfficientSU2,1,COBYLA,depolarizing,0.052000000000000005,-1.0900919314191353,-0.272107437548918,368,899.09
LiH_Reduced_8_Qubits,EfficientSU2,1,COBYLA,depolarizing,0.049,-1.0900919314191353,-0.3158953461825893,500,1135.09
LiH_Reduced_8_Qubits,EfficientSU2,1,COBYLA,depolarizing,0.053,-1.0900919314191353,-0.2399933871573059,419,941.09
LiH_Reduced_8_Qubits,EfficientSU2,1,COBYLA,depolarizing,0.054,-1.0900919314191353,-0.21643633341978025,398,927.16
LiH_Reduced_8_Qubits,EfficientSU2,1,COBYLA,depolarizing,0.055,-1.0900919314191353,-0.26370747471301215,391,925.94
LiH_Reduced_8_Qubits,EfficientSU2,1,COBYLA,depolarizing,0.056,-1.0900919314191353,-0.3589888492822162,438,972.8
LiH_Reduced_8_Qubits,EfficientSU2,1,COBYLA,depolarizing,0.058,-1.0900919314191353,-0.25302568994292995,416,928.69
LiH_Reduced_8_Qubits,EfficientSU2,1,COBYLA,depolarizing,0.061,-1.0900919314191353,-0.07595528217072989,347,796.07
LiH_Reduced_8_Qubits,EfficientSU2,1,COBYLA,depolarizing,0.057,-1.0900919314191353,-0.27279521686125596,434,1086.22
LiH_Reduced_8_Qubits,EfficientSU2,1,COBYLA,depolarizing,0.063,-1.0900919314191353,-0.11017325820568374,324,717.34
LiH_Reduced_8_Qubits,EfficientSU2,1,COBYLA,depolarizing,0.062,-1.0900919314191353,-0.20497086199571934,412,919.44
LiH_Reduced_8_Qubits,EfficientSU2,1,COBYLA,depolarizing,0.059000000000000004,-1.0900919314191353,-0.1688595115104006,424,989.57
LiH_Reduced_8_Qubits,EfficientSU2,1,COBYLA,depolarizing,0.06,-1.0900919314191353,-0.2857952586524486,397,980.19
LiH_Reduced_8_Qubits,EfficientSU2,1,COBYLA,depolarizing,0.064,-1.0900919314191353,-0.3262560130138116,423,993.15
LiH_Reduced_8_Qubits,EfficientSU2,1,COBYLA,depolarizing,0.066,-1.0900919314191353,-0.0660164953933115,326,731.92
LiH_Reduced_8_Qubits,EfficientSU2,1,COBYLA,depolarizing,0.065,-1.0900919314191353,-0.28089928890515437,399,908.54
LiH_Reduced_8_Qubits,EfficientSU2,1,COBYLA,depolarizing,0.067,-1.0900919314191353,-0.16771475613389822,417,948.83
LiH_Reduced_8_Qubits,EfficientSU2,1,COBYLA,depolarizing,0.069,-1.0900919314191353,-0.18292791651231696,378,851.51
LiH_Reduced_8_Qubits,EfficientSU2,1,COBYLA,depolarizing,0.07,-1.0900919314191353,-0.24561593837907744,408,913.07
LiH_Reduced_8_Qubits,EfficientSU2,1,COBYLA,depolarizing,0.07100000000000001,-1.0900919314191353,-0.14593031236715298,403,924.04
LiH_Reduced_8_Qubits,EfficientSU2,1,COBYLA,depolarizing,0.068,-1.0900919314191353,-0.3137558411526841,475,1183.81
LiH_Reduced_8_Qubits,EfficientSU2,1,COBYLA,depolarizing,0.07200000000000001,-1.0900919314191353,-0.2700207469334239,495,1229.98
LiH_Reduced_8_Qubits,EfficientSU2,1,COBYLA,depolarizing,0.075,-1.0900919314191353,-0.01976633432906949,351,788.53
LiH_Reduced_8_Qubits,EfficientSU2,1,COBYLA,depolarizing,0.074,-1.0900919314191353,-0.022067985098789322,401,911.56
LiH_Reduced_8_Qubits,EfficientSU2,1,COBYLA,depolarizing,0.073,-1.0900919314191353,-0.16362904779287252,458,1079.13
LiH_Reduced_8_Qubits,EfficientSU2,1,COBYLA,depolarizing,0.077,-1.0900919314191353,-0.016256437692703574,376,851.43
LiH_Reduced_8_Qubits,EfficientSU2,1,COBYLA,depolarizing,0.076,-1.0900919314191353,-0.17865278963344508,395,880.93
LiH_Reduced_8_Qubits,EfficientSU2,1,COBYLA,depolarizing,0.078,-1.0900919314191353,-0.22644081272059016,398,896.73
LiH_Reduced_8_Qubits,EfficientSU2,1,COBYLA,depolarizing,0.079,-1.0900919314191353,-0.047764132079862576,420,943.45
LiH_Reduced_8_Qubits,EfficientSU2,1,COBYLA,depolarizing,0.08,-1.0900919314191353,-0.054146342393311564,418,1022.6
LiH_Reduced_8_Qubits,EfficientSU2,1,COBYLA,depolarizing,0.081,-1.0900919314191353,-0.00605092063882301,408,994.04
LiH_Reduced_8_Qubits,EfficientSU2,1,COBYLA,depolarizing,0.083,-1.0900919314191353,-0.007168299137423395,381,858.66
LiH_Reduced_8_Qubits,EfficientSU2,1,COBYLA,depolarizing,0.082,-1.0900919314191353,-0.022517057462313028,397,894.71
LiH_Reduced_8_Qubits,EfficientSU2,1,COBYLA,depolarizing,0.085,-1.0900919314191353,0.025506448710615914,401,895.76
LiH_Reduced_8_Qubits,EfficientSU2,1,COBYLA,depolarizing,0.084,-1.0900919314191353,-0.134698062987407,432,1015.49
LiH_Reduced_8_Qubits,EfficientSU2,1,COBYLA,depolarizing,0.08600000000000001,-1.0900919314191353,0.010345122510410532,445,996.07
LiH_Reduced_8_Qubits,EfficientSU2,1,COBYLA,depolarizing,0.08700000000000001,-1.0900919314191353,-0.17041966600181205,397,892.62
LiH_Reduced_8_Qubits,EfficientSU2,1,COBYLA,depolarizing,0.088,-1.0900919314191353,-0.0032944357403474345,457,1039.76
LiH_Reduced_8_Qubits,EfficientSU2,1,COBYLA,depolarizing,0.09,-1.0900919314191353,0.007531334003312518,365,884.65
LiH_Reduced_8_Qubits,EfficientSU2,1,COBYLA,depolarizing,0.089,-1.0900919314191353,0.11940106585401655,423,1044.55
LiH_Reduced_8_Qubits,EfficientSU2,1,COBYLA,depolarizing,0.092,-1.0900919314191353,-0.011629541148679645,419,946.58
LiH_Reduced_8_Qubits,EfficientSU2,1,COBYLA,depolarizing,0.091,-1.0900919314191353,-0.017744242512808928,478,1079.84
LiH_Reduced_8_Qubits,EfficientSU2,1,COBYLA,depolarizing,0.093,-1.0900919314191353,0.188893722943731,366,821.66
LiH_Reduced_8_Qubits,EfficientSU2,1,COBYLA,depolarizing,0.094,-1.0900919314191353,0.16566949355251176,367,876.11
LiH_Reduced_8_Qubits,EfficientSU2,1,COBYLA,depolarizing,0.095,-1.0900919314191353,0.091341894277021,395,891.23
LiH_Reduced_8_Qubits,EfficientSU2,1,COBYLA,depolarizing,0.096,-1.0900919314191353,0.13154585719434558,448,1016.46
LiH_Reduced_8_Qubits,EfficientSU2,1,COBYLA,depolarizing,0.097,-1.0900919314191353,-0.09235005969476551,452,1006.15
LiH_Reduced_8_Qubits,EfficientSU2,1,COBYLA,depolarizing,0.099,-1.0900919314191353,-0.08456800211673346,404,1009.44
LiH_Reduced_8_Qubits,EfficientSU2,1,COBYLA,depolarizing,0.098,-1.0900919314191353,0.0836994522883644,418,1046.73
LiH_Reduced_8_Qubits,EfficientSU2,1,COBYLA,bitflip,0.001,-1.0900919314191353,-0.6121831831496614,398,874.25
LiH_Reduced_8_Qubits,EfficientSU2,1,COBYLA,depolarizing,0.1,-1.0900919314191353,-0.01900948874851438,481,1105.57
LiH_Reduced_8_Qubits,EfficientSU2,1,COBYLA,bitflip,0.004,-1.0900919314191353,-0.8196583983069907,363,816.9
LiH_Reduced_8_Qubits,EfficientSU2,1,COBYLA,bitflip,0.002,-1.0900919314191353,-0.9627228069574588,465,1018.41
LiH_Reduced_8_Qubits,EfficientSU2,1,COBYLA,bitflip,0.003,-1.0900919314191353,-0.6049612820898187,431,993.46
LiH_Reduced_8_Qubits,EfficientSU2,1,COBYLA,bitflip,0.005,-1.0900919314191353,-0.5689844445915289,394,885.82
LiH_Reduced_8_Qubits,EfficientSU2,1,COBYLA,bitflip,0.006,-1.0900919314191353,-0.7815298493397782,423,926.47
LiH_Reduced_8_Qubits,EfficientSU2,1,COBYLA,bitflip,0.009000000000000001,-1.0900919314191353,-0.6474483001662354,388,855.59
LiH_Reduced_8_Qubits,EfficientSU2,1,COBYLA,bitflip,0.008,-1.0900919314191353,-0.7125588098990989,410,1033.72
LiH_Reduced_8_Qubits,EfficientSU2,1,COBYLA,bitflip,0.012,-1.0900919314191353,-0.581359915861455,361,793.57
LiH_Reduced_8_Qubits,EfficientSU2,1,COBYLA,bitflip,0.007,-1.0900919314191353,-0.7206768414280615,434,1099.52
LiH_Reduced_8_Qubits,EfficientSU2,1,COBYLA,bitflip,0.01,-1.0900919314191353,-0.6542080126176449,416,950.85
LiH_Reduced_8_Qubits,EfficientSU2,1,COBYLA,bitflip,0.013000000000000001,-1.0900919314191353,-0.6461437974099697,388,887.75
LiH_Reduced_8_Qubits,EfficientSU2,1,COBYLA,bitflip,0.011,-1.0900919314191353,-0.49249538782775537,463,1057.01
LiH_Reduced_8_Qubits,EfficientSU2,1,COBYLA,bitflip,0.014,-1.0900919314191353,-0.5794899080490572,401,885.86
LiH_Reduced_8_Qubits,EfficientSU2,1,COBYLA,bitflip,0.015,-1.0900919314191353,-0.5791178784981648,417,927.48
LiH_Reduced_8_Qubits,EfficientSU2,1,COBYLA,bitflip,0.016,-1.0900919314191353,-0.45647561672209325,393,882.74
LiH_Reduced_8_Qubits,EfficientSU2,1,COBYLA,bitflip,0.018000000000000002,-1.0900919314191353,-0.4436625327821529,440,975.5
LiH_Reduced_8_Qubits,EfficientSU2,1,COBYLA,bitflip,0.021,-1.0900919314191353,-0.5215794337964857,373,877.52
LiH_Reduced_8_Qubits,EfficientSU2,1,COBYLA,bitflip,0.019,-1.0900919314191353,-0.22552735698517856,409,1033.98
LiH_Reduced_8_Qubits,EfficientSU2,1,COBYLA,bitflip,0.022,-1.0900919314191353,-0.44253918040369256,359,817.74
LiH_Reduced_8_Qubits,EfficientSU2,1,COBYLA,bitflip,0.02,-1.0900919314191353,-0.49225990044459567,445,1018.38
LiH_Reduced_8_Qubits,EfficientSU2,1,COBYLA,bitflip,0.023,-1.0900919314191353,-0.6361465305714575,397,892.48
LiH_Reduced_8_Qubits,EfficientSU2,1,COBYLA,bitflip,0.017,-1.0900919314191353,-0.38583659931047337,475,1183.85
LiH_Reduced_8_Qubits,EfficientSU2,1,COBYLA,bitflip,0.024,-1.0900919314191353,-0.3807175741250345,440,988.65
LiH_Reduced_8_Qubits,EfficientSU2,1,COBYLA,bitflip,0.025,-1.0900919314191353,-0.5678937056880364,482,1086.24
LiH_Reduced_8_Qubits,EfficientSU2,1,COBYLA,bitflip,0.027,-1.0900919314191353,-0.4299925136726022,373,900.57
LiH_Reduced_8_Qubits,EfficientSU2,1,COBYLA,bitflip,0.026000000000000002,-1.0900919314191353,-0.5924801117850536,441,988.47
LiH_Reduced_8_Qubits,EfficientSU2,1,COBYLA,bitflip,0.029,-1.0900919314191353,-0.21758990022549288,406,916.46
LiH_Reduced_8_Qubits,EfficientSU2,1,COBYLA,bitflip,0.03,-1.0900919314191353,-0.6531264010891383,465,1040.87
LiH_Reduced_8_Qubits,EfficientSU2,1,COBYLA,bitflip,0.031,-1.0900919314191353,-0.3855219144520856,470,1053.44
LiH_Reduced_8_Qubits,EfficientSU2,1,COBYLA,bitflip,0.032,-1.0900919314191353,-0.4577316062990454,433,1075.71
LiH_Reduced_8_Qubits,EfficientSU2,1,COBYLA,bitflip,0.028,-1.0900919314191353,-0.5080498597937483,495,1244.78
LiH_Reduced_8_Qubits,EfficientSU2,1,COBYLA,bitflip,0.033,-1.0900919314191353,-0.6174442961550252,457,1015.03
LiH_Reduced_8_Qubits,EfficientSU2,1,COBYLA,bitflip,0.036000000000000004,-1.0900919314191353,-0.23279600388513633,349,786.91
LiH_Reduced_8_Qubits,EfficientSU2,1,COBYLA,bitflip,0.034,-1.0900919314191353,-0.649008747058378,500,1122.85
LiH_Reduced_8_Qubits,EfficientSU2,1,COBYLA,bitflip,0.035,-1.0900919314191353,-0.33437618147351544,459,1107.45
LiH_Reduced_8_Qubits,EfficientSU2,1,COBYLA,bitflip,0.037,-1.0900919314191353,-0.3998514126868487,467,1048.48
LiH_Reduced_8_Qubits,EfficientSU2,1,COBYLA,bitflip,0.038,-1.0900919314191353,-0.27231916574211057,405,916.21
LiH_Reduced_8_Qubits,EfficientSU2,1,COBYLA,bitflip,0.039,-1.0900919314191353,-0.21415917466979695,402,902.84
LiH_Reduced_8_Qubits,EfficientSU2,1,COBYLA,bitflip,0.04,-1.0900919314191353,-0.38639638575918533,391,980.57
LiH_Reduced_8_Qubits,EfficientSU2,1,COBYLA,bitflip,0.041,-1.0900919314191353,-0.3787923198676254,408,1005.48
LiH_Reduced_8_Qubits,EfficientSU2,1,COBYLA,bitflip,0.042,-1.0900919314191353,-0.315021436990278,432,968.15
LiH_Reduced_8_Qubits,EfficientSU2,1,COBYLA,bitflip,0.043000000000000003,-1.0900919314191353,-0.207458970208743,401,908.32
LiH_Reduced_8_Qubits,EfficientSU2,1,COBYLA,bitflip,0.044,-1.0900919314191353,-0.36173000629539886,374,839.53
LiH_Reduced_8_Qubits,EfficientSU2,1,COBYLA,bitflip,0.045,-1.0900919314191353,0.004816957750940598,340,819.92
LiH_Reduced_8_Qubits,EfficientSU2,1,COBYLA,bitflip,0.048,-1.0900919314191353,-0.30843909731838204,402,911.27
LiH_Reduced_8_Qubits,EfficientSU2,1,COBYLA,bitflip,0.046,-1.0900919314191353,-0.5591563089173229,460,1020.47
LiH_Reduced_8_Qubits,EfficientSU2,1,COBYLA,bitflip,0.047,-1.0900919314191353,-0.36191882840393497,461,1025.74
LiH_Reduced_8_Qubits,EfficientSU2,1,COBYLA,bitflip,0.05,-1.0900919314191353,-0.17276917589476615,395,962.48
LiH_Reduced_8_Qubits,EfficientSU2,1,COBYLA,bitflip,0.049,-1.0900919314191353,-0.2996119885682266,424,1117.88
LiH_Reduced_8_Qubits,EfficientSU2,1,COBYLA,bitflip,0.051000000000000004,-1.0900919314191353,-0.2616034726304463,458,1030.47
LiH_Reduced_8_Qubits,EfficientSU2,1,COBYLA,bitflip,0.052000000000000005,-1.0900919314191353,-0.18421751476275278,441,987.35
LiH_Reduced_8_Qubits,EfficientSU2,1,COBYLA,bitflip,0.053,-1.0900919314191353,-0.3135802153499529,371,835.24
LiH_Reduced_8_Qubits,EfficientSU2,1,COBYLA,bitflip,0.054,-1.0900919314191353,0.003276003125514071,400,922.27
LiH_Reduced_8_Qubits,EfficientSU2,1,COBYLA,bitflip,0.055,-1.0900919314191353,-0.004471230303562612,370,827.45
LiH_Reduced_8_Qubits,EfficientSU2,1,COBYLA,bitflip,0.056,-1.0900919314191353,0.012395294766490983,394,888.65
LiH_Reduced_8_Qubits,EfficientSU2,1,COBYLA,bitflip,0.057,-1.0900919314191353,-0.1743487686193687,485,1089.24
LiH_Reduced_8_Qubits,EfficientSU2,1,COBYLA,bitflip,0.058,-1.0900919314191353,0.0009591241676695228,379,922.74
LiH_Reduced_8_Qubits,EfficientSU2,1,COBYLA,bitflip,0.059000000000000004,-1.0900919314191353,-0.16439274464902887,419,1111.87
LiH_Reduced_8_Qubits,EfficientSU2,1,COBYLA,bitflip,0.062,-1.0900919314191353,-0.19123599946261452,382,856.6
LiH_Reduced_8_Qubits,EfficientSU2,1,COBYLA,bitflip,0.06,-1.0900919314191353,-0.21895837129049595,420,943.54
LiH_Reduced_8_Qubits,EfficientSU2,1,COBYLA,bitflip,0.061,-1.0900919314191353,-0.03352132906855135,405,907.96
LiH_Reduced_8_Qubits,EfficientSU2,1,COBYLA,bitflip,0.063,-1.0900919314191353,-0.06974906140837994,404,911.47
LiH_Reduced_8_Qubits,EfficientSU2,1,COBYLA,bitflip,0.064,-1.0900919314191353,-0.4045192331559998,445,1003.35
LiH_Reduced_8_Qubits,EfficientSU2,1,COBYLA,bitflip,0.065,-1.0900919314191353,-0.19517480338469012,426,947.32
LiH_Reduced_8_Qubits,EfficientSU2,1,COBYLA,bitflip,0.067,-1.0900919314191353,-0.16531693843011477,352,852.29
LiH_Reduced_8_Qubits,EfficientSU2,1,COBYLA,bitflip,0.066,-1.0900919314191353,-0.20550597735055803,471,1048.79
LiH_Reduced_8_Qubits,EfficientSU2,1,COBYLA,bitflip,0.07,-1.0900919314191353,-0.031162248044113494,378,866.26
LiH_Reduced_8_Qubits,EfficientSU2,1,COBYLA,bitflip,0.07100000000000001,-1.0900919314191353,0.12913351880095808,376,866.85
LiH_Reduced_8_Qubits,EfficientSU2,1,COBYLA,bitflip,0.069,-1.0900919314191353,0.006757500330361876,448,1019.52
LiH_Reduced_8_Qubits,EfficientSU2,1,COBYLA,bitflip,0.07200000000000001,-1.0900919314191353,-0.06547286268380903,417,939.62
LiH_Reduced_8_Qubits,EfficientSU2,1,COBYLA,bitflip,0.068,-1.0900919314191353,-0.03609660323010927,455,1197.68
LiH_Reduced_8_Qubits,EfficientSU2,1,COBYLA,bitflip,0.073,-1.0900919314191353,-0.05712384370121393,395,888.86
LiH_Reduced_8_Qubits,EfficientSU2,1,COBYLA,bitflip,0.074,-1.0900919314191353,-0.3000465210930521,496,1106.26
LiH_Reduced_8_Qubits,EfficientSU2,1,COBYLA,bitflip,0.075,-1.0900919314191353,-0.19511133606368897,404,982.37
LiH_Reduced_8_Qubits,EfficientSU2,1,COBYLA,bitflip,0.076,-1.0900919314191353,-0.011257477584874387,427,966.5
LiH_Reduced_8_Qubits,EfficientSU2,1,COBYLA,bitflip,0.077,-1.0900919314191353,-0.21697015955324767,448,1023.1
LiH_Reduced_8_Qubits,EfficientSU2,1,COBYLA,bitflip,0.079,-1.0900919314191353,-0.24891140261548161,434,969.3
LiH_Reduced_8_Qubits,EfficientSU2,1,COBYLA,bitflip,0.078,-1.0900919314191353,-0.10420854720612449,484,1083.52
LiH_Reduced_8_Qubits,EfficientSU2,1,COBYLA,bitflip,0.08,-1.0900919314191353,0.005351259360033556,423,963.65
LiH_Reduced_8_Qubits,EfficientSU2,1,COBYLA,bitflip,0.082,-1.0900919314191353,-0.08207914368913483,465,1031.99
LiH_Reduced_8_Qubits,EfficientSU2,1,COBYLA,bitflip,0.081,-1.0900919314191353,-0.2014670765022129,500,1283.55
LiH_Reduced_8_Qubits,EfficientSU2,1,COBYLA,bitflip,0.083,-1.0900919314191353,-0.2284397568127267,427,977.84
LiH_Reduced_8_Qubits,EfficientSU2,1,COBYLA,bitflip,0.085,-1.0900919314191353,-0.032933885588977085,417,955.36
LiH_Reduced_8_Qubits,EfficientSU2,1,COBYLA,bitflip,0.084,-1.0900919314191353,-0.19972242690298955,458,1161.15
LiH_Reduced_8_Qubits,EfficientSU2,1,COBYLA,bitflip,0.08700000000000001,-1.0900919314191353,-0.022654123171599427,428,949.05
LiH_Reduced_8_Qubits,EfficientSU2,1,COBYLA,bitflip,0.08600000000000001,-1.0900919314191353,-0.19258186235622343,457,1065.7
LiH_Reduced_8_Qubits,EfficientSU2,1,COBYLA,bitflip,0.088,-1.0900919314191353,-0.19257804302147688,476,1045.63
LiH_Reduced_8_Qubits,EfficientSU2,1,COBYLA,bitflip,0.09,-1.0900919314191353,0.07172454445505472,404,898.57
LiH_Reduced_8_Qubits,EfficientSU2,1,COBYLA,bitflip,0.089,-1.0900919314191353,0.19121545617739819,500,1157.45
LiH_Reduced_8_Qubits,EfficientSU2,1,COBYLA,bitflip,0.092,-1.0900919314191353,0.22646746114421779,387,886.83
LiH_Reduced_8_Qubits,EfficientSU2,1,COBYLA,bitflip,0.091,-1.0900919314191353,0.0034718786329187012,430,1106.6
LiH_Reduced_8_Qubits,EfficientSU2,1,COBYLA,bitflip,0.093,-1.0900919314191353,0.20014386671495843,438,1004.2
LiH_Reduced_8_Qubits,EfficientSU2,1,COBYLA,bitflip,0.094,-1.0900919314191353,-0.08787292029632421,453,1142.46
LiH_Reduced_8_Qubits,EfficientSU2,1,COBYLA,bitflip,0.095,-1.0900919314191353,0.0359921947427953,426,939.03
LiH_Reduced_8_Qubits,EfficientSU2,1,COBYLA,bitflip,0.097,-1.0900919314191353,0.10128284070302052,416,913.94
LiH_Reduced_8_Qubits,EfficientSU2,1,COBYLA,bitflip,0.096,-1.0900919314191353,-0.007163112870457289,432,1012.48
LiH_Reduced_8_Qubits,EfficientSU2,1,COBYLA,bitflip,0.099,-1.0900919314191353,0.24719825744800134,373,857.03
LiH_Reduced_8_Qubits,EfficientSU2,1,COBYLA,bitflip,0.098,-1.0900919314191353,-0.10268081835284432,476,1054.34
LiH_Reduced_8_Qubits,EfficientSU2,1,COBYLA,bitflip,0.1,-1.0900919314191353,-0.08678237086258767,414,932.28
LiH_Reduced_8_Qubits,EfficientSU2,1,SPSA,noiseless,0.0,-1.0900919314191353,-0.5779466854547577,500,1417.31
LiH_Reduced_8_Qubits,EfficientSU2,1,SPSA,depolarizing,0.001,-1.0900919314191353,-0.8153923165600969,500,1373.23
LiH_Reduced_8_Qubits,EfficientSU2,1,SPSA,depolarizing,0.002,-1.0900919314191353,-0.8580847460278829,500,1250.15
LiH_Reduced_8_Qubits,EfficientSU2,1,SPSA,depolarizing,0.003,-1.0900919314191353,-0.7042703165198676,500,1274.72
LiH_Reduced_8_Qubits,EfficientSU2,1,SPSA,depolarizing,0.004,-1.0900919314191353,-0.7285052114842874,500,1273.92
LiH_Reduced_8_Qubits,EfficientSU2,1,SPSA,depolarizing,0.005,-1.0900919314191353,-0.8077779184280727,500,1288.19
LiH_Reduced_8_Qubits,EfficientSU2,1,SPSA,depolarizing,0.006,-1.0900919314191353,-0.7324200905640889,500,1224.47
LiH_Reduced_8_Qubits,EfficientSU2,1,SPSA,depolarizing,0.007,-1.0900919314191353,-0.7108050636479001,500,1280.03
LiH_Reduced_8_Qubits,EfficientSU2,1,SPSA,depolarizing,0.008,-1.0900919314191353,-0.7170885855194857,500,1245.14
LiH_Reduced_8_Qubits,EfficientSU2,1,SPSA,depolarizing,0.009000000000000001,-1.0900919314191353,-0.7882775485218828,500,1339.55
LiH_Reduced_8_Qubits,EfficientSU2,1,SPSA,depolarizing,0.011,-1.0900919314191353,-0.8911077382358698,500,1229.73
LiH_Reduced_8_Qubits,EfficientSU2,1,SPSA,depolarizing,0.01,-1.0900919314191353,-0.5519268601264051,500,1309.72
LiH_Reduced_8_Qubits,EfficientSU2,1,SPSA,depolarizing,0.012,-1.0900919314191353,-0.8152416290726279,500,1334.32
LiH_Reduced_8_Qubits,EfficientSU2,1,SPSA,depolarizing,0.013000000000000001,-1.0900919314191353,-0.6113992250886393,500,1289.97
LiH_Reduced_8_Qubits,EfficientSU2,1,SPSA,depolarizing,0.014,-1.0900919314191353,-0.5836414717238898,500,1268.06
LiH_Reduced_8_Qubits,EfficientSU2,1,SPSA,depolarizing,0.015,-1.0900919314191353,-0.3935344669102935,500,1236.01
LiH_Reduced_8_Qubits,EfficientSU2,1,SPSA,depolarizing,0.017,-1.0900919314191353,-0.5733594856799571,500,1232.18
LiH_Reduced_8_Qubits,EfficientSU2,1,SPSA,depolarizing,0.016,-1.0900919314191353,-0.7211095333832468,500,1319.57
LiH_Reduced_8_Qubits,EfficientSU2,1,SPSA,depolarizing,0.019,-1.0900919314191353,-0.6541106105284797,500,1207.78
LiH_Reduced_8_Qubits,EfficientSU2,1,SPSA,depolarizing,0.02,-1.0900919314191353,-0.667166847359263,500,1229.46
LiH_Reduced_8_Qubits,EfficientSU2,1,SPSA,depolarizing,0.018000000000000002,-1.0900919314191353,-0.7125603249523932,500,1275.56
LiH_Reduced_8_Qubits,EfficientSU2,1,SPSA,depolarizing,0.024,-1.0900919314191353,-0.6050621518694212,500,1233.28
LiH_Reduced_8_Qubits,EfficientSU2,1,SPSA,depolarizing,0.021,-1.0900919314191353,-0.5003346576224145,500,1302.72
LiH_Reduced_8_Qubits,EfficientSU2,1,SPSA,depolarizing,0.023,-1.0900919314191353,-0.4290799741840623,500,1286.59
LiH_Reduced_8_Qubits,EfficientSU2,1,SPSA,depolarizing,0.022,-1.0900919314191353,-0.7044656555005682,500,1522.37
LiH_Reduced_8_Qubits,EfficientSU2,1,SPSA,depolarizing,0.025,-1.0900919314191353,-0.7208626027746915,500,1336.97
LiH_Reduced_8_Qubits,EfficientSU2,1,SPSA,depolarizing,0.026000000000000002,-1.0900919314191353,-0.4704780677350513,500,1423.82
LiH_Reduced_8_Qubits,EfficientSU2,1,SPSA,depolarizing,0.027,-1.0900919314191353,-0.44269480965423563,500,1250.78
LiH_Reduced_8_Qubits,EfficientSU2,1,SPSA,depolarizing,0.029,-1.0900919314191353,-0.4976983268337125,500,1281.44
LiH_Reduced_8_Qubits,EfficientSU2,1,SPSA,depolarizing,0.028,-1.0900919314191353,-0.5359739398177072,500,1310.99
LiH_Reduced_8_Qubits,EfficientSU2,1,SPSA,depolarizing,0.03,-1.0900919314191353,-0.5654355060719761,500,1249.49
LiH_Reduced_8_Qubits,EfficientSU2,1,SPSA,depolarizing,0.032,-1.0900919314191353,-0.32337226949029946,500,1284.47
LiH_Reduced_8_Qubits,EfficientSU2,1,SPSA,depolarizing,0.031,-1.0900919314191353,-0.39448235546743765,500,1348.81
LiH_Reduced_8_Qubits,EfficientSU2,1,SPSA,depolarizing,0.034,-1.0900919314191353,-0.49582762191464647,500,1335.08
LiH_Reduced_8_Qubits,EfficientSU2,1,SPSA,depolarizing,0.033,-1.0900919314191353,-0.5052475276338676,500,1571.91
LiH_Reduced_8_Qubits,EfficientSU2,1,SPSA,depolarizing,0.035,-1.0900919314191353,-0.38329027405808463,500,1405.07
LiH_Reduced_8_Qubits,EfficientSU2,1,SPSA,depolarizing,0.036000000000000004,-1.0900919314191353,-0.44304332985623945,500,1212.49
LiH_Reduced_8_Qubits,EfficientSU2,1,SPSA,depolarizing,0.038,-1.0900919314191353,-0.4512044524902634,500,1226.29
LiH_Reduced_8_Qubits,EfficientSU2,1,SPSA,depolarizing,0.037,-1.0900919314191353,-0.4430474920153772,500,1279.49
LiH_Reduced_8_Qubits,EfficientSU2,1,SPSA,depolarizing,0.039,-1.0900919314191353,-0.35677564288725866,500,1373.83
LiH_Reduced_8_Qubits,EfficientSU2,1,SPSA,depolarizing,0.04,-1.0900919314191353,-0.43691395532471894,500,1345.03
LiH_Reduced_8_Qubits,EfficientSU2,1,SPSA,depolarizing,0.041,-1.0900919314191353,-0.20474773258656254,500,1307.4
LiH_Reduced_8_Qubits,EfficientSU2,1,SPSA,depolarizing,0.042,-1.0900919314191353,-0.39905806101373337,500,1307.14
LiH_Reduced_8_Qubits,EfficientSU2,1,SPSA,depolarizing,0.044,-1.0900919314191353,-0.4106964649141989,500,1365.5
LiH_Reduced_8_Qubits,EfficientSU2,1,SPSA,depolarizing,0.043000000000000003,-1.0900919314191353,-0.45497562907205097,500,1461.84
LiH_Reduced_8_Qubits,EfficientSU2,1,SPSA,depolarizing,0.045,-1.0900919314191353,-0.3000773403998729,500,1274.44
LiH_Reduced_8_Qubits,EfficientSU2,1,SPSA,depolarizing,0.046,-1.0900919314191353,-0.26410182137176524,500,1287.14
LiH_Reduced_8_Qubits,EfficientSU2,1,SPSA,depolarizing,0.047,-1.0900919314191353,-0.43817598801000424,500,1348.08
LiH_Reduced_8_Qubits,EfficientSU2,1,SPSA,depolarizing,0.048,-1.0900919314191353,-0.39289528860124007,500,1292.49
LiH_Reduced_8_Qubits,EfficientSU2,1,SPSA,depolarizing,0.049,-1.0900919314191353,-0.2334382529823793,500,1334.69
LiH_Reduced_8_Qubits,EfficientSU2,1,SPSA,depolarizing,0.05,-1.0900919314191353,-0.4115799197171881,500,1378.24
LiH_Reduced_8_Qubits,EfficientSU2,1,SPSA,depolarizing,0.051000000000000004,-1.0900919314191353,-0.45948510241403556,500,1306.54
LiH_Reduced_8_Qubits,EfficientSU2,1,SPSA,depolarizing,0.052000000000000005,-1.0900919314191353,-0.34887134782437956,500,1323.22
LiH_Reduced_8_Qubits,EfficientSU2,1,SPSA,depolarizing,0.053,-1.0900919314191353,-0.2001151438427517,500,1304.56
LiH_Reduced_8_Qubits,EfficientSU2,1,SPSA,depolarizing,0.054,-1.0900919314191353,-0.2483349582413501,500,1302.2
LiH_Reduced_8_Qubits,EfficientSU2,1,SPSA,depolarizing,0.055,-1.0900919314191353,-0.2349876800884468,500,1276.2
LiH_Reduced_8_Qubits,EfficientSU2,1,SPSA,depolarizing,0.056,-1.0900919314191353,-0.34326215884124356,500,1301.81
LiH_Reduced_8_Qubits,EfficientSU2,1,SPSA,depolarizing,0.057,-1.0900919314191353,-0.3285188293226813,500,1263.35
LiH_Reduced_8_Qubits,EfficientSU2,1,SPSA,depolarizing,0.058,-1.0900919314191353,-0.30750405077286547,500,1276.97
LiH_Reduced_8_Qubits,EfficientSU2,1,SPSA,depolarizing,0.059000000000000004,-1.0900919314191353,-0.4198040264121783,500,1361.2
LiH_Reduced_8_Qubits,EfficientSU2,1,SPSA,depolarizing,0.06,-1.0900919314191353,-0.2658034541522718,500,1242.23
LiH_Reduced_8_Qubits,EfficientSU2,1,SPSA,depolarizing,0.062,-1.0900919314191353,-0.04236131670608029,500,1317.03
LiH_Reduced_8_Qubits,EfficientSU2,1,SPSA,depolarizing,0.061,-1.0900919314191353,-0.17329876213583523,500,1362.16
LiH_Reduced_8_Qubits,EfficientSU2,1,SPSA,depolarizing,0.063,-1.0900919314191353,-0.2439718796761449,500,1262.8
LiH_Reduced_8_Qubits,EfficientSU2,1,SPSA,depolarizing,0.064,-1.0900919314191353,-0.1692245580064391,500,1211.67
LiH_Reduced_8_Qubits,EfficientSU2,1,SPSA,depolarizing,0.065,-1.0900919314191353,-0.24968795311917316,500,1293.15
LiH_Reduced_8_Qubits,EfficientSU2,1,SPSA,depolarizing,0.066,-1.0900919314191353,-0.33668770600306575,500,1302.89
LiH_Reduced_8_Qubits,EfficientSU2,1,SPSA,depolarizing,0.068,-1.0900919314191353,-0.14289220751480197,500,1305.67
LiH_Reduced_8_Qubits,EfficientSU2,1,SPSA,depolarizing,0.067,-1.0900919314191353,-0.11111978016689406,500,1446.97
LiH_Reduced_8_Qubits,EfficientSU2,1,SPSA,depolarizing,0.069,-1.0900919314191353,-0.15689741270865346,500,1246.54
LiH_Reduced_8_Qubits,EfficientSU2,1,SPSA,depolarizing,0.07,-1.0900919314191353,-0.17157375388093046,500,1321.6
LiH_Reduced_8_Qubits,EfficientSU2,1,SPSA,depolarizing,0.07200000000000001,-1.0900919314191353,-0.33512185826228225,500,1239.26
LiH_Reduced_8_Qubits,EfficientSU2,1,SPSA,depolarizing,0.07100000000000001,-1.0900919314191353,-0.29249281310369424,500,1342.49
LiH_Reduced_8_Qubits,EfficientSU2,1,SPSA,depolarizing,0.073,-1.0900919314191353,-0.28339014578120225,500,1265.77
LiH_Reduced_8_Qubits,EfficientSU2,1,SPSA,depolarizing,0.074,-1.0900919314191353,0.019529827843830394,500,1382.61
LiH_Reduced_8_Qubits,EfficientSU2,1,SPSA,depolarizing,0.075,-1.0900919314191353,-0.2666827706359426,500,1242.94
LiH_Reduced_8_Qubits,EfficientSU2,1,SPSA,depolarizing,0.078,-1.0900919314191353,-0.06447332093370634,500,1248.41
LiH_Reduced_8_Qubits,EfficientSU2,1,SPSA,depolarizing,0.076,-1.0900919314191353,-0.11223768265237888,500,1287.19
LiH_Reduced_8_Qubits,EfficientSU2,1,SPSA,depolarizing,0.077,-1.0900919314191353,-0.05665204703640103,500,1424.49
LiH_Reduced_8_Qubits,EfficientSU2,1,SPSA,depolarizing,0.079,-1.0900919314191353,-0.20678758682522447,500,1297.73
LiH_Reduced_8_Qubits,EfficientSU2,1,SPSA,depolarizing,0.081,-1.0900919314191353,-0.22878587849242002,500,1300.31
LiH_Reduced_8_Qubits,EfficientSU2,1,SPSA,depolarizing,0.082,-1.0900919314191353,-0.044665662323606026,500,1246.13
LiH_Reduced_8_Qubits,EfficientSU2,1,SPSA,depolarizing,0.08,-1.0900919314191353,-0.042362507679392924,500,1345.61
LiH_Reduced_8_Qubits,EfficientSU2,1,SPSA,depolarizing,0.084,-1.0900919314191353,-0.04442186544756627,500,1256.23
LiH_Reduced_8_Qubits,EfficientSU2,1,SPSA,depolarizing,0.083,-1.0900919314191353,-0.18329936455056103,500,1336.17
LiH_Reduced_8_Qubits,EfficientSU2,1,SPSA,depolarizing,0.085,-1.0900919314191353,-0.022250136144229715,500,1302.8
LiH_Reduced_8_Qubits,EfficientSU2,1,SPSA,depolarizing,0.08600000000000001,-1.0900919314191353,0.06274230319751384,500,1349.28
LiH_Reduced_8_Qubits,EfficientSU2,1,SPSA,depolarizing,0.08700000000000001,-1.0900919314191353,-0.13206373580950198,500,1289.56
LiH_Reduced_8_Qubits,EfficientSU2,1,SPSA,depolarizing,0.088,-1.0900919314191353,0.021978139552055742,500,1272.43
LiH_Reduced_8_Qubits,EfficientSU2,1,SPSA,depolarizing,0.089,-1.0900919314191353,-0.06678027904249828,500,1337.74
LiH_Reduced_8_Qubits,EfficientSU2,1,SPSA,depolarizing,0.09,-1.0900919314191353,0.01350349756982222,500,1352.16
LiH_Reduced_8_Qubits,EfficientSU2,1,SPSA,depolarizing,0.091,-1.0900919314191353,0.014605228774988488,500,1342.97
LiH_Reduced_8_Qubits,EfficientSU2,1,SPSA,depolarizing,0.092,-1.0900919314191353,-0.15945347135615898,500,1273.97
LiH_Reduced_8_Qubits,EfficientSU2,1,SPSA,depolarizing,0.093,-1.0900919314191353,0.05321905675015198,500,1359.65
LiH_Reduced_8_Qubits,EfficientSU2,1,SPSA,depolarizing,0.094,-1.0900919314191353,0.14892793031814744,500,1261.54
LiH_Reduced_8_Qubits,EfficientSU2,1,SPSA,depolarizing,0.095,-1.0900919314191353,-0.09500188166336529,500,1338.36
LiH_Reduced_8_Qubits,EfficientSU2,1,SPSA,depolarizing,0.096,-1.0900919314191353,-0.06706900862975457,500,1287.56
LiH_Reduced_8_Qubits,EfficientSU2,1,SPSA,depolarizing,0.097,-1.0900919314191353,-0.12615179171004773,500,1286.93
LiH_Reduced_8_Qubits,EfficientSU2,1,SPSA,depolarizing,0.098,-1.0900919314191353,0.014970547104494525,500,1313.83
LiH_Reduced_8_Qubits,EfficientSU2,1,SPSA,depolarizing,0.1,-1.0900919314191353,0.10194882921876197,500,1272.55
LiH_Reduced_8_Qubits,EfficientSU2,1,SPSA,depolarizing,0.099,-1.0900919314191353,0.004969513536100534,500,1298.85
LiH_Reduced_8_Qubits,EfficientSU2,1,SPSA,bitflip,0.001,-1.0900919314191353,-0.5756797497522083,500,1244.85
LiH_Reduced_8_Qubits,EfficientSU2,1,SPSA,bitflip,0.002,-1.0900919314191353,-0.9008137344618261,500,1349.3
LiH_Reduced_8_Qubits,EfficientSU2,1,SPSA,bitflip,0.003,-1.0900919314191353,-0.8754586349800868,500,1201.87
LiH_Reduced_8_Qubits,EfficientSU2,1,SPSA,bitflip,0.005,-1.0900919314191353,-0.47086884651752303,500,1305.8
LiH_Reduced_8_Qubits,EfficientSU2,1,SPSA,bitflip,0.004,-1.0900919314191353,-0.5615411508801167,500,1489.65
LiH_Reduced_8_Qubits,EfficientSU2,1,SPSA,bitflip,0.006,-1.0900919314191353,-0.7347561270748825,500,1292.17
LiH_Reduced_8_Qubits,EfficientSU2,1,SPSA,bitflip,0.008,-1.0900919314191353,-0.39109148165602103,500,1227.32
LiH_Reduced_8_Qubits,EfficientSU2,1,SPSA,bitflip,0.007,-1.0900919314191353,-0.43372572875510745,500,1328.55
LiH_Reduced_8_Qubits,EfficientSU2,1,SPSA,bitflip,0.009000000000000001,-1.0900919314191353,-0.8917593515872604,500,1333.64
LiH_Reduced_8_Qubits,EfficientSU2,1,SPSA,bitflip,0.01,-1.0900919314191353,-0.4136397629983734,500,1283.93
LiH_Reduced_8_Qubits,EfficientSU2,1,SPSA,bitflip,0.012,-1.0900919314191353,-0.7471671853781414,500,1242.32
LiH_Reduced_8_Qubits,EfficientSU2,1,SPSA,bitflip,0.011,-1.0900919314191353,-0.7137421057165079,500,1366.27
LiH_Reduced_8_Qubits,EfficientSU2,1,SPSA,bitflip,0.013000000000000001,-1.0900919314191353,-0.7062293998153185,500,1307.71
LiH_Reduced_8_Qubits,EfficientSU2,1,SPSA,bitflip,0.014,-1.0900919314191353,-0.19367557852127354,500,1490.18
LiH_Reduced_8_Qubits,EfficientSU2,1,SPSA,bitflip,0.016,-1.0900919314191353,-0.5798342985056965,500,1240.09
LiH_Reduced_8_Qubits,EfficientSU2,1,SPSA,bitflip,0.017,-1.0900919314191353,-0.6372038051702746,500,1266.38
LiH_Reduced_8_Qubits,EfficientSU2,1,SPSA,bitflip,0.015,-1.0900919314191353,-0.45767558337985464,500,1450.59
LiH_Reduced_8_Qubits,EfficientSU2,1,SPSA,bitflip,0.018000000000000002,-1.0900919314191353,-0.5571353046765861,500,1346.06
LiH_Reduced_8_Qubits,EfficientSU2,1,SPSA,bitflip,0.019,-1.0900919314191353,-0.6193131324309402,500,1300.56
LiH_Reduced_8_Qubits,EfficientSU2,1,SPSA,bitflip,0.02,-1.0900919314191353,-0.43119742039719317,500,1237.16
LiH_Reduced_8_Qubits,EfficientSU2,1,SPSA,bitflip,0.021,-1.0900919314191353,-0.6548410330441595,500,1391.91
LiH_Reduced_8_Qubits,EfficientSU2,1,SPSA,bitflip,0.022,-1.0900919314191353,-0.5336666267393921,500,1345.68
LiH_Reduced_8_Qubits,EfficientSU2,1,SPSA,bitflip,0.024,-1.0900919314191353,-0.4689916214983681,500,1304.03
LiH_Reduced_8_Qubits,EfficientSU2,1,SPSA,bitflip,0.023,-1.0900919314191353,-0.6048827947208664,500,1354.85
LiH_Reduced_8_Qubits,EfficientSU2,1,SPSA,bitflip,0.025,-1.0900919314191353,-0.40453631720121896,500,1255.73
LiH_Reduced_8_Qubits,EfficientSU2,1,SPSA,bitflip,0.026000000000000002,-1.0900919314191353,-0.6227870572629892,500,1437.83
LiH_Reduced_8_Qubits,EfficientSU2,1,SPSA,bitflip,0.027,-1.0900919314191353,-0.38065968070887074,500,1380.34
LiH_Reduced_8_Qubits,EfficientSU2,1,SPSA,bitflip,0.028,-1.0900919314191353,-0.24716077851809462,500,1297.53
LiH_Reduced_8_Qubits,EfficientSU2,1,SPSA,bitflip,0.029,-1.0900919314191353,-0.38386719192522906,500,1344.64
LiH_Reduced_8_Qubits,EfficientSU2,1,SPSA,bitflip,0.03,-1.0900919314191353,-0.3586565251907008,500,1326.49
LiH_Reduced_8_Qubits,EfficientSU2,1,SPSA,bitflip,0.031,-1.0900919314191353,-0.5079423060593344,500,1284.51
LiH_Reduced_8_Qubits,EfficientSU2,1,SPSA,bitflip,0.032,-1.0900919314191353,-0.4854057248653355,500,1325.16
LiH_Reduced_8_Qubits,EfficientSU2,1,SPSA,bitflip,0.034,-1.0900919314191353,-0.3689600085133616,500,1278.34
LiH_Reduced_8_Qubits,EfficientSU2,1,SPSA,bitflip,0.033,-1.0900919314191353,-0.6977204355087356,500,1420.64
LiH_Reduced_8_Qubits,EfficientSU2,1,SPSA,bitflip,0.035,-1.0900919314191353,-0.07518755211230616,500,1372.52
LiH_Reduced_8_Qubits,EfficientSU2,1,SPSA,bitflip,0.037,-1.0900919314191353,-0.20052287628622617,500,1286.74
LiH_Reduced_8_Qubits,EfficientSU2,1,SPSA,bitflip,0.036000000000000004,-1.0900919314191353,-0.4953476942116891,500,1389.39
LiH_Reduced_8_Qubits,EfficientSU2,1,SPSA,bitflip,0.038,-1.0900919314191353,-0.1995723312443924,500,1409.37
LiH_Reduced_8_Qubits,EfficientSU2,1,SPSA,bitflip,0.039,-1.0900919314191353,-0.3708300103600218,500,1345.26
LiH_Reduced_8_Qubits,EfficientSU2,1,SPSA,bitflip,0.04,-1.0900919314191353,-0.4898082550637815,500,1290.07
LiH_Reduced_8_Qubits,EfficientSU2,1,SPSA,bitflip,0.041,-1.0900919314191353,-0.24063328314956853,500,1267.38
LiH_Reduced_8_Qubits,EfficientSU2,1,SPSA,bitflip,0.042,-1.0900919314191353,-0.33515755981943446,500,1283.73
LiH_Reduced_8_Qubits,EfficientSU2,1,SPSA,bitflip,0.043000000000000003,-1.0900919314191353,-0.3033557170175753,500,1430.47
LiH_Reduced_8_Qubits,EfficientSU2,1,SPSA,bitflip,0.045,-1.0900919314191353,-0.15086148381480455,500,1285.37
LiH_Reduced_8_Qubits,EfficientSU2,1,SPSA,bitflip,0.044,-1.0900919314191353,-0.25311160177919256,500,1334.99
LiH_Reduced_8_Qubits,EfficientSU2,1,SPSA,bitflip,0.046,-1.0900919314191353,-0.2928547099165418,500,1378.65
LiH_Reduced_8_Qubits,EfficientSU2,1,SPSA,bitflip,0.047,-1.0900919314191353,-0.3527747469084206,500,1413.29
LiH_Reduced_8_Qubits,EfficientSU2,1,SPSA,bitflip,0.048,-1.0900919314191353,-0.5045362529737205,500,1363.31
LiH_Reduced_8_Qubits,EfficientSU2,1,SPSA,bitflip,0.049,-1.0900919314191353,-0.3762921909737862,500,1341.26
LiH_Reduced_8_Qubits,EfficientSU2,1,SPSA,bitflip,0.05,-1.0900919314191353,-0.10106137977380913,500,1258.44
LiH_Reduced_8_Qubits,EfficientSU2,1,SPSA,bitflip,0.051000000000000004,-1.0900919314191353,-0.24777754853865486,500,1355.76
LiH_Reduced_8_Qubits,EfficientSU2,1,SPSA,bitflip,0.053,-1.0900919314191353,-0.3452695960441885,500,1334.76
LiH_Reduced_8_Qubits,EfficientSU2,1,SPSA,bitflip,0.052000000000000005,-1.0900919314191353,-0.35346243923381554,500,1425.83
LiH_Reduced_8_Qubits,EfficientSU2,1,SPSA,bitflip,0.054,-1.0900919314191353,-0.2086506934698179,500,1387.38
LiH_Reduced_8_Qubits,EfficientSU2,1,SPSA,bitflip,0.055,-1.0900919314191353,-0.26356314496793554,500,1333.89
LiH_Reduced_8_Qubits,EfficientSU2,1,SPSA,bitflip,0.056,-1.0900919314191353,-0.09820760293301178,500,1427.09
LiH_Reduced_8_Qubits,EfficientSU2,1,SPSA,bitflip,0.058,-1.0900919314191353,-0.45291017982887405,500,1277.09
LiH_Reduced_8_Qubits,EfficientSU2,1,SPSA,bitflip,0.057,-1.0900919314191353,-0.4577404080494215,500,1486.21
LiH_Reduced_8_Qubits,EfficientSU2,1,SPSA,bitflip,0.059000000000000004,-1.0900919314191353,-0.09356084640407608,500,1256.37
LiH_Reduced_8_Qubits,EfficientSU2,1,SPSA,bitflip,0.06,-1.0900919314191353,-0.07627476657040438,500,1274.16
LiH_Reduced_8_Qubits,EfficientSU2,1,SPSA,bitflip,0.062,-1.0900919314191353,-0.09711455876970781,500,1318.6
LiH_Reduced_8_Qubits,EfficientSU2,1,SPSA,bitflip,0.061,-1.0900919314191353,-0.27851207798695143,500,1343.53
LiH_Reduced_8_Qubits,EfficientSU2,1,SPSA,bitflip,0.064,-1.0900919314191353,-0.3100983670430606,500,1342.39
LiH_Reduced_8_Qubits,EfficientSU2,1,SPSA,bitflip,0.063,-1.0900919314191353,-0.0999602349939297,500,1457.62
LiH_Reduced_8_Qubits,EfficientSU2,1,SPSA,bitflip,0.066,-1.0900919314191353,-0.05149211262581721,500,1315.35
LiH_Reduced_8_Qubits,EfficientSU2,1,SPSA,bitflip,0.065,-1.0900919314191353,-0.40786754705383416,500,1373.35
LiH_Reduced_8_Qubits,EfficientSU2,1,SPSA,bitflip,0.068,-1.0900919314191353,-0.10152365101227817,500,1240.63
LiH_Reduced_8_Qubits,EfficientSU2,1,SPSA,bitflip,0.067,-1.0900919314191353,-0.2023440143336803,500,1483.5
LiH_Reduced_8_Qubits,EfficientSU2,1,SPSA,bitflip,0.069,-1.0900919314191353,-0.38997676342913024,500,1303.54
LiH_Reduced_8_Qubits,EfficientSU2,1,SPSA,bitflip,0.07,-1.0900919314191353,-0.34987547331600405,500,1263.63
LiH_Reduced_8_Qubits,EfficientSU2,1,SPSA,bitflip,0.07100000000000001,-1.0900919314191353,-0.365854827280382,500,1278.78
LiH_Reduced_8_Qubits,EfficientSU2,1,SPSA,bitflip,0.07200000000000001,-1.0900919314191353,-0.014272351093779334,500,1280.32
LiH_Reduced_8_Qubits,EfficientSU2,1,SPSA,bitflip,0.073,-1.0900919314191353,-0.3306473272812015,500,1456.04
LiH_Reduced_8_Qubits,EfficientSU2,1,SPSA,bitflip,0.074,-1.0900919314191353,0.10292219979524603,500,1362.42
LiH_Reduced_8_Qubits,EfficientSU2,1,SPSA,bitflip,0.075,-1.0900919314191353,-0.33127131586188513,500,1352.29
LiH_Reduced_8_Qubits,EfficientSU2,1,SPSA,bitflip,0.076,-1.0900919314191353,-0.18083025832526764,500,1293.1
LiH_Reduced_8_Qubits,EfficientSU2,1,SPSA,bitflip,0.078,-1.0900919314191353,-0.2083976577358097,500,1328.4
LiH_Reduced_8_Qubits,EfficientSU2,1,SPSA,bitflip,0.077,-1.0900919314191353,-0.2883302543541202,500,1498.16
LiH_Reduced_8_Qubits,EfficientSU2,1,SPSA,bitflip,0.08,-1.0900919314191353,0.09707850261504505,500,1252.94
LiH_Reduced_8_Qubits,EfficientSU2,1,SPSA,bitflip,0.079,-1.0900919314191353,-0.005515266384574891,500,1304.9
LiH_Reduced_8_Qubits,EfficientSU2,1,SPSA,bitflip,0.081,-1.0900919314191353,-0.1511045542218233,500,1352.68
LiH_Reduced_8_Qubits,EfficientSU2,1,SPSA,bitflip,0.082,-1.0900919314191353,-0.19998060658411274,500,1455.92
LiH_Reduced_8_Qubits,EfficientSU2,1,SPSA,bitflip,0.083,-1.0900919314191353,-0.027476044283233747,500,1345.21
LiH_Reduced_8_Qubits,EfficientSU2,1,SPSA,bitflip,0.084,-1.0900919314191353,0.026247069810497237,500,1374.35
LiH_Reduced_8_Qubits,EfficientSU2,1,SPSA,bitflip,0.085,-1.0900919314191353,0.024421888303520323,500,1309.54
LiH_Reduced_8_Qubits,EfficientSU2,1,SPSA,bitflip,0.08600000000000001,-1.0900919314191353,-0.04589203353681737,500,1288.19
LiH_Reduced_8_Qubits,EfficientSU2,1,SPSA,bitflip,0.089,-1.0900919314191353,0.06359965672037077,500,1215.75
LiH_Reduced_8_Qubits,EfficientSU2,1,SPSA,bitflip,0.088,-1.0900919314191353,-0.18640344898282601,500,1256.25
LiH_Reduced_8_Qubits,EfficientSU2,1,SPSA,bitflip,0.08700000000000001,-1.0900919314191353,-0.19733463912808466,500,1448.56
LiH_Reduced_8_Qubits,EfficientSU2,1,SPSA,bitflip,0.09,-1.0900919314191353,-0.1755157182279658,500,1329.04
LiH_Reduced_8_Qubits,EfficientSU2,1,SPSA,bitflip,0.091,-1.0900919314191353,0.060173888901599915,500,1469.79
LiH_Reduced_8_Qubits,EfficientSU2,1,SPSA,bitflip,0.092,-1.0900919314191353,-0.08783403141278628,500,1374.28
LiH_Reduced_8_Qubits,EfficientSU2,1,SPSA,bitflip,0.093,-1.0900919314191353,-0.1145630312069254,500,1351.11
LiH_Reduced_8_Qubits,EfficientSU2,1,SPSA,bitflip,0.094,-1.0900919314191353,0.09921106615207931,500,1477.76
LiH_Reduced_8_Qubits,EfficientSU2,1,SPSA,bitflip,0.095,-1.0900919314191353,0.11056216885194708,500,1300.8
LiH_Reduced_8_Qubits,EfficientSU2,1,SPSA,bitflip,0.096,-1.0900919314191353,-0.11491130468674765,500,1236.54
LiH_Reduced_8_Qubits,EfficientSU2,1,SPSA,bitflip,0.097,-1.0900919314191353,0.1589802381867998,500,1321.17
LiH_Reduced_8_Qubits,EfficientSU2,1,SPSA,bitflip,0.098,-1.0900919314191353,0.03957741348725846,500,1455.53
LiH_Reduced_8_Qubits,EfficientSU2,1,SPSA,bitflip,0.099,-1.0900919314191353,0.33017748255944473,500,1315.53
LiH_Reduced_8_Qubits,TwoLocal,2,COBYLA,noiseless,0.0,-1.0900919314191353,-0.8905063624669332,348,867.56
LiH_Reduced_8_Qubits,TwoLocal,2,COBYLA,depolarizing,0.001,-1.0900919314191353,-0.8312611000757899,322,1437.23
LiH_Reduced_8_Qubits,EfficientSU2,1,SPSA,bitflip,0.1,-1.0900919314191353,-0.08639471706294344,500,1581.76
LiH_Reduced_8_Qubits,TwoLocal,2,COBYLA,depolarizing,0.003,-1.0900919314191353,-0.9329291638057906,351,1560.71
LiH_Reduced_8_Qubits,TwoLocal,2,COBYLA,depolarizing,0.005,-1.0900919314191353,-0.6433733983061822,319,1379.91
LiH_Reduced_8_Qubits,TwoLocal,2,COBYLA,depolarizing,0.002,-1.0900919314191353,-0.8955602869734567,368,1780.14
LiH_Reduced_8_Qubits,TwoLocal,2,COBYLA,depolarizing,0.004,-1.0900919314191353,-0.8394813807276331,379,1696.13
LiH_Reduced_8_Qubits,TwoLocal,2,COBYLA,depolarizing,0.007,-1.0900919314191353,-0.7024617880809418,326,1473.0
LiH_Reduced_8_Qubits,TwoLocal,2,COBYLA,depolarizing,0.006,-1.0900919314191353,-0.42341073501559645,353,1694.77
LiH_Reduced_8_Qubits,TwoLocal,2,COBYLA,depolarizing,0.008,-1.0900919314191353,-0.6041038795179491,319,1538.68
LiH_Reduced_8_Qubits,TwoLocal,2,COBYLA,depolarizing,0.009000000000000001,-1.0900919314191353,-0.4401808699070221,314,1510.99
LiH_Reduced_8_Qubits,TwoLocal,2,COBYLA,depolarizing,0.01,-1.0900919314191353,-0.40560030991452484,366,1752.37
LiH_Reduced_8_Qubits,TwoLocal,2,COBYLA,depolarizing,0.013000000000000001,-1.0900919314191353,-0.40766280985355274,285,1395.46
LiH_Reduced_8_Qubits,TwoLocal,2,COBYLA,depolarizing,0.011,-1.0900919314191353,-0.5132378358895363,352,1588.95
LiH_Reduced_8_Qubits,TwoLocal,2,COBYLA,depolarizing,0.016,-1.0900919314191353,-0.222932926646738,275,1300.16
LiH_Reduced_8_Qubits,TwoLocal,2,COBYLA,depolarizing,0.012,-1.0900919314191353,-0.4271480793306832,379,1775.07
LiH_Reduced_8_Qubits,TwoLocal,2,COBYLA,depolarizing,0.014,-1.0900919314191353,-0.3923786568981692,345,1625.98
LiH_Reduced_8_Qubits,TwoLocal,2,COBYLA,depolarizing,0.015,-1.0900919314191353,-0.35181321682255406,354,1580.38
LiH_Reduced_8_Qubits,TwoLocal,2,COBYLA,depolarizing,0.017,-1.0900919314191353,-0.21495184566389322,300,1489.8
LiH_Reduced_8_Qubits,TwoLocal,2,COBYLA,depolarizing,0.018000000000000002,-1.0900919314191353,-0.2794696669034027,326,1651.11
LiH_Reduced_8_Qubits,TwoLocal,2,COBYLA,depolarizing,0.019,-1.0900919314191353,-0.22321628930838786,303,1466.63
LiH_Reduced_8_Qubits,TwoLocal,2,COBYLA,depolarizing,0.023,-1.0900919314191353,0.3620474195982283,264,1213.01
LiH_Reduced_8_Qubits,TwoLocal,2,COBYLA,depolarizing,0.021,-1.0900919314191353,-0.00597909930517776,348,1601.51
LiH_Reduced_8_Qubits,TwoLocal,2,COBYLA,depolarizing,0.02,-1.0900919314191353,-0.24778738116365975,365,1733.08
LiH_Reduced_8_Qubits,TwoLocal,2,COBYLA,depolarizing,0.025,-1.0900919314191353,-0.011944709497249295,285,1312.42
LiH_Reduced_8_Qubits,TwoLocal,2,COBYLA,depolarizing,0.024,-1.0900919314191353,0.10000580041413554,319,1459.75
LiH_Reduced_8_Qubits,TwoLocal,2,COBYLA,depolarizing,0.022,-1.0900919314191353,-0.21720032414535906,328,1552.54
LiH_Reduced_8_Qubits,TwoLocal,2,COBYLA,depolarizing,0.026000000000000002,-1.0900919314191353,-0.07233405188325098,279,1374.59
LiH_Reduced_8_Qubits,TwoLocal,2,COBYLA,depolarizing,0.029,-1.0900919314191353,-0.016162765425394188,290,1277.08
LiH_Reduced_8_Qubits,TwoLocal,2,COBYLA,depolarizing,0.027,-1.0900919314191353,0.044833252981895055,333,1629.63
LiH_Reduced_8_Qubits,TwoLocal,2,COBYLA,depolarizing,0.028,-1.0900919314191353,0.04522420941767308,317,1602.68
LiH_Reduced_8_Qubits,TwoLocal,2,COBYLA,depolarizing,0.033,-1.0900919314191353,0.17069580068162749,288,1286.73
LiH_Reduced_8_Qubits,TwoLocal,2,COBYLA,depolarizing,0.034,-1.0900919314191353,0.1664080716649856,268,1307.89
LiH_Reduced_8_Qubits,TwoLocal,2,COBYLA,depolarizing,0.031,-1.0900919314191353,0.06511039623803527,315,1448.45
LiH_Reduced_8_Qubits,TwoLocal,2,COBYLA,depolarizing,0.03,-1.0900919314191353,0.05740238793549862,326,1556.12
LiH_Reduced_8_Qubits,TwoLocal,2,COBYLA,depolarizing,0.032,-1.0900919314191353,0.10877333106664261,322,1534.85
LiH_Reduced_8_Qubits,TwoLocal,2,COBYLA,depolarizing,0.035,-1.0900919314191353,0.14886778297331676,349,1683.73
LiH_Reduced_8_Qubits,TwoLocal,2,COBYLA,depolarizing,0.036000000000000004,-1.0900919314191353,0.14679608932229982,300,1331.35
LiH_Reduced_8_Qubits,TwoLocal,2,COBYLA,depolarizing,0.039,-1.0900919314191353,0.29637792655668355,262,1183.73
LiH_Reduced_8_Qubits,TwoLocal,2,COBYLA,depolarizing,0.037,-1.0900919314191353,0.14905715221851357,310,1447.13
LiH_Reduced_8_Qubits,TwoLocal,2,COBYLA,depolarizing,0.038,-1.0900919314191353,0.18796649314889574,285,1412.62
LiH_Reduced_8_Qubits,TwoLocal,2,COBYLA,depolarizing,0.043000000000000003,-1.0900919314191353,0.24797635840587462,258,1190.92
LiH_Reduced_8_Qubits,TwoLocal,2,COBYLA,depolarizing,0.041,-1.0900919314191353,0.2819363106457943,297,1382.79
LiH_Reduced_8_Qubits,TwoLocal,2,COBYLA,depolarizing,0.04,-1.0900919314191353,0.20292861201290568,322,1567.15
LiH_Reduced_8_Qubits,TwoLocal,2,COBYLA,depolarizing,0.042,-1.0900919314191353,0.2403443260300922,325,1572.96
LiH_Reduced_8_Qubits,TwoLocal,2,COBYLA,depolarizing,0.044,-1.0900919314191353,0.33267163094088403,273,1349.16
LiH_Reduced_8_Qubits,TwoLocal,2,COBYLA,depolarizing,0.045,-1.0900919314191353,0.24931320239898141,284,1271.7
LiH_Reduced_8_Qubits,TwoLocal,2,COBYLA,depolarizing,0.047,-1.0900919314191353,0.2983866366294943,290,1369.12
LiH_Reduced_8_Qubits,TwoLocal,2,COBYLA,depolarizing,0.048,-1.0900919314191353,0.5338959950080907,286,1389.05
LiH_Reduced_8_Qubits,TwoLocal,2,COBYLA,depolarizing,0.046,-1.0900919314191353,0.3092493618513168,347,1576.4
LiH_Reduced_8_Qubits,TwoLocal,2,COBYLA,depolarizing,0.051000000000000004,-1.0900919314191353,0.3772050743837252,244,1170.99
LiH_Reduced_8_Qubits,TwoLocal,2,COBYLA,depolarizing,0.049,-1.0900919314191353,0.36209457381152843,333,1512.92
LiH_Reduced_8_Qubits,TwoLocal,2,COBYLA,depolarizing,0.05,-1.0900919314191353,0.36599546290615387,338,1594.81
LiH_Reduced_8_Qubits,TwoLocal,2,COBYLA,depolarizing,0.053,-1.0900919314191353,0.42362261158926406,288,1361.47
LiH_Reduced_8_Qubits,TwoLocal,2,COBYLA,depolarizing,0.052000000000000005,-1.0900919314191353,0.4591749095206605,330,1602.89
LiH_Reduced_8_Qubits,TwoLocal,2,COBYLA,depolarizing,0.054,-1.0900919314191353,0.44782936312342414,314,1425.76
LiH_Reduced_8_Qubits,TwoLocal,2,COBYLA,depolarizing,0.056,-1.0900919314191353,0.490233554007289,298,1448.05
LiH_Reduced_8_Qubits,TwoLocal,2,COBYLA,depolarizing,0.055,-1.0900919314191353,0.43410653837199953,306,1565.75
LiH_Reduced_8_Qubits,TwoLocal,2,COBYLA,depolarizing,0.059000000000000004,-1.0900919314191353,0.5062899458971024,277,1271.56
LiH_Reduced_8_Qubits,TwoLocal,2,COBYLA,depolarizing,0.057,-1.0900919314191353,0.45616986915562613,332,1519.14
LiH_Reduced_8_Qubits,TwoLocal,2,COBYLA,depolarizing,0.058,-1.0900919314191353,0.4566822690966814,351,1681.79
LiH_Reduced_8_Qubits,TwoLocal,2,COBYLA,depolarizing,0.061,-1.0900919314191353,0.7057551561593933,261,1239.69
LiH_Reduced_8_Qubits,TwoLocal,2,COBYLA,depolarizing,0.062,-1.0900919314191353,0.5013345208202253,305,1393.44
LiH_Reduced_8_Qubits,TwoLocal,2,COBYLA,depolarizing,0.06,-1.0900919314191353,0.5156498889106529,352,1634.72
LiH_Reduced_8_Qubits,TwoLocal,2,COBYLA,depolarizing,0.063,-1.0900919314191353,0.6661127234028406,263,1163.39
LiH_Reduced_8_Qubits,TwoLocal,2,COBYLA,depolarizing,0.066,-1.0900919314191353,0.5802594266093009,248,1158.43
LiH_Reduced_8_Qubits,TwoLocal,2,COBYLA,depolarizing,0.064,-1.0900919314191353,0.5717660846066581,293,1447.17
LiH_Reduced_8_Qubits,TwoLocal,2,COBYLA,depolarizing,0.067,-1.0900919314191353,0.5675156785108112,315,1417.12
LiH_Reduced_8_Qubits,TwoLocal,2,COBYLA,depolarizing,0.068,-1.0900919314191353,0.764621569065955,298,1421.47
LiH_Reduced_8_Qubits,TwoLocal,2,COBYLA,depolarizing,0.065,-1.0900919314191353,0.5250190520488935,354,1832.46
LiH_Reduced_8_Qubits,TwoLocal,2,COBYLA,depolarizing,0.07100000000000001,-1.0900919314191353,0.630366782252259,293,1374.1
LiH_Reduced_8_Qubits,TwoLocal,2,COBYLA,depolarizing,0.07,-1.0900919314191353,0.6465000326252275,306,1438.23
LiH_Reduced_8_Qubits,TwoLocal,2,COBYLA,depolarizing,0.069,-1.0900919314191353,0.5827452644803144,361,1703.22
LiH_Reduced_8_Qubits,TwoLocal,2,COBYLA,depolarizing,0.07200000000000001,-1.0900919314191353,0.7212716210664687,320,1496.05
LiH_Reduced_8_Qubits,TwoLocal,2,COBYLA,depolarizing,0.073,-1.0900919314191353,0.6083485566941802,338,1532.54
LiH_Reduced_8_Qubits,TwoLocal,2,COBYLA,depolarizing,0.074,-1.0900919314191353,0.6040588550270787,310,1460.76
LiH_Reduced_8_Qubits,TwoLocal,2,COBYLA,depolarizing,0.075,-1.0900919314191353,0.7195385118683939,351,1628.77
LiH_Reduced_8_Qubits,TwoLocal,2,COBYLA,depolarizing,0.076,-1.0900919314191353,0.6160674561583135,326,1547.55
LiH_Reduced_8_Qubits,TwoLocal,2,COBYLA,depolarizing,0.078,-1.0900919314191353,0.6800323895163802,284,1365.29
LiH_Reduced_8_Qubits,TwoLocal,2,COBYLA,depolarizing,0.08,-1.0900919314191353,0.6886097868837638,289,1326.69
LiH_Reduced_8_Qubits,TwoLocal,2,COBYLA,depolarizing,0.079,-1.0900919314191353,0.6748726173844832,300,1413.37
LiH_Reduced_8_Qubits,TwoLocal,2,COBYLA,depolarizing,0.077,-1.0900919314191353,0.6360794284657412,290,1505.56
LiH_Reduced_8_Qubits,TwoLocal,2,COBYLA,depolarizing,0.081,-1.0900919314191353,0.6830211962946781,379,1797.63
LiH_Reduced_8_Qubits,TwoLocal,2,COBYLA,depolarizing,0.082,-1.0900919314191353,0.6739335588564908,307,1407.23
LiH_Reduced_8_Qubits,TwoLocal,2,COBYLA,depolarizing,0.083,-1.0900919314191353,0.7243854339588787,259,1232.16
LiH_Reduced_8_Qubits,TwoLocal,2,COBYLA,depolarizing,0.089,-1.0900919314191353,0.7489893034209354,250,1256.92
LiH_Reduced_8_Qubits,TwoLocal,2,COBYLA,depolarizing,0.085,-1.0900919314191353,0.7278790095491006,290,1385.59
LiH_Reduced_8_Qubits,TwoLocal,2,COBYLA,depolarizing,0.08700000000000001,-1.0900919314191353,0.7279943670069527,281,1317.74
LiH_Reduced_8_Qubits,TwoLocal,2,COBYLA,depolarizing,0.088,-1.0900919314191353,0.74209232077003,285,1335.29
LiH_Reduced_8_Qubits,TwoLocal,2,COBYLA,depolarizing,0.08600000000000001,-1.0900919314191353,0.7770971185685163,298,1410.88
LiH_Reduced_8_Qubits,TwoLocal,2,COBYLA,depolarizing,0.084,-1.0900919314191353,0.7238419787933458,312,1526.17
LiH_Reduced_8_Qubits,TwoLocal,2,COBYLA,depolarizing,0.092,-1.0900919314191353,0.7666586709054264,262,1241.87
LiH_Reduced_8_Qubits,TwoLocal,2,COBYLA,depolarizing,0.09,-1.0900919314191353,0.750059929246869,316,1470.36
LiH_Reduced_8_Qubits,TwoLocal,2,COBYLA,depolarizing,0.091,-1.0900919314191353,0.769021773120737,299,1352.39
LiH_Reduced_8_Qubits,TwoLocal,2,COBYLA,depolarizing,0.098,-1.0900919314191353,0.7840693272788888,263,1250.19
LiH_Reduced_8_Qubits,TwoLocal,2,COBYLA,depolarizing,0.094,-1.0900919314191353,0.7680175099683939,275,1292.87
LiH_Reduced_8_Qubits,TwoLocal,2,COBYLA,depolarizing,0.095,-1.0900919314191353,0.8113441890317589,286,1326.45
LiH_Reduced_8_Qubits,TwoLocal,2,COBYLA,depolarizing,0.097,-1.0900919314191353,0.7997328826479837,313,1498.95
LiH_Reduced_8_Qubits,TwoLocal,2,COBYLA,depolarizing,0.096,-1.0900919314191353,0.7806404216453005,319,1510.83
LiH_Reduced_8_Qubits,TwoLocal,2,COBYLA,depolarizing,0.093,-1.0900919314191353,0.7728010054411848,344,1774.19
LiH_Reduced_8_Qubits,TwoLocal,2,COBYLA,depolarizing,0.099,-1.0900919314191353,0.821008057835957,292,1394.81
LiH_Reduced_8_Qubits,TwoLocal,2,COBYLA,bitflip,0.001,-1.0900919314191353,-0.9460046348127706,327,1486.98
LiH_Reduced_8_Qubits,TwoLocal,2,COBYLA,depolarizing,0.1,-1.0900919314191353,0.7924772342898813,360,1729.41
LiH_Reduced_8_Qubits,TwoLocal,2,COBYLA,bitflip,0.004,-1.0900919314191353,-0.5478366439765102,294,1382.05
LiH_Reduced_8_Qubits,TwoLocal,2,COBYLA,bitflip,0.002,-1.0900919314191353,-0.6869316365487743,315,1511.2
LiH_Reduced_8_Qubits,TwoLocal,2,COBYLA,bitflip,0.003,-1.0900919314191353,-0.5162225100816857,329,1580.21
LiH_Reduced_8_Qubits,TwoLocal,2,COBYLA,bitflip,0.006,-1.0900919314191353,-0.5786762473578688,320,1494.25
LiH_Reduced_8_Qubits,TwoLocal,2,COBYLA,bitflip,0.005,-1.0900919314191353,-0.5110445074529143,336,1558.89
LiH_Reduced_8_Qubits,TwoLocal,2,COBYLA,bitflip,0.007,-1.0900919314191353,-0.07806484347386605,330,1494.6
LiH_Reduced_8_Qubits,TwoLocal,2,COBYLA,bitflip,0.008,-1.0900919314191353,-0.2136187735775384,316,1535.52
LiH_Reduced_8_Qubits,TwoLocal,2,COBYLA,bitflip,0.009000000000000001,-1.0900919314191353,-0.32610312383743,336,1541.01
LiH_Reduced_8_Qubits,TwoLocal,2,COBYLA,bitflip,0.011,-1.0900919314191353,-0.04223065357090239,276,1323.15
LiH_Reduced_8_Qubits,TwoLocal,2,COBYLA,bitflip,0.01,-1.0900919314191353,-0.2704318931861658,342,1567.19
LiH_Reduced_8_Qubits,TwoLocal,2,COBYLA,bitflip,0.012,-1.0900919314191353,0.03714689594291265,287,1329.46
LiH_Reduced_8_Qubits,TwoLocal,2,COBYLA,bitflip,0.013000000000000001,-1.0900919314191353,0.025624912270105493,305,1462.26
LiH_Reduced_8_Qubits,TwoLocal,2,COBYLA,bitflip,0.014,-1.0900919314191353,-0.06633359809474587,302,1466.97
LiH_Reduced_8_Qubits,TwoLocal,2,COBYLA,bitflip,0.015,-1.0900919314191353,0.1133634637768446,329,1586.82
LiH_Reduced_8_Qubits,TwoLocal,2,COBYLA,bitflip,0.016,-1.0900919314191353,0.13027833483847917,343,1585.66
LiH_Reduced_8_Qubits,TwoLocal,2,COBYLA,bitflip,0.017,-1.0900919314191353,0.09261913543615319,323,1530.4
LiH_Reduced_8_Qubits,TwoLocal,2,COBYLA,bitflip,0.018000000000000002,-1.0900919314191353,0.13185198921146762,384,1720.06
LiH_Reduced_8_Qubits,TwoLocal,2,COBYLA,bitflip,0.021,-1.0900919314191353,0.2524855435173089,310,1457.02
LiH_Reduced_8_Qubits,TwoLocal,2,COBYLA,bitflip,0.019,-1.0900919314191353,0.1899032186162296,320,1577.88
LiH_Reduced_8_Qubits,TwoLocal,2,COBYLA,bitflip,0.02,-1.0900919314191353,0.24809922899698889,374,1745.49
LiH_Reduced_8_Qubits,TwoLocal,2,COBYLA,bitflip,0.022,-1.0900919314191353,0.22386504586042766,344,1632.2
LiH_Reduced_8_Qubits,TwoLocal,2,COBYLA,bitflip,0.024,-1.0900919314191353,0.38062187483841003,269,1299.94
LiH_Reduced_8_Qubits,TwoLocal,2,COBYLA,bitflip,0.025,-1.0900919314191353,0.5095066033072329,265,1222.54
LiH_Reduced_8_Qubits,TwoLocal,2,COBYLA,bitflip,0.023,-1.0900919314191353,0.25034102276152104,353,1664.35
LiH_Reduced_8_Qubits,TwoLocal,2,COBYLA,bitflip,0.026000000000000002,-1.0900919314191353,0.3836354658238508,362,1789.51
LiH_Reduced_8_Qubits,TwoLocal,2,COBYLA,bitflip,0.028,-1.0900919314191353,0.4674207880930732,318,1439.69
LiH_Reduced_8_Qubits,TwoLocal,2,COBYLA,bitflip,0.029,-1.0900919314191353,0.4501204733845827,310,1475.34
LiH_Reduced_8_Qubits,TwoLocal,2,COBYLA,bitflip,0.03,-1.0900919314191353,0.53014097170956,282,1259.07
LiH_Reduced_8_Qubits,TwoLocal,2,COBYLA,bitflip,0.027,-1.0900919314191353,0.40718482432929315,320,1545.56
LiH_Reduced_8_Qubits,TwoLocal,2,COBYLA,bitflip,0.032,-1.0900919314191353,0.6474770929690615,276,1291.69
LiH_Reduced_8_Qubits,TwoLocal,2,COBYLA,bitflip,0.033,-1.0900919314191353,0.5484956465964426,286,1284.42
LiH_Reduced_8_Qubits,TwoLocal,2,COBYLA,bitflip,0.031,-1.0900919314191353,0.4982437598013735,323,1596.75
LiH_Reduced_8_Qubits,TwoLocal,2,COBYLA,bitflip,0.034,-1.0900919314191353,0.5621806529501472,314,1495.07
LiH_Reduced_8_Qubits,TwoLocal,2,COBYLA,bitflip,0.035,-1.0900919314191353,0.7486021807799986,253,1255.4
LiH_Reduced_8_Qubits,TwoLocal,2,COBYLA,bitflip,0.036000000000000004,-1.0900919314191353,0.6373935701267854,310,1405.06
LiH_Reduced_8_Qubits,TwoLocal,2,COBYLA,bitflip,0.038,-1.0900919314191353,0.6753232942253924,304,1368.91
LiH_Reduced_8_Qubits,TwoLocal,2,COBYLA,bitflip,0.041,-1.0900919314191353,0.6631431932280337,294,1321.16
LiH_Reduced_8_Qubits,TwoLocal,2,COBYLA,bitflip,0.04,-1.0900919314191353,0.6591616770052127,302,1404.28
LiH_Reduced_8_Qubits,TwoLocal,2,COBYLA,bitflip,0.039,-1.0900919314191353,0.6479859297112329,329,1548.22
LiH_Reduced_8_Qubits,TwoLocal,2,COBYLA,bitflip,0.037,-1.0900919314191353,0.6089674086656889,337,1591.72
LiH_Reduced_8_Qubits,TwoLocal,2,COBYLA,bitflip,0.042,-1.0900919314191353,0.7154128176200955,301,1473.63
LiH_Reduced_8_Qubits,TwoLocal,2,COBYLA,bitflip,0.043000000000000003,-1.0900919314191353,0.7154335330573897,357,1741.89
LiH_Reduced_8_Qubits,TwoLocal,2,COBYLA,bitflip,0.044,-1.0900919314191353,0.798447653895138,272,1339.4
LiH_Reduced_8_Qubits,TwoLocal,2,COBYLA,bitflip,0.045,-1.0900919314191353,0.767456303450185,292,1333.85
LiH_Reduced_8_Qubits,TwoLocal,2,COBYLA,bitflip,0.047,-1.0900919314191353,0.8045438834321537,284,1278.52
LiH_Reduced_8_Qubits,TwoLocal,2,COBYLA,bitflip,0.049,-1.0900919314191353,0.8374633664335782,284,1336.43
LiH_Reduced_8_Qubits,TwoLocal,2,COBYLA,bitflip,0.046,-1.0900919314191353,0.7497783021367779,356,1607.14
LiH_Reduced_8_Qubits,TwoLocal,2,COBYLA,bitflip,0.048,-1.0900919314191353,0.7854152058114028,311,1459.12
LiH_Reduced_8_Qubits,TwoLocal,2,COBYLA,bitflip,0.05,-1.0900919314191353,0.7823267947602677,347,1630.89
LiH_Reduced_8_Qubits,TwoLocal,2,COBYLA,bitflip,0.051000000000000004,-1.0900919314191353,0.8851416801609073,271,1344.09
LiH_Reduced_8_Qubits,TwoLocal,2,COBYLA,bitflip,0.052000000000000005,-1.0900919314191353,0.8336689718823098,301,1477.97
LiH_Reduced_8_Qubits,TwoLocal,2,COBYLA,bitflip,0.053,-1.0900919314191353,0.862828825104754,281,1352.31
LiH_Reduced_8_Qubits,TwoLocal,2,COBYLA,bitflip,0.054,-1.0900919314191353,0.8329635751146262,290,1355.6
LiH_Reduced_8_Qubits,TwoLocal,2,COBYLA,bitflip,0.056,-1.0900919314191353,0.8523194062255129,261,1200.74
LiH_Reduced_8_Qubits,TwoLocal,2,COBYLA,bitflip,0.055,-1.0900919314191353,0.8528400316449964,297,1394.78
LiH_Reduced_8_Qubits,TwoLocal,2,COBYLA,bitflip,0.057,-1.0900919314191353,0.8787721692864928,288,1350.95
LiH_Reduced_8_Qubits,TwoLocal,2,COBYLA,bitflip,0.058,-1.0900919314191353,0.8729810278364876,314,1537.47
LiH_Reduced_8_Qubits,TwoLocal,2,COBYLA,bitflip,0.059000000000000004,-1.0900919314191353,0.9076439118985287,314,1417.44
LiH_Reduced_8_Qubits,TwoLocal,2,COBYLA,bitflip,0.06,-1.0900919314191353,0.8831095369189664,309,1458.19
LiH_Reduced_8_Qubits,TwoLocal,2,COBYLA,bitflip,0.062,-1.0900919314191353,0.8943734036671046,291,1373.18
LiH_Reduced_8_Qubits,TwoLocal,2,COBYLA,bitflip,0.061,-1.0900919314191353,0.8862992081294575,311,1507.38
LiH_Reduced_8_Qubits,TwoLocal,2,COBYLA,bitflip,0.063,-1.0900919314191353,0.9393170251134239,289,1370.12
LiH_Reduced_8_Qubits,TwoLocal,2,COBYLA,bitflip,0.064,-1.0900919314191353,0.9172667269910295,289,1305.71
LiH_Reduced_8_Qubits,TwoLocal,2,COBYLA,bitflip,0.065,-1.0900919314191353,0.9173846294971196,305,1431.74
LiH_Reduced_8_Qubits,TwoLocal,2,COBYLA,bitflip,0.068,-1.0900919314191353,0.9493005073445626,252,1127.03
LiH_Reduced_8_Qubits,TwoLocal,2,COBYLA,bitflip,0.069,-1.0900919314191353,0.956462882224545,267,1268.24
LiH_Reduced_8_Qubits,TwoLocal,2,COBYLA,bitflip,0.066,-1.0900919314191353,0.9365122732289124,364,1741.59
LiH_Reduced_8_Qubits,TwoLocal,2,COBYLA,bitflip,0.067,-1.0900919314191353,0.9268353359004435,321,1602.46
LiH_Reduced_8_Qubits,TwoLocal,2,COBYLA,bitflip,0.07,-1.0900919314191353,0.9649477334420112,319,1505.66
LiH_Reduced_8_Qubits,TwoLocal,2,COBYLA,bitflip,0.073,-1.0900919314191353,1.0130469564335907,288,1296.24
LiH_Reduced_8_Qubits,TwoLocal,2,COBYLA,bitflip,0.07200000000000001,-1.0900919314191353,0.9964459708977425,286,1381.15
LiH_Reduced_8_Qubits,TwoLocal,2,COBYLA,bitflip,0.074,-1.0900919314191353,0.9879944222620588,256,1192.71
LiH_Reduced_8_Qubits,TwoLocal,2,COBYLA,bitflip,0.07100000000000001,-1.0900919314191353,0.968801373777143,329,1581.07
LiH_Reduced_8_Qubits,TwoLocal,2,COBYLA,bitflip,0.075,-1.0900919314191353,1.0127308212528212,259,1179.12
LiH_Reduced_8_Qubits,TwoLocal,2,COBYLA,bitflip,0.076,-1.0900919314191353,1.007709562876645,289,1366.04
LiH_Reduced_8_Qubits,TwoLocal,2,COBYLA,bitflip,0.077,-1.0900919314191353,1.039524929306415,271,1306.07
LiH_Reduced_8_Qubits,TwoLocal,2,COBYLA,bitflip,0.078,-1.0900919314191353,1.0082297205074071,274,1305.29
LiH_Reduced_8_Qubits,TwoLocal,2,COBYLA,bitflip,0.08,-1.0900919314191353,0.9930261239485859,273,1246.3
LiH_Reduced_8_Qubits,TwoLocal,2,COBYLA,bitflip,0.084,-1.0900919314191353,1.0291907352904495,241,1099.65
LiH_Reduced_8_Qubits,TwoLocal,2,COBYLA,bitflip,0.081,-1.0900919314191353,1.0248786496462774,271,1279.59
LiH_Reduced_8_Qubits,TwoLocal,2,COBYLA,bitflip,0.079,-1.0900919314191353,0.9950588759664467,290,1380.31
LiH_Reduced_8_Qubits,TwoLocal,2,COBYLA,bitflip,0.083,-1.0900919314191353,0.9950195101067019,260,1306.83
LiH_Reduced_8_Qubits,TwoLocal,2,COBYLA,bitflip,0.082,-1.0900919314191353,1.0599358293842036,318,1477.07
LiH_Reduced_8_Qubits,TwoLocal,2,COBYLA,bitflip,0.08700000000000001,-1.0900919314191353,1.0531465848465658,228,1094.76
LiH_Reduced_8_Qubits,TwoLocal,2,COBYLA,bitflip,0.08600000000000001,-1.0900919314191353,1.0314042679454178,266,1273.4
LiH_Reduced_8_Qubits,TwoLocal,2,COBYLA,bitflip,0.085,-1.0900919314191353,1.0271445590164645,279,1322.98
LiH_Reduced_8_Qubits,TwoLocal,2,COBYLA,bitflip,0.089,-1.0900919314191353,1.0685272813474405,284,1272.8
LiH_Reduced_8_Qubits,TwoLocal,2,COBYLA,bitflip,0.091,-1.0900919314191353,1.050575790436556,267,1256.87
LiH_Reduced_8_Qubits,TwoLocal,2,COBYLA,bitflip,0.088,-1.0900919314191353,1.0272036467684367,321,1438.15
LiH_Reduced_8_Qubits,TwoLocal,2,COBYLA,bitflip,0.092,-1.0900919314191353,1.0482194616139546,251,1239.67
LiH_Reduced_8_Qubits,TwoLocal,2,COBYLA,bitflip,0.093,-1.0900919314191353,1.0638692266525085,259,1235.89
LiH_Reduced_8_Qubits,TwoLocal,2,COBYLA,bitflip,0.09,-1.0900919314191353,1.0382286054324221,333,1593.77
LiH_Reduced_8_Qubits,TwoLocal,2,COBYLA,bitflip,0.095,-1.0900919314191353,1.0589701039406325,266,1254.79
LiH_Reduced_8_Qubits,TwoLocal,2,COBYLA,bitflip,0.096,-1.0900919314191353,1.056707130428704,288,1340.24
LiH_Reduced_8_Qubits,TwoLocal,2,COBYLA,bitflip,0.094,-1.0900919314191353,1.0527239095688432,318,1518.81
LiH_Reduced_8_Qubits,TwoLocal,2,COBYLA,bitflip,0.097,-1.0900919314191353,1.0594402145355968,270,1207.81
LiH_Reduced_8_Qubits,TwoLocal,2,COBYLA,bitflip,0.098,-1.0900919314191353,1.042606889528524,279,1276.04
LiH_Reduced_8_Qubits,TwoLocal,2,COBYLA,bitflip,0.099,-1.0900919314191353,1.0527169451754415,280,1245.36
LiH_Reduced_8_Qubits,TwoLocal,2,COBYLA,bitflip,0.1,-1.0900919314191353,1.0451808136469747,330,1545.2
LiH_Reduced_8_Qubits,TwoLocal,2,SPSA,noiseless,0.0,-1.0900919314191353,-1.0661489897128167,500,1419.08
LiH_Reduced_8_Qubits,TwoLocal,2,SPSA,depolarizing,0.001,-1.0900919314191353,-0.8641190445425507,500,2563.67
LiH_Reduced_8_Qubits,TwoLocal,2,SPSA,depolarizing,0.002,-1.0900919314191353,-0.5897551834423926,500,2548.53
LiH_Reduced_8_Qubits,TwoLocal,2,SPSA,depolarizing,0.003,-1.0900919314191353,-0.9069641376820233,500,2638.91
LiH_Reduced_8_Qubits,TwoLocal,2,SPSA,depolarizing,0.004,-1.0900919314191353,-0.8223217033780534,500,2651.39
LiH_Reduced_8_Qubits,TwoLocal,2,SPSA,depolarizing,0.005,-1.0900919314191353,-0.7133603730828622,500,2682.27
LiH_Reduced_8_Qubits,TwoLocal,2,SPSA,depolarizing,0.007,-1.0900919314191353,-0.571947193162399,500,2558.49
LiH_Reduced_8_Qubits,TwoLocal,2,SPSA,depolarizing,0.006,-1.0900919314191353,-0.7535228071938852,500,2649.23
LiH_Reduced_8_Qubits,TwoLocal,2,SPSA,depolarizing,0.008,-1.0900919314191353,-0.16319316359741132,500,2523.93
LiH_Reduced_8_Qubits,TwoLocal,2,SPSA,depolarizing,0.009000000000000001,-1.0900919314191353,-0.4880542843895291,500,2690.19
LiH_Reduced_8_Qubits,TwoLocal,2,SPSA,depolarizing,0.01,-1.0900919314191353,-0.4905121828233708,500,2537.25
LiH_Reduced_8_Qubits,TwoLocal,2,SPSA,depolarizing,0.011,-1.0900919314191353,-0.6078414543782876,500,2537.63
LiH_Reduced_8_Qubits,TwoLocal,2,SPSA,depolarizing,0.012,-1.0900919314191353,-0.3935837621627368,500,2603.45
LiH_Reduced_8_Qubits,TwoLocal,2,SPSA,depolarizing,0.013000000000000001,-1.0900919314191353,-0.4191628001140406,500,2758.82
LiH_Reduced_8_Qubits,TwoLocal,2,SPSA,depolarizing,0.015,-1.0900919314191353,-0.2686566686423346,500,2482.78
LiH_Reduced_8_Qubits,TwoLocal,2,SPSA,depolarizing,0.014,-1.0900919314191353,-0.37985790145170373,500,2728.65
LiH_Reduced_8_Qubits,TwoLocal,2,SPSA,depolarizing,0.016,-1.0900919314191353,-0.3490797101863302,500,2716.39
LiH_Reduced_8_Qubits,TwoLocal,2,SPSA,depolarizing,0.018000000000000002,-1.0900919314191353,-0.29992390158797677,500,2476.64
LiH_Reduced_8_Qubits,TwoLocal,2,SPSA,depolarizing,0.017,-1.0900919314191353,-0.4224259175389355,500,2763.18
LiH_Reduced_8_Qubits,TwoLocal,2,SPSA,depolarizing,0.019,-1.0900919314191353,-0.18445748464560985,500,2776.09
LiH_Reduced_8_Qubits,TwoLocal,2,SPSA,depolarizing,0.02,-1.0900919314191353,-0.2845470205756858,500,2718.04
LiH_Reduced_8_Qubits,TwoLocal,2,SPSA,depolarizing,0.021,-1.0900919314191353,-0.1557296476009863,500,2600.37
LiH_Reduced_8_Qubits,TwoLocal,2,SPSA,depolarizing,0.023,-1.0900919314191353,-0.19796774059520772,500,2417.43
LiH_Reduced_8_Qubits,TwoLocal,2,SPSA,depolarizing,0.022,-1.0900919314191353,-0.11845857521151942,500,2657.35
LiH_Reduced_8_Qubits,TwoLocal,2,SPSA,depolarizing,0.025,-1.0900919314191353,-0.01960256725987751,500,2670.51
LiH_Reduced_8_Qubits,TwoLocal,2,SPSA,depolarizing,0.024,-1.0900919314191353,0.009921174823235845,500,2740.59
LiH_Reduced_8_Qubits,TwoLocal,2,SPSA,depolarizing,0.026000000000000002,-1.0900919314191353,-0.08530007399927836,500,2669.63
LiH_Reduced_8_Qubits,TwoLocal,2,SPSA,depolarizing,0.027,-1.0900919314191353,-0.11365575343676915,500,2610.8
LiH_Reduced_8_Qubits,TwoLocal,2,SPSA,depolarizing,0.029,-1.0900919314191353,-0.04864565635889384,500,2501.93
LiH_Reduced_8_Qubits,TwoLocal,2,SPSA,depolarizing,0.028,-1.0900919314191353,-0.11109144820352046,500,2935.69
LiH_Reduced_8_Qubits,TwoLocal,2,SPSA,depolarizing,0.03,-1.0900919314191353,-0.025117627989860725,500,2668.8
LiH_Reduced_8_Qubits,TwoLocal,2,SPSA,depolarizing,0.031,-1.0900919314191353,0.267369210058204,500,2545.33
LiH_Reduced_8_Qubits,TwoLocal,2,SPSA,depolarizing,0.032,-1.0900919314191353,0.15245602777498535,500,2710.47
LiH_Reduced_8_Qubits,TwoLocal,2,SPSA,depolarizing,0.033,-1.0900919314191353,0.07449915716257943,500,2663.21
LiH_Reduced_8_Qubits,TwoLocal,2,SPSA,depolarizing,0.034,-1.0900919314191353,0.1974191794169788,500,2661.66
LiH_Reduced_8_Qubits,TwoLocal,2,SPSA,depolarizing,0.035,-1.0900919314191353,0.1426832960223829,500,2526.25
LiH_Reduced_8_Qubits,TwoLocal,2,SPSA,depolarizing,0.036000000000000004,-1.0900919314191353,0.12973993181071403,500,2532.48
LiH_Reduced_8_Qubits,TwoLocal,2,SPSA,depolarizing,0.037,-1.0900919314191353,0.17209981436288896,500,2676.33
LiH_Reduced_8_Qubits,TwoLocal,2,SPSA,depolarizing,0.038,-1.0900919314191353,0.19036498593384743,500,2659.77
LiH_Reduced_8_Qubits,TwoLocal,2,SPSA,depolarizing,0.04,-1.0900919314191353,0.17832316747662175,500,2517.02
LiH_Reduced_8_Qubits,TwoLocal,2,SPSA,depolarizing,0.039,-1.0900919314191353,0.17319068263818904,500,2637.79
LiH_Reduced_8_Qubits,TwoLocal,2,SPSA,depolarizing,0.041,-1.0900919314191353,0.21148742551905203,500,2850.97
LiH_Reduced_8_Qubits,TwoLocal,2,SPSA,depolarizing,0.043000000000000003,-1.0900919314191353,0.25309093279377887,500,2522.45
LiH_Reduced_8_Qubits,TwoLocal,2,SPSA,depolarizing,0.042,-1.0900919314191353,0.2993677550946067,500,2649.73
LiH_Reduced_8_Qubits,TwoLocal,2,SPSA,depolarizing,0.045,-1.0900919314191353,0.25857539207208496,500,2572.34
LiH_Reduced_8_Qubits,TwoLocal,2,SPSA,depolarizing,0.044,-1.0900919314191353,0.27781181496745216,500,2725.83
LiH_Reduced_8_Qubits,TwoLocal,2,SPSA,depolarizing,0.046,-1.0900919314191353,0.4219087797302221,500,2622.66
LiH_Reduced_8_Qubits,TwoLocal,2,SPSA,depolarizing,0.048,-1.0900919314191353,0.3609856486155528,500,2531.84
LiH_Reduced_8_Qubits,TwoLocal,2,SPSA,depolarizing,0.049,-1.0900919314191353,0.33028912006115857,500,2629.43
LiH_Reduced_8_Qubits,TwoLocal,2,SPSA,depolarizing,0.047,-1.0900919314191353,0.30642505305499,500,2717.61
LiH_Reduced_8_Qubits,TwoLocal,2,SPSA,depolarizing,0.051000000000000004,-1.0900919314191353,0.36493343456133026,500,2537.75
LiH_Reduced_8_Qubits,TwoLocal,2,SPSA,depolarizing,0.05,-1.0900919314191353,0.3609332520415536,500,2731.64
LiH_Reduced_8_Qubits,TwoLocal,2,SPSA,depolarizing,0.053,-1.0900919314191353,0.4685854622965502,500,2551.61
LiH_Reduced_8_Qubits,TwoLocal,2,SPSA,depolarizing,0.052000000000000005,-1.0900919314191353,0.377141498334442,500,2616.89
LiH_Reduced_8_Qubits,TwoLocal,2,SPSA,depolarizing,0.054,-1.0900919314191353,0.41602621105500626,500,2786.29
LiH_Reduced_8_Qubits,TwoLocal,2,SPSA,depolarizing,0.055,-1.0900919314191353,0.5448721674481488,500,2668.74
LiH_Reduced_8_Qubits,TwoLocal,2,SPSA,depolarizing,0.056,-1.0900919314191353,0.4539992109044441,500,2536.94
LiH_Reduced_8_Qubits,TwoLocal,2,SPSA,depolarizing,0.057,-1.0900919314191353,0.4243254420105208,500,2638.12
LiH_Reduced_8_Qubits,TwoLocal,2,SPSA,depolarizing,0.058,-1.0900919314191353,0.44733334039994377,500,2925.85
LiH_Reduced_8_Qubits,TwoLocal,2,SPSA,depolarizing,0.059000000000000004,-1.0900919314191353,0.4665963980905742,500,2519.33
LiH_Reduced_8_Qubits,TwoLocal,2,SPSA,depolarizing,0.061,-1.0900919314191353,0.4801865794456618,500,2509.54
LiH_Reduced_8_Qubits,TwoLocal,2,SPSA,depolarizing,0.062,-1.0900919314191353,0.5077982694504919,500,2595.84
LiH_Reduced_8_Qubits,TwoLocal,2,SPSA,depolarizing,0.06,-1.0900919314191353,0.47852694248954786,500,2858.86
LiH_Reduced_8_Qubits,TwoLocal,2,SPSA,depolarizing,0.063,-1.0900919314191353,0.49549044804362086,500,2817.13
LiH_Reduced_8_Qubits,TwoLocal,2,SPSA,depolarizing,0.064,-1.0900919314191353,0.5025019963851838,500,2606.65
LiH_Reduced_8_Qubits,TwoLocal,2,SPSA,depolarizing,0.065,-1.0900919314191353,0.6053691793615751,500,2610.59
LiH_Reduced_8_Qubits,TwoLocal,2,SPSA,depolarizing,0.066,-1.0900919314191353,0.5563780359446231,500,2551.35
LiH_Reduced_8_Qubits,TwoLocal,2,SPSA,depolarizing,0.068,-1.0900919314191353,0.5625669762302564,500,2531.06
LiH_Reduced_8_Qubits,TwoLocal,2,SPSA,depolarizing,0.069,-1.0900919314191353,0.5813767824246203,500,2427.76
LiH_Reduced_8_Qubits,TwoLocal,2,SPSA,depolarizing,0.067,-1.0900919314191353,0.5459025464054302,500,2940.93
LiH_Reduced_8_Qubits,TwoLocal,2,SPSA,depolarizing,0.07,-1.0900919314191353,0.5876175060871917,500,2589.07
LiH_Reduced_8_Qubits,TwoLocal,2,SPSA,depolarizing,0.07100000000000001,-1.0900919314191353,0.6121686582381574,500,2840.06
LiH_Reduced_8_Qubits,TwoLocal,2,SPSA,depolarizing,0.07200000000000001,-1.0900919314191353,0.6649327724972534,500,2834.88
LiH_Reduced_8_Qubits,TwoLocal,2,SPSA,depolarizing,0.074,-1.0900919314191353,0.6352510992795372,500,2625.0
LiH_Reduced_8_Qubits,TwoLocal,2,SPSA,depolarizing,0.073,-1.0900919314191353,0.7083859275722483,500,2792.84
LiH_Reduced_8_Qubits,TwoLocal,2,SPSA,depolarizing,0.075,-1.0900919314191353,0.650408797989878,500,2700.3
LiH_Reduced_8_Qubits,TwoLocal,2,SPSA,depolarizing,0.077,-1.0900919314191353,0.6446521770225677,500,2397.64
LiH_Reduced_8_Qubits,TwoLocal,2,SPSA,depolarizing,0.076,-1.0900919314191353,0.6482091052364922,500,2630.67
LiH_Reduced_8_Qubits,TwoLocal,2,SPSA,depolarizing,0.079,-1.0900919314191353,0.6692985863119796,500,2519.66
LiH_Reduced_8_Qubits,TwoLocal,2,SPSA,depolarizing,0.078,-1.0900919314191353,0.6873300116450121,500,2872.42
LiH_Reduced_8_Qubits,TwoLocal,2,SPSA,depolarizing,0.08,-1.0900919314191353,0.6964113736340386,500,2578.5
LiH_Reduced_8_Qubits,TwoLocal,2,SPSA,depolarizing,0.081,-1.0900919314191353,0.7142970622862526,500,2852.64
LiH_Reduced_8_Qubits,TwoLocal,2,SPSA,depolarizing,0.085,-1.0900919314191353,0.7320760471424943,500,2365.85
LiH_Reduced_8_Qubits,TwoLocal,2,SPSA,depolarizing,0.082,-1.0900919314191353,0.6817619058868579,500,2779.4
LiH_Reduced_8_Qubits,TwoLocal,2,SPSA,depolarizing,0.083,-1.0900919314191353,0.7049715609028429,500,2917.12
LiH_Reduced_8_Qubits,TwoLocal,2,SPSA,depolarizing,0.084,-1.0900919314191353,0.7068958848361239,500,2898.14
LiH_Reduced_8_Qubits,TwoLocal,2,SPSA,depolarizing,0.08600000000000001,-1.0900919314191353,0.7222416567103765,500,2646.74
LiH_Reduced_8_Qubits,TwoLocal,2,SPSA,depolarizing,0.08700000000000001,-1.0900919314191353,0.7632721860677125,500,2488.52
LiH_Reduced_8_Qubits,TwoLocal,2,SPSA,depolarizing,0.088,-1.0900919314191353,0.7075170885699431,500,2675.33
LiH_Reduced_8_Qubits,TwoLocal,2,SPSA,depolarizing,0.089,-1.0900919314191353,0.7372434026880283,500,2600.04
LiH_Reduced_8_Qubits,TwoLocal,2,SPSA,depolarizing,0.09,-1.0900919314191353,0.7426423198159877,500,2814.96
LiH_Reduced_8_Qubits,TwoLocal,2,SPSA,depolarizing,0.091,-1.0900919314191353,0.8518467365943121,500,2447.18
LiH_Reduced_8_Qubits,TwoLocal,2,SPSA,depolarizing,0.092,-1.0900919314191353,0.7503498529215697,500,2653.12
LiH_Reduced_8_Qubits,TwoLocal,2,SPSA,depolarizing,0.096,-1.0900919314191353,0.7972846104197667,500,2506.66
LiH_Reduced_8_Qubits,TwoLocal,2,SPSA,depolarizing,0.094,-1.0900919314191353,0.7785674070780573,500,2725.59
LiH_Reduced_8_Qubits,TwoLocal,2,SPSA,depolarizing,0.095,-1.0900919314191353,0.7817537517760582,500,2642.62
LiH_Reduced_8_Qubits,TwoLocal,2,SPSA,depolarizing,0.093,-1.0900919314191353,0.8034071168485202,500,2855.95
LiH_Reduced_8_Qubits,TwoLocal,2,SPSA,depolarizing,0.097,-1.0900919314191353,0.8003347465565488,500,2596.19
LiH_Reduced_8_Qubits,TwoLocal,2,SPSA,depolarizing,0.098,-1.0900919314191353,0.8075972337864151,500,2652.51
LiH_Reduced_8_Qubits,TwoLocal,2,SPSA,depolarizing,0.099,-1.0900919314191353,0.8478083120686714,500,2683.26
LiH_Reduced_8_Qubits,TwoLocal,2,SPSA,depolarizing,0.1,-1.0900919314191353,0.8398800250396566,500,2477.6
LiH_Reduced_8_Qubits,TwoLocal,2,SPSA,bitflip,0.001,-1.0900919314191353,-0.7731857429468815,500,2722.57
LiH_Reduced_8_Qubits,TwoLocal,2,SPSA,bitflip,0.002,-1.0900919314191353,-0.6593947772989642,500,2578.75
LiH_Reduced_8_Qubits,TwoLocal,2,SPSA,bitflip,0.004,-1.0900919314191353,-0.6391975594475138,500,2597.5
LiH_Reduced_8_Qubits,TwoLocal,2,SPSA,bitflip,0.003,-1.0900919314191353,-0.5417919464850349,500,2649.6
LiH_Reduced_8_Qubits,TwoLocal,2,SPSA,bitflip,0.005,-1.0900919314191353,-0.5687479218580933,500,2890.9
LiH_Reduced_8_Qubits,TwoLocal,2,SPSA,bitflip,0.006,-1.0900919314191353,-0.2521873737853867,500,2733.69
LiH_Reduced_8_Qubits,TwoLocal,2,SPSA,bitflip,0.007,-1.0900919314191353,-0.3821378593597573,500,2649.29
LiH_Reduced_8_Qubits,TwoLocal,2,SPSA,bitflip,0.008,-1.0900919314191353,-0.3287633428472001,500,2618.55
LiH_Reduced_8_Qubits,TwoLocal,2,SPSA,bitflip,0.009000000000000001,-1.0900919314191353,-0.23154605353312502,500,2760.1
LiH_Reduced_8_Qubits,TwoLocal,2,SPSA,bitflip,0.01,-1.0900919314191353,-0.2771921429552184,500,2736.48
LiH_Reduced_8_Qubits,TwoLocal,2,SPSA,bitflip,0.013000000000000001,-1.0900919314191353,-0.01421286753359835,500,2667.6
LiH_Reduced_8_Qubits,TwoLocal,2,SPSA,bitflip,0.012,-1.0900919314191353,0.046845097590999085,500,2781.26
LiH_Reduced_8_Qubits,TwoLocal,2,SPSA,bitflip,0.011,-1.0900919314191353,-0.2741393812367455,500,2890.34
LiH_Reduced_8_Qubits,TwoLocal,2,SPSA,bitflip,0.014,-1.0900919314191353,-0.06661246609872251,500,2737.53
LiH_Reduced_8_Qubits,TwoLocal,2,SPSA,bitflip,0.016,-1.0900919314191353,0.02462703232121327,500,2665.35
LiH_Reduced_8_Qubits,TwoLocal,2,SPSA,bitflip,0.015,-1.0900919314191353,0.074738149335695,500,2720.71
LiH_Reduced_8_Qubits,TwoLocal,2,SPSA,bitflip,0.017,-1.0900919314191353,0.05840847727184417,500,2402.02
LiH_Reduced_8_Qubits,TwoLocal,2,SPSA,bitflip,0.018000000000000002,-1.0900919314191353,0.1436721497341475,500,2658.85
LiH_Reduced_8_Qubits,TwoLocal,2,SPSA,bitflip,0.019,-1.0900919314191353,0.16368814309964314,500,2819.58
LiH_Reduced_8_Qubits,TwoLocal,2,SPSA,bitflip,0.02,-1.0900919314191353,0.15774445375820234,500,2847.85
LiH_Reduced_8_Qubits,TwoLocal,2,SPSA,bitflip,0.022,-1.0900919314191353,0.22850605822777126,500,2866.96
LiH_Reduced_8_Qubits,TwoLocal,2,SPSA,bitflip,0.021,-1.0900919314191353,0.20049046312691304,500,2970.95
LiH_Reduced_8_Qubits,TwoLocal,2,SPSA,bitflip,0.023,-1.0900919314191353,0.26869688214184817,500,2818.83
LiH_Reduced_8_Qubits,TwoLocal,2,SPSA,bitflip,0.024,-1.0900919314191353,0.28409579612940083,500,2590.78
LiH_Reduced_8_Qubits,TwoLocal,2,SPSA,bitflip,0.025,-1.0900919314191353,0.3447656536970892,500,2886.32
LiH_Reduced_8_Qubits,TwoLocal,2,SPSA,bitflip,0.026000000000000002,-1.0900919314191353,0.33380150643441453,500,2542.66
LiH_Reduced_8_Qubits,TwoLocal,2,SPSA,bitflip,0.027,-1.0900919314191353,0.41603999651077017,500,2649.08
LiH_Reduced_8_Qubits,TwoLocal,2,SPSA,bitflip,0.028,-1.0900919314191353,0.41966997612052354,500,2742.06
LiH_Reduced_8_Qubits,TwoLocal,2,SPSA,bitflip,0.029,-1.0900919314191353,0.42822938082615913,500,2848.5
LiH_Reduced_8_Qubits,TwoLocal,2,SPSA,bitflip,0.03,-1.0900919314191353,0.48950890320133283,500,2879.82
LiH_Reduced_8_Qubits,TwoLocal,2,SPSA,bitflip,0.033,-1.0900919314191353,0.504182170767757,500,2610.97
LiH_Reduced_8_Qubits,TwoLocal,2,SPSA,bitflip,0.032,-1.0900919314191353,0.5382724791742859,500,2828.41
LiH_Reduced_8_Qubits,TwoLocal,2,SPSA,bitflip,0.031,-1.0900919314191353,0.47512845259324965,500,2940.4
LiH_Reduced_8_Qubits,TwoLocal,2,SPSA,bitflip,0.035,-1.0900919314191353,0.5658991549599621,500,2383.58
LiH_Reduced_8_Qubits,TwoLocal,2,SPSA,bitflip,0.034,-1.0900919314191353,0.5608648222638908,500,2920.52
LiH_Reduced_8_Qubits,TwoLocal,2,SPSA,bitflip,0.036000000000000004,-1.0900919314191353,0.6013856050975126,500,2861.89
LiH_Reduced_8_Qubits,TwoLocal,2,SPSA,bitflip,0.037,-1.0900919314191353,0.6338658682363263,500,2740.79
LiH_Reduced_8_Qubits,TwoLocal,2,SPSA,bitflip,0.04,-1.0900919314191353,0.6787055066392518,500,2651.06
LiH_Reduced_8_Qubits,TwoLocal,2,SPSA,bitflip,0.038,-1.0900919314191353,0.6099676059129657,500,2830.14
LiH_Reduced_8_Qubits,TwoLocal,2,SPSA,bitflip,0.043000000000000003,-1.0900919314191353,0.7261315793393106,500,2386.94
LiH_Reduced_8_Qubits,TwoLocal,2,SPSA,bitflip,0.039,-1.0900919314191353,0.6554343444241385,500,2844.25
LiH_Reduced_8_Qubits,TwoLocal,2,SPSA,bitflip,0.041,-1.0900919314191353,0.7331562213748684,500,2803.27
LiH_Reduced_8_Qubits,TwoLocal,2,SPSA,bitflip,0.042,-1.0900919314191353,0.7214632222361285,500,2871.44
LiH_Reduced_8_Qubits,TwoLocal,2,SPSA,bitflip,0.044,-1.0900919314191353,0.7440648763090587,500,3083.98
LiH_Reduced_8_Qubits,TwoLocal,2,SPSA,bitflip,0.045,-1.0900919314191353,0.7567450003124839,500,2798.56
LiH_Reduced_8_Qubits,TwoLocal,2,SPSA,bitflip,0.046,-1.0900919314191353,0.7527757897425338,500,2751.17
LiH_Reduced_8_Qubits,TwoLocal,2,SPSA,bitflip,0.049,-1.0900919314191353,0.8104580463154694,500,2438.56
LiH_Reduced_8_Qubits,TwoLocal,2,SPSA,bitflip,0.047,-1.0900919314191353,0.8143388986148656,500,2696.8
LiH_Reduced_8_Qubits,TwoLocal,2,SPSA,bitflip,0.048,-1.0900919314191353,0.7575643095380588,500,2756.32
LiH_Reduced_8_Qubits,TwoLocal,2,SPSA,bitflip,0.05,-1.0900919314191353,0.8559411966672362,500,2775.87
LiH_Reduced_8_Qubits,TwoLocal,2,SPSA,bitflip,0.051000000000000004,-1.0900919314191353,0.8062226747633552,500,2741.86
LiH_Reduced_8_Qubits,TwoLocal,2,SPSA,bitflip,0.052000000000000005,-1.0900919314191353,0.8387112671833802,500,2852.22
LiH_Reduced_8_Qubits,TwoLocal,2,SPSA,bitflip,0.053,-1.0900919314191353,0.8713226664896175,500,2957.63
LiH_Reduced_8_Qubits,TwoLocal,2,SPSA,bitflip,0.054,-1.0900919314191353,0.8686730022093319,500,2781.07
LiH_Reduced_8_Qubits,TwoLocal,2,SPSA,bitflip,0.055,-1.0900919314191353,0.8697790312835202,500,2781.92
LiH_Reduced_8_Qubits,TwoLocal,2,SPSA,bitflip,0.056,-1.0900919314191353,0.8664799211950465,500,2565.81
LiH_Reduced_8_Qubits,TwoLocal,2,SPSA,bitflip,0.057,-1.0900919314191353,0.9669639956123562,500,2763.94
LiH_Reduced_8_Qubits,TwoLocal,2,SPSA,bitflip,0.058,-1.0900919314191353,0.8792292468240671,500,2838.01
LiH_Reduced_8_Qubits,TwoLocal,2,SPSA,bitflip,0.059000000000000004,-1.0900919314191353,0.8985384493591108,500,2741.98
LiH_Reduced_8_Qubits,TwoLocal,2,SPSA,bitflip,0.06,-1.0900919314191353,0.9065339229021399,500,2683.48
LiH_Reduced_8_Qubits,TwoLocal,2,SPSA,bitflip,0.061,-1.0900919314191353,0.9439382020249952,500,2702.93
LiH_Reduced_8_Qubits,TwoLocal,2,SPSA,bitflip,0.062,-1.0900919314191353,0.9403801474362433,500,2813.25
LiH_Reduced_8_Qubits,TwoLocal,2,SPSA,bitflip,0.063,-1.0900919314191353,0.9317785852823278,500,2866.72
LiH_Reduced_8_Qubits,TwoLocal,2,SPSA,bitflip,0.065,-1.0900919314191353,0.921976467920842,500,2732.8
LiH_Reduced_8_Qubits,TwoLocal,2,SPSA,bitflip,0.064,-1.0900919314191353,0.9374208674446551,500,2845.29
LiH_Reduced_8_Qubits,TwoLocal,2,SPSA,bitflip,0.066,-1.0900919314191353,0.9738053948440256,500,2778.01
LiH_Reduced_8_Qubits,TwoLocal,2,SPSA,bitflip,0.069,-1.0900919314191353,0.9556795241625996,500,2638.87
LiH_Reduced_8_Qubits,TwoLocal,2,SPSA,bitflip,0.068,-1.0900919314191353,1.0023517842222927,500,2677.53
LiH_Reduced_8_Qubits,TwoLocal,2,SPSA,bitflip,0.067,-1.0900919314191353,0.9580831682744372,500,2983.76
LiH_Reduced_8_Qubits,TwoLocal,2,SPSA,bitflip,0.07,-1.0900919314191353,0.9872033876762912,500,2754.96
LiH_Reduced_8_Qubits,TwoLocal,2,SPSA,bitflip,0.07100000000000001,-1.0900919314191353,0.9572393551760254,500,2721.48
LiH_Reduced_8_Qubits,TwoLocal,2,SPSA,bitflip,0.07200000000000001,-1.0900919314191353,0.9792977964188478,500,2939.25
LiH_Reduced_8_Qubits,TwoLocal,2,SPSA,bitflip,0.073,-1.0900919314191353,0.9937293493178354,500,2688.26
LiH_Reduced_8_Qubits,TwoLocal,2,SPSA,bitflip,0.074,-1.0900919314191353,1.0322217379364615,500,2900.37
LiH_Reduced_8_Qubits,TwoLocal,2,SPSA,bitflip,0.075,-1.0900919314191353,1.02027887559639,500,2754.93
LiH_Reduced_8_Qubits,TwoLocal,2,SPSA,bitflip,0.076,-1.0900919314191353,1.0179889511659312,500,2669.78
LiH_Reduced_8_Qubits,TwoLocal,2,SPSA,bitflip,0.077,-1.0900919314191353,1.0470401726211045,500,2704.32
LiH_Reduced_8_Qubits,TwoLocal,2,SPSA,bitflip,0.079,-1.0900919314191353,1.0239094843607157,500,2818.0
LiH_Reduced_8_Qubits,TwoLocal,2,SPSA,bitflip,0.078,-1.0900919314191353,1.0101038530180895,500,3026.38
LiH_Reduced_8_Qubits,TwoLocal,2,SPSA,bitflip,0.08,-1.0900919314191353,1.0260214620269952,500,2803.08
LiH_Reduced_8_Qubits,TwoLocal,2,SPSA,bitflip,0.082,-1.0900919314191353,1.0376637523197412,500,2733.82
LiH_Reduced_8_Qubits,TwoLocal,2,SPSA,bitflip,0.081,-1.0900919314191353,1.0759680446800697,500,2925.3
LiH_Reduced_8_Qubits,TwoLocal,2,SPSA,bitflip,0.083,-1.0900919314191353,1.0509925133625528,500,2764.86
LiH_Reduced_8_Qubits,TwoLocal,2,SPSA,bitflip,0.084,-1.0900919314191353,1.0679912167166412,500,2645.34
LiH_Reduced_8_Qubits,TwoLocal,2,SPSA,bitflip,0.085,-1.0900919314191353,1.0395162590091407,500,2771.08
LiH_Reduced_8_Qubits,TwoLocal,2,SPSA,bitflip,0.08600000000000001,-1.0900919314191353,1.0582741373681168,500,2801.74
LiH_Reduced_8_Qubits,TwoLocal,2,SPSA,bitflip,0.08700000000000001,-1.0900919314191353,1.0531234895192094,500,2803.6
LiH_Reduced_8_Qubits,TwoLocal,2,SPSA,bitflip,0.088,-1.0900919314191353,1.0760087546373502,500,2962.66
LiH_Reduced_8_Qubits,TwoLocal,2,SPSA,bitflip,0.089,-1.0900919314191353,1.0913357430860773,500,2881.05
LiH_Reduced_8_Qubits,TwoLocal,2,SPSA,bitflip,0.09,-1.0900919314191353,1.0901113248388852,500,2609.91
LiH_Reduced_8_Qubits,TwoLocal,2,SPSA,bitflip,0.091,-1.0900919314191353,1.077933857891438,500,2682.72
LiH_Reduced_8_Qubits,TwoLocal,2,SPSA,bitflip,0.092,-1.0900919314191353,1.0826519229243565,500,2731.05
LiH_Reduced_8_Qubits,TwoLocal,2,SPSA,bitflip,0.093,-1.0900919314191353,1.0800219653551026,500,2652.44
LiH_Reduced_8_Qubits,TwoLocal,2,SPSA,bitflip,0.094,-1.0900919314191353,1.0543322537545898,500,2838.69
LiH_Reduced_8_Qubits,TwoLocal,2,SPSA,bitflip,0.095,-1.0900919314191353,1.087933012512533,500,2865.57
LiH_Reduced_8_Qubits,TwoLocal,2,SPSA,bitflip,0.096,-1.0900919314191353,1.0871306118507233,500,2858.25
LiH_Reduced_8_Qubits,TwoLocal,2,SPSA,bitflip,0.097,-1.0900919314191353,1.084672852684682,500,2850.01
LiH_Reduced_8_Qubits,EfficientSU2,2,COBYLA,noiseless,0.0,-1.0900919314191353,-0.8823918150303697,500,1381.42
LiH_Reduced_8_Qubits,EfficientSU2,2,COBYLA,depolarizing,0.001,-1.0900919314191353,-0.761694909747019,500,1465.06
LiH_Reduced_8_Qubits,TwoLocal,2,SPSA,bitflip,0.098,-1.0900919314191353,1.0887449387150208,500,2748.22
LiH_Reduced_8_Qubits,EfficientSU2,2,COBYLA,depolarizing,0.002,-1.0900919314191353,-0.9440330850057788,500,1599.66
LiH_Reduced_8_Qubits,TwoLocal,2,SPSA,bitflip,0.099,-1.0900919314191353,1.0883745959293696,500,2479.46
LiH_Reduced_8_Qubits,EfficientSU2,2,COBYLA,depolarizing,0.003,-1.0900919314191353,-0.9094481433733931,500,1617.31
LiH_Reduced_8_Qubits,TwoLocal,2,SPSA,bitflip,0.1,-1.0900919314191353,1.084348010809119,500,2548.76
LiH_Reduced_8_Qubits,EfficientSU2,2,COBYLA,depolarizing,0.004,-1.0900919314191353,-0.9619567396571742,500,1518.45
LiH_Reduced_8_Qubits,EfficientSU2,2,COBYLA,depolarizing,0.005,-1.0900919314191353,-0.7605058028104693,500,1525.28
LiH_Reduced_8_Qubits,EfficientSU2,2,COBYLA,depolarizing,0.007,-1.0900919314191353,-0.6359886011742888,500,1424.17
LiH_Reduced_8_Qubits,EfficientSU2,2,COBYLA,depolarizing,0.006,-1.0900919314191353,-0.6651359963966619,500,1530.37
LiH_Reduced_8_Qubits,EfficientSU2,2,COBYLA,depolarizing,0.008,-1.0900919314191353,-0.572268780823699,500,1413.01
LiH_Reduced_8_Qubits,EfficientSU2,2,COBYLA,depolarizing,0.01,-1.0900919314191353,-0.5438199392520169,500,1358.14
LiH_Reduced_8_Qubits,EfficientSU2,2,COBYLA,depolarizing,0.009000000000000001,-1.0900919314191353,-0.6395587253764203,500,1585.55
LiH_Reduced_8_Qubits,EfficientSU2,2,COBYLA,depolarizing,0.012,-1.0900919314191353,-0.6254654534823009,500,1459.25
LiH_Reduced_8_Qubits,EfficientSU2,2,COBYLA,depolarizing,0.011,-1.0900919314191353,-0.570790830222269,500,1570.63
LiH_Reduced_8_Qubits,EfficientSU2,2,COBYLA,depolarizing,0.013000000000000001,-1.0900919314191353,-0.6408042960449021,500,1481.82
LiH_Reduced_8_Qubits,EfficientSU2,2,COBYLA,depolarizing,0.014,-1.0900919314191353,-0.3509560450117904,500,1487.37
LiH_Reduced_8_Qubits,EfficientSU2,2,COBYLA,depolarizing,0.015,-1.0900919314191353,-0.6754048341609038,500,1422.79
LiH_Reduced_8_Qubits,EfficientSU2,2,COBYLA,depolarizing,0.017,-1.0900919314191353,-0.6244389188113425,500,1367.78
LiH_Reduced_8_Qubits,EfficientSU2,2,COBYLA,depolarizing,0.016,-1.0900919314191353,-0.40527369463043134,500,1559.18
LiH_Reduced_8_Qubits,EfficientSU2,2,COBYLA,depolarizing,0.018000000000000002,-1.0900919314191353,-0.46426185224752936,500,1304.54
LiH_Reduced_8_Qubits,EfficientSU2,2,COBYLA,depolarizing,0.02,-1.0900919314191353,-0.4145063963075988,500,1474.8
LiH_Reduced_8_Qubits,EfficientSU2,2,COBYLA,depolarizing,0.019,-1.0900919314191353,-0.2809691640076483,500,1640.92
LiH_Reduced_8_Qubits,EfficientSU2,2,COBYLA,depolarizing,0.021,-1.0900919314191353,-0.4312318370825109,500,1541.6
LiH_Reduced_8_Qubits,EfficientSU2,2,COBYLA,depolarizing,0.022,-1.0900919314191353,-0.17428829602481127,500,1447.29
LiH_Reduced_8_Qubits,EfficientSU2,2,COBYLA,depolarizing,0.023,-1.0900919314191353,-0.38501458719584525,500,1469.48
LiH_Reduced_8_Qubits,EfficientSU2,2,COBYLA,depolarizing,0.024,-1.0900919314191353,-0.40068934600433165,500,1448.84
LiH_Reduced_8_Qubits,EfficientSU2,2,COBYLA,depolarizing,0.025,-1.0900919314191353,-0.04684127085126122,500,1359.31
LiH_Reduced_8_Qubits,EfficientSU2,2,COBYLA,depolarizing,0.027,-1.0900919314191353,-0.28697034989431336,500,1334.97
LiH_Reduced_8_Qubits,EfficientSU2,2,COBYLA,depolarizing,0.026000000000000002,-1.0900919314191353,-0.3775921882703394,500,1573.15
LiH_Reduced_8_Qubits,EfficientSU2,2,COBYLA,depolarizing,0.028,-1.0900919314191353,-0.20847363814719486,500,1451.73
LiH_Reduced_8_Qubits,EfficientSU2,2,COBYLA,depolarizing,0.03,-1.0900919314191353,-0.41028414403320895,500,1564.12
LiH_Reduced_8_Qubits,EfficientSU2,2,COBYLA,depolarizing,0.029,-1.0900919314191353,-0.3077566925876865,500,1609.5
LiH_Reduced_8_Qubits,EfficientSU2,2,COBYLA,depolarizing,0.031,-1.0900919314191353,-0.26878298714090254,500,1474.44
LiH_Reduced_8_Qubits,EfficientSU2,2,COBYLA,depolarizing,0.032,-1.0900919314191353,-0.23806614907977078,500,1489.95
LiH_Reduced_8_Qubits,EfficientSU2,2,COBYLA,depolarizing,0.034,-1.0900919314191353,-0.27878786331099814,500,1366.8
LiH_Reduced_8_Qubits,EfficientSU2,2,COBYLA,depolarizing,0.033,-1.0900919314191353,-0.2707378482430288,500,1446.24
LiH_Reduced_8_Qubits,EfficientSU2,2,COBYLA,depolarizing,0.035,-1.0900919314191353,-0.16571567539646412,500,1301.5
LiH_Reduced_8_Qubits,EfficientSU2,2,COBYLA,depolarizing,0.036000000000000004,-1.0900919314191353,-0.20673778144296878,500,1532.29
LiH_Reduced_8_Qubits,EfficientSU2,2,COBYLA,depolarizing,0.037,-1.0900919314191353,-0.19192794737320495,500,1458.96
LiH_Reduced_8_Qubits,EfficientSU2,2,COBYLA,depolarizing,0.04,-1.0900919314191353,-0.10080434815894804,500,1442.09
LiH_Reduced_8_Qubits,EfficientSU2,2,COBYLA,depolarizing,0.039,-1.0900919314191353,-0.26795331896887475,500,1526.79
LiH_Reduced_8_Qubits,EfficientSU2,2,COBYLA,depolarizing,0.038,-1.0900919314191353,-0.16555649906308997,500,1556.37
LiH_Reduced_8_Qubits,EfficientSU2,2,COBYLA,depolarizing,0.042,-1.0900919314191353,-0.13306484020684223,500,1338.73
LiH_Reduced_8_Qubits,EfficientSU2,2,COBYLA,depolarizing,0.044,-1.0900919314191353,-0.06540889440387146,500,1331.51
LiH_Reduced_8_Qubits,EfficientSU2,2,COBYLA,depolarizing,0.043000000000000003,-1.0900919314191353,-0.054281965229912355,500,1464.18
LiH_Reduced_8_Qubits,EfficientSU2,2,COBYLA,depolarizing,0.041,-1.0900919314191353,-0.13416155412234662,500,1574.4
LiH_Reduced_8_Qubits,EfficientSU2,2,COBYLA,depolarizing,0.045,-1.0900919314191353,-0.08928683335321377,500,1556.95
LiH_Reduced_8_Qubits,EfficientSU2,2,COBYLA,depolarizing,0.046,-1.0900919314191353,-0.11160188665879939,500,1477.65
LiH_Reduced_8_Qubits,EfficientSU2,2,COBYLA,depolarizing,0.047,-1.0900919314191353,-0.17915965947968915,500,1436.24
LiH_Reduced_8_Qubits,EfficientSU2,2,COBYLA,depolarizing,0.048,-1.0900919314191353,-0.00579889090363872,500,1511.89
LiH_Reduced_8_Qubits,EfficientSU2,2,COBYLA,depolarizing,0.05,-1.0900919314191353,-0.02785100263170459,500,1345.32
LiH_Reduced_8_Qubits,EfficientSU2,2,COBYLA,depolarizing,0.049,-1.0900919314191353,-0.0855791372048435,500,1549.35
LiH_Reduced_8_Qubits,EfficientSU2,2,COBYLA,depolarizing,0.051000000000000004,-1.0900919314191353,-0.0431992189068055,500,1312.21
LiH_Reduced_8_Qubits,EfficientSU2,2,COBYLA,depolarizing,0.052000000000000005,-1.0900919314191353,-0.02444573928198218,500,1447.45
LiH_Reduced_8_Qubits,EfficientSU2,2,COBYLA,depolarizing,0.053,-1.0900919314191353,0.07565022908142816,500,1551.28
LiH_Reduced_8_Qubits,EfficientSU2,2,COBYLA,depolarizing,0.054,-1.0900919314191353,0.07461169491370573,500,1530.97
LiH_Reduced_8_Qubits,EfficientSU2,2,COBYLA,depolarizing,0.055,-1.0900919314191353,0.07631503140000445,500,1452.63
LiH_Reduced_8_Qubits,EfficientSU2,2,COBYLA,depolarizing,0.056,-1.0900919314191353,0.11141084176413807,500,1448.68
LiH_Reduced_8_Qubits,EfficientSU2,2,COBYLA,depolarizing,0.058,-1.0900919314191353,0.1878046620497193,500,1346.32
LiH_Reduced_8_Qubits,EfficientSU2,2,COBYLA,depolarizing,0.06,-1.0900919314191353,0.008267203355418362,500,1316.63
LiH_Reduced_8_Qubits,EfficientSU2,2,COBYLA,depolarizing,0.057,-1.0900919314191353,0.2819019006817429,500,1520.18
LiH_Reduced_8_Qubits,EfficientSU2,2,COBYLA,depolarizing,0.059000000000000004,-1.0900919314191353,0.04938184066000367,500,1542.23
LiH_Reduced_8_Qubits,EfficientSU2,2,COBYLA,depolarizing,0.061,-1.0900919314191353,0.16539466497152183,500,1449.48
LiH_Reduced_8_Qubits,EfficientSU2,2,COBYLA,depolarizing,0.062,-1.0900919314191353,0.3621582892848006,500,1535.26
LiH_Reduced_8_Qubits,EfficientSU2,2,COBYLA,depolarizing,0.063,-1.0900919314191353,-0.0036470992877384867,500,1524.18
LiH_Reduced_8_Qubits,EfficientSU2,2,COBYLA,depolarizing,0.064,-1.0900919314191353,0.13348777479251972,500,1449.84
LiH_Reduced_8_Qubits,EfficientSU2,2,COBYLA,depolarizing,0.067,-1.0900919314191353,0.23794592934660075,500,1303.26
LiH_Reduced_8_Qubits,EfficientSU2,2,COBYLA,depolarizing,0.065,-1.0900919314191353,0.08872765030592528,500,1458.56
LiH_Reduced_8_Qubits,EfficientSU2,2,COBYLA,depolarizing,0.066,-1.0900919314191353,0.1689393090411621,500,1381.09
LiH_Reduced_8_Qubits,EfficientSU2,2,COBYLA,depolarizing,0.068,-1.0900919314191353,0.14946024997284468,500,1547.78
LiH_Reduced_8_Qubits,EfficientSU2,2,COBYLA,depolarizing,0.069,-1.0900919314191353,0.13894208529116797,500,1568.5
LiH_Reduced_8_Qubits,EfficientSU2,2,COBYLA,depolarizing,0.07,-1.0900919314191353,0.18946051381356227,500,1448.0
LiH_Reduced_8_Qubits,EfficientSU2,2,COBYLA,depolarizing,0.07100000000000001,-1.0900919314191353,0.19484225927690801,500,1488.16
LiH_Reduced_8_Qubits,EfficientSU2,2,COBYLA,depolarizing,0.07200000000000001,-1.0900919314191353,0.21842032547531237,500,1508.9
LiH_Reduced_8_Qubits,EfficientSU2,2,COBYLA,depolarizing,0.073,-1.0900919314191353,0.22942677182058527,500,1425.28
LiH_Reduced_8_Qubits,EfficientSU2,2,COBYLA,depolarizing,0.074,-1.0900919314191353,0.3316289661600277,500,1295.08
LiH_Reduced_8_Qubits,EfficientSU2,2,COBYLA,depolarizing,0.076,-1.0900919314191353,0.3450305906634379,500,1392.53
LiH_Reduced_8_Qubits,EfficientSU2,2,COBYLA,depolarizing,0.075,-1.0900919314191353,0.5391032389142161,500,1495.12
LiH_Reduced_8_Qubits,EfficientSU2,2,COBYLA,depolarizing,0.077,-1.0900919314191353,0.35704598576382623,500,1551.05
LiH_Reduced_8_Qubits,EfficientSU2,2,COBYLA,depolarizing,0.079,-1.0900919314191353,0.4515991062896637,500,1434.29
LiH_Reduced_8_Qubits,EfficientSU2,2,COBYLA,depolarizing,0.078,-1.0900919314191353,0.2952683240013995,500,1607.33
LiH_Reduced_8_Qubits,EfficientSU2,2,COBYLA,depolarizing,0.08,-1.0900919314191353,0.3546989073967222,500,1480.72
LiH_Reduced_8_Qubits,EfficientSU2,2,COBYLA,depolarizing,0.083,-1.0900919314191353,0.46311984287476493,500,1297.22
LiH_Reduced_8_Qubits,EfficientSU2,2,COBYLA,depolarizing,0.081,-1.0900919314191353,0.24706426923001737,500,1488.61
LiH_Reduced_8_Qubits,EfficientSU2,2,COBYLA,depolarizing,0.082,-1.0900919314191353,0.532104190207553,500,1424.48
LiH_Reduced_8_Qubits,EfficientSU2,2,COBYLA,depolarizing,0.084,-1.0900919314191353,0.5237414256979867,465,1304.07
LiH_Reduced_8_Qubits,EfficientSU2,2,COBYLA,depolarizing,0.085,-1.0900919314191353,0.47798219962043975,500,1491.5
LiH_Reduced_8_Qubits,EfficientSU2,2,COBYLA,depolarizing,0.08700000000000001,-1.0900919314191353,0.28796524547367097,500,1433.03
LiH_Reduced_8_Qubits,EfficientSU2,2,COBYLA,depolarizing,0.08600000000000001,-1.0900919314191353,0.38199779268183864,500,1546.79
LiH_Reduced_8_Qubits,EfficientSU2,2,COBYLA,depolarizing,0.088,-1.0900919314191353,0.603796790524862,500,1589.09
LiH_Reduced_8_Qubits,EfficientSU2,2,COBYLA,depolarizing,0.089,-1.0900919314191353,0.3935600778766555,500,1477.91
LiH_Reduced_8_Qubits,EfficientSU2,2,COBYLA,depolarizing,0.09,-1.0900919314191353,0.45588903345430587,500,1293.31
LiH_Reduced_8_Qubits,EfficientSU2,2,COBYLA,depolarizing,0.092,-1.0900919314191353,0.32036601678389576,500,1416.36
LiH_Reduced_8_Qubits,EfficientSU2,2,COBYLA,depolarizing,0.091,-1.0900919314191353,0.4467969937427331,500,1480.93
LiH_Reduced_8_Qubits,EfficientSU2,2,COBYLA,depolarizing,0.093,-1.0900919314191353,0.4082624299751272,500,1411.01
LiH_Reduced_8_Qubits,EfficientSU2,2,COBYLA,depolarizing,0.094,-1.0900919314191353,0.43033548769478824,500,1487.49
LiH_Reduced_8_Qubits,EfficientSU2,2,COBYLA,depolarizing,0.095,-1.0900919314191353,0.478489069244436,500,1441.92
LiH_Reduced_8_Qubits,EfficientSU2,2,COBYLA,depolarizing,0.096,-1.0900919314191353,0.4912434232781819,500,1563.66
LiH_Reduced_8_Qubits,EfficientSU2,2,COBYLA,depolarizing,0.098,-1.0900919314191353,0.5264146322682484,500,1480.47
LiH_Reduced_8_Qubits,EfficientSU2,2,COBYLA,depolarizing,0.099,-1.0900919314191353,0.5080501237440692,500,1288.5
LiH_Reduced_8_Qubits,EfficientSU2,2,COBYLA,depolarizing,0.097,-1.0900919314191353,0.42242818692612727,500,1598.11
LiH_Reduced_8_Qubits,EfficientSU2,2,COBYLA,bitflip,0.001,-1.0900919314191353,-0.8811881718821952,500,1240.19
LiH_Reduced_8_Qubits,EfficientSU2,2,COBYLA,bitflip,0.002,-1.0900919314191353,-0.5130712437837092,500,1342.71
LiH_Reduced_8_Qubits,EfficientSU2,2,COBYLA,depolarizing,0.1,-1.0900919314191353,0.4124802883999479,500,1446.09
LiH_Reduced_8_Qubits,EfficientSU2,2,COBYLA,bitflip,0.003,-1.0900919314191353,-0.7554614213233377,500,1489.7
LiH_Reduced_8_Qubits,EfficientSU2,2,COBYLA,bitflip,0.004,-1.0900919314191353,-0.5618118112964439,500,1449.14
LiH_Reduced_8_Qubits,EfficientSU2,2,COBYLA,bitflip,0.007,-1.0900919314191353,-0.5714530062657394,500,1298.74
LiH_Reduced_8_Qubits,EfficientSU2,2,COBYLA,bitflip,0.005,-1.0900919314191353,-0.7748798322461669,500,1559.45
LiH_Reduced_8_Qubits,EfficientSU2,2,COBYLA,bitflip,0.009000000000000001,-1.0900919314191353,-0.6039286583178151,500,1251.16
LiH_Reduced_8_Qubits,EfficientSU2,2,COBYLA,bitflip,0.006,-1.0900919314191353,-0.6267693474748119,500,1486.63
LiH_Reduced_8_Qubits,EfficientSU2,2,COBYLA,bitflip,0.008,-1.0900919314191353,-0.26250367272059866,500,1483.39
LiH_Reduced_8_Qubits,EfficientSU2,2,COBYLA,bitflip,0.01,-1.0900919314191353,-0.32339931380823855,500,1354.04
LiH_Reduced_8_Qubits,EfficientSU2,2,COBYLA,bitflip,0.011,-1.0900919314191353,-0.2664348085222822,500,1330.74
LiH_Reduced_8_Qubits,EfficientSU2,2,COBYLA,bitflip,0.012,-1.0900919314191353,-0.541759550403647,500,1502.4
LiH_Reduced_8_Qubits,EfficientSU2,2,COBYLA,bitflip,0.013000000000000001,-1.0900919314191353,-0.2753139669091397,500,1439.18
LiH_Reduced_8_Qubits,EfficientSU2,2,COBYLA,bitflip,0.014,-1.0900919314191353,-0.5584045715868844,500,1297.5
LiH_Reduced_8_Qubits,EfficientSU2,2,COBYLA,bitflip,0.016,-1.0900919314191353,-0.5089883886589495,500,1250.55
LiH_Reduced_8_Qubits,EfficientSU2,2,COBYLA,bitflip,0.015,-1.0900919314191353,-0.5366789278463756,500,1563.05
LiH_Reduced_8_Qubits,EfficientSU2,2,COBYLA,bitflip,0.017,-1.0900919314191353,-0.48260634520926327,500,1486.86
LiH_Reduced_8_Qubits,EfficientSU2,2,COBYLA,bitflip,0.018000000000000002,-1.0900919314191353,-0.3028512878788723,500,1486.17
LiH_Reduced_8_Qubits,EfficientSU2,2,COBYLA,bitflip,0.019,-1.0900919314191353,-0.47104791911776556,500,1357.26
LiH_Reduced_8_Qubits,EfficientSU2,2,COBYLA,bitflip,0.02,-1.0900919314191353,-0.4477483642202689,500,1325.51
LiH_Reduced_8_Qubits,EfficientSU2,2,COBYLA,bitflip,0.021,-1.0900919314191353,-0.2968489064345448,500,1502.57
LiH_Reduced_8_Qubits,EfficientSU2,2,COBYLA,bitflip,0.023,-1.0900919314191353,-0.16020872302887235,500,1297.04
LiH_Reduced_8_Qubits,EfficientSU2,2,COBYLA,bitflip,0.022,-1.0900919314191353,-0.27448214863923615,500,1440.44
LiH_Reduced_8_Qubits,EfficientSU2,2,COBYLA,bitflip,0.024,-1.0900919314191353,-0.29058398398516877,500,1251.61
LiH_Reduced_8_Qubits,EfficientSU2,2,COBYLA,bitflip,0.028,-1.0900919314191353,-0.29570834423848835,500,1317.52
LiH_Reduced_8_Qubits,EfficientSU2,2,COBYLA,bitflip,0.029,-1.0900919314191353,-0.3019557628475249,500,1331.13
LiH_Reduced_8_Qubits,EfficientSU2,2,COBYLA,bitflip,0.026000000000000002,-1.0900919314191353,-0.11082946870187943,500,1449.28
LiH_Reduced_8_Qubits,EfficientSU2,2,COBYLA,bitflip,0.025,-1.0900919314191353,-0.45006596429460166,500,1546.24
LiH_Reduced_8_Qubits,EfficientSU2,2,COBYLA,bitflip,0.027,-1.0900919314191353,-0.17671218438329991,500,1490.21
LiH_Reduced_8_Qubits,EfficientSU2,2,COBYLA,bitflip,0.033,-1.0900919314191353,-0.1716084501284184,500,1270.47
LiH_Reduced_8_Qubits,EfficientSU2,2,COBYLA,bitflip,0.031,-1.0900919314191353,0.07424395566345915,500,1317.64
LiH_Reduced_8_Qubits,EfficientSU2,2,COBYLA,bitflip,0.032,-1.0900919314191353,-0.03210714795275127,500,1444.37
LiH_Reduced_8_Qubits,EfficientSU2,2,COBYLA,bitflip,0.03,-1.0900919314191353,0.04747169762626019,500,1601.26
LiH_Reduced_8_Qubits,EfficientSU2,2,COBYLA,bitflip,0.034,-1.0900919314191353,-0.09576990209439584,500,1309.62
LiH_Reduced_8_Qubits,EfficientSU2,2,COBYLA,bitflip,0.035,-1.0900919314191353,-0.32350032201981277,500,1349.25
LiH_Reduced_8_Qubits,EfficientSU2,2,COBYLA,bitflip,0.036000000000000004,-1.0900919314191353,0.047131325411680525,500,1436.02
LiH_Reduced_8_Qubits,EfficientSU2,2,COBYLA,bitflip,0.038,-1.0900919314191353,-0.10566072701695581,500,1475.17
LiH_Reduced_8_Qubits,EfficientSU2,2,COBYLA,bitflip,0.037,-1.0900919314191353,0.16594875613109478,500,1546.17
LiH_Reduced_8_Qubits,EfficientSU2,2,COBYLA,bitflip,0.039,-1.0900919314191353,0.4167427527600501,475,1206.83
LiH_Reduced_8_Qubits,EfficientSU2,2,COBYLA,bitflip,0.04,-1.0900919314191353,-0.15206669813306273,500,1316.68
LiH_Reduced_8_Qubits,EfficientSU2,2,COBYLA,bitflip,0.041,-1.0900919314191353,0.18709078526909412,500,1457.38
LiH_Reduced_8_Qubits,EfficientSU2,2,COBYLA,bitflip,0.043000000000000003,-1.0900919314191353,0.35245417081558494,465,1220.23
LiH_Reduced_8_Qubits,EfficientSU2,2,COBYLA,bitflip,0.042,-1.0900919314191353,0.17547060790535363,500,1598.52
LiH_Reduced_8_Qubits,EfficientSU2,2,COBYLA,bitflip,0.044,-1.0900919314191353,0.2879717078937966,500,1335.86
LiH_Reduced_8_Qubits,EfficientSU2,2,COBYLA,bitflip,0.045,-1.0900919314191353,0.004890356949837138,500,1447.95
LiH_Reduced_8_Qubits,EfficientSU2,2,COBYLA,bitflip,0.046,-1.0900919314191353,0.27327054071618867,500,1479.89
LiH_Reduced_8_Qubits,EfficientSU2,2,COBYLA,bitflip,0.047,-1.0900919314191353,0.25425595359990333,500,1546.05
LiH_Reduced_8_Qubits,EfficientSU2,2,COBYLA,bitflip,0.048,-1.0900919314191353,0.30409832567345235,500,1268.54
LiH_Reduced_8_Qubits,EfficientSU2,2,COBYLA,bitflip,0.049,-1.0900919314191353,0.21824942146359216,500,1316.73
LiH_Reduced_8_Qubits,EfficientSU2,2,COBYLA,bitflip,0.051000000000000004,-1.0900919314191353,0.18266529107080387,500,1287.91
LiH_Reduced_8_Qubits,EfficientSU2,2,COBYLA,bitflip,0.05,-1.0900919314191353,0.3120767938524309,500,1471.89
LiH_Reduced_8_Qubits,EfficientSU2,2,COBYLA,bitflip,0.053,-1.0900919314191353,-0.032886018887435864,500,1360.72
LiH_Reduced_8_Qubits,EfficientSU2,2,COBYLA,bitflip,0.052000000000000005,-1.0900919314191353,0.38700786481018523,500,1627.01
LiH_Reduced_8_Qubits,EfficientSU2,2,COBYLA,bitflip,0.054,-1.0900919314191353,0.15774554938453428,500,1461.71
LiH_Reduced_8_Qubits,EfficientSU2,2,COBYLA,bitflip,0.055,-1.0900919314191353,0.16464860921717256,500,1435.78
LiH_Reduced_8_Qubits,EfficientSU2,2,COBYLA,bitflip,0.057,-1.0900919314191353,0.01617351173388515,500,1307.65
LiH_Reduced_8_Qubits,EfficientSU2,2,COBYLA,bitflip,0.056,-1.0900919314191353,0.30046328745215634,500,1509.45
LiH_Reduced_8_Qubits,EfficientSU2,2,COBYLA,bitflip,0.058,-1.0900919314191353,0.21194525612369092,500,1353.25
LiH_Reduced_8_Qubits,EfficientSU2,2,COBYLA,bitflip,0.059000000000000004,-1.0900919314191353,0.2725975168933747,500,1277.43
LiH_Reduced_8_Qubits,EfficientSU2,2,COBYLA,bitflip,0.06,-1.0900919314191353,0.0981782041048343,500,1505.6
LiH_Reduced_8_Qubits,EfficientSU2,2,COBYLA,bitflip,0.061,-1.0900919314191353,0.4242020921249481,500,1407.79
LiH_Reduced_8_Qubits,EfficientSU2,2,COBYLA,bitflip,0.063,-1.0900919314191353,0.31712600880750014,500,1423.32
LiH_Reduced_8_Qubits,EfficientSU2,2,COBYLA,bitflip,0.062,-1.0900919314191353,0.32224840820603673,500,1600.12
LiH_Reduced_8_Qubits,EfficientSU2,2,COBYLA,bitflip,0.065,-1.0900919314191353,0.2671199702433685,500,1323.15
LiH_Reduced_8_Qubits,EfficientSU2,2,COBYLA,bitflip,0.064,-1.0900919314191353,0.2584966229506901,500,1434.47
LiH_Reduced_8_Qubits,EfficientSU2,2,COBYLA,bitflip,0.067,-1.0900919314191353,0.4284190334494736,500,1350.95
LiH_Reduced_8_Qubits,EfficientSU2,2,COBYLA,bitflip,0.066,-1.0900919314191353,0.10986852956428278,500,1525.22
LiH_Reduced_8_Qubits,EfficientSU2,2,COBYLA,bitflip,0.068,-1.0900919314191353,0.35346074191405663,500,1279.64
LiH_Reduced_8_Qubits,EfficientSU2,2,COBYLA,bitflip,0.07,-1.0900919314191353,0.47591733550645215,500,1387.35
LiH_Reduced_8_Qubits,EfficientSU2,2,COBYLA,bitflip,0.069,-1.0900919314191353,0.29358278289234724,500,1509.6
LiH_Reduced_8_Qubits,EfficientSU2,2,COBYLA,bitflip,0.07100000000000001,-1.0900919314191353,0.2833038182312026,500,1407.9
LiH_Reduced_8_Qubits,EfficientSU2,2,COBYLA,bitflip,0.073,-1.0900919314191353,0.4235178061477838,500,1314.8
LiH_Reduced_8_Qubits,EfficientSU2,2,COBYLA,bitflip,0.074,-1.0900919314191353,0.2753174349069996,500,1436.74
LiH_Reduced_8_Qubits,EfficientSU2,2,COBYLA,bitflip,0.07200000000000001,-1.0900919314191353,0.8647701158161087,484,1539.93
LiH_Reduced_8_Qubits,EfficientSU2,2,COBYLA,bitflip,0.075,-1.0900919314191353,0.3612319564946461,500,1354.21
LiH_Reduced_8_Qubits,EfficientSU2,2,COBYLA,bitflip,0.077,-1.0900919314191353,0.36345544359089865,500,1280.05
LiH_Reduced_8_Qubits,EfficientSU2,2,COBYLA,bitflip,0.076,-1.0900919314191353,0.3747511235406179,500,1523.0
LiH_Reduced_8_Qubits,EfficientSU2,2,COBYLA,bitflip,0.078,-1.0900919314191353,0.3678482670048233,500,1385.32
LiH_Reduced_8_Qubits,EfficientSU2,2,COBYLA,bitflip,0.079,-1.0900919314191353,0.159486675718495,500,1504.71
LiH_Reduced_8_Qubits,EfficientSU2,2,COBYLA,bitflip,0.081,-1.0900919314191353,0.32790970362931804,500,1320.24
LiH_Reduced_8_Qubits,EfficientSU2,2,COBYLA,bitflip,0.08,-1.0900919314191353,0.2371606915612245,500,1413.88
LiH_Reduced_8_Qubits,EfficientSU2,2,COBYLA,bitflip,0.082,-1.0900919314191353,0.6269972753183093,500,1438.35
LiH_Reduced_8_Qubits,EfficientSU2,2,COBYLA,bitflip,0.085,-1.0900919314191353,0.2995334637737296,500,1274.68
LiH_Reduced_8_Qubits,EfficientSU2,2,COBYLA,bitflip,0.084,-1.0900919314191353,0.7081314542818514,500,1362.34
LiH_Reduced_8_Qubits,EfficientSU2,2,COBYLA,bitflip,0.083,-1.0900919314191353,0.39825362284916677,500,1596.54
LiH_Reduced_8_Qubits,EfficientSU2,2,COBYLA,bitflip,0.08600000000000001,-1.0900919314191353,0.5373958549602649,500,1506.31
LiH_Reduced_8_Qubits,EfficientSU2,2,COBYLA,bitflip,0.08700000000000001,-1.0900919314191353,0.4778936182064736,500,1390.77
LiH_Reduced_8_Qubits,EfficientSU2,2,COBYLA,bitflip,0.089,-1.0900919314191353,0.5286684109848498,500,1309.79
LiH_Reduced_8_Qubits,EfficientSU2,2,COBYLA,bitflip,0.088,-1.0900919314191353,0.4590016930756396,500,1491.96
LiH_Reduced_8_Qubits,EfficientSU2,2,COBYLA,bitflip,0.09,-1.0900919314191353,0.38193118310737423,500,1407.99
LiH_Reduced_8_Qubits,EfficientSU2,2,COBYLA,bitflip,0.092,-1.0900919314191353,0.8056953201915951,500,1280.22
LiH_Reduced_8_Qubits,EfficientSU2,2,COBYLA,bitflip,0.091,-1.0900919314191353,0.6844473244887295,500,1441.13
LiH_Reduced_8_Qubits,EfficientSU2,2,COBYLA,bitflip,0.093,-1.0900919314191353,0.7703307532648158,500,1366.73
LiH_Reduced_8_Qubits,EfficientSU2,2,COBYLA,bitflip,0.094,-1.0900919314191353,0.27701784937634233,500,1587.54
LiH_Reduced_8_Qubits,EfficientSU2,2,COBYLA,bitflip,0.095,-1.0900919314191353,0.8606818945890363,500,1506.44
LiH_Reduced_8_Qubits,EfficientSU2,2,COBYLA,bitflip,0.096,-1.0900919314191353,0.5309989604124734,500,1379.28
LiH_Reduced_8_Qubits,EfficientSU2,2,COBYLA,bitflip,0.097,-1.0900919314191353,0.3335512546062875,500,1299.69
LiH_Reduced_8_Qubits,EfficientSU2,2,COBYLA,bitflip,0.099,-1.0900919314191353,0.7292720955402027,500,1410.58
LiH_Reduced_8_Qubits,EfficientSU2,2,COBYLA,bitflip,0.098,-1.0900919314191353,0.5013623856497817,500,1503.95
LiH_Reduced_8_Qubits,EfficientSU2,2,COBYLA,bitflip,0.1,-1.0900919314191353,0.49630760475732905,500,1263.86
LiH_Reduced_8_Qubits,EfficientSU2,2,SPSA,noiseless,0.0,-1.0900919314191353,-0.7481343265240636,500,1475.41
LiH_Reduced_8_Qubits,EfficientSU2,2,SPSA,depolarizing,0.001,-1.0900919314191353,-0.8485875763156101,500,1588.52
LiH_Reduced_8_Qubits,EfficientSU2,2,SPSA,depolarizing,0.002,-1.0900919314191353,-0.9161548840341669,500,1614.9
LiH_Reduced_8_Qubits,EfficientSU2,2,SPSA,depolarizing,0.003,-1.0900919314191353,-0.6730905440697298,500,1680.74
LiH_Reduced_8_Qubits,EfficientSU2,2,SPSA,depolarizing,0.004,-1.0900919314191353,-0.749168989381627,500,1544.46
LiH_Reduced_8_Qubits,EfficientSU2,2,SPSA,depolarizing,0.005,-1.0900919314191353,-0.6253030613934811,500,1648.84
LiH_Reduced_8_Qubits,EfficientSU2,2,SPSA,depolarizing,0.008,-1.0900919314191353,-0.7811497776016796,500,1543.86
LiH_Reduced_8_Qubits,EfficientSU2,2,SPSA,depolarizing,0.007,-1.0900919314191353,-0.4584511462338565,500,1550.3
LiH_Reduced_8_Qubits,EfficientSU2,2,SPSA,depolarizing,0.006,-1.0900919314191353,-0.5938911041358867,500,1628.92
LiH_Reduced_8_Qubits,EfficientSU2,2,SPSA,depolarizing,0.01,-1.0900919314191353,-0.5551520959730065,500,1494.06
LiH_Reduced_8_Qubits,EfficientSU2,2,SPSA,depolarizing,0.009000000000000001,-1.0900919314191353,-0.6290809972265188,500,1625.52
LiH_Reduced_8_Qubits,EfficientSU2,2,SPSA,depolarizing,0.011,-1.0900919314191353,-0.5728133227596818,500,1557.51
LiH_Reduced_8_Qubits,EfficientSU2,2,SPSA,depolarizing,0.012,-1.0900919314191353,-0.4616564227181595,500,1638.68
LiH_Reduced_8_Qubits,EfficientSU2,2,SPSA,depolarizing,0.013000000000000001,-1.0900919314191353,-0.7155742915929084,500,1641.79
LiH_Reduced_8_Qubits,EfficientSU2,2,SPSA,depolarizing,0.015,-1.0900919314191353,-0.6039239792334914,500,1471.53
LiH_Reduced_8_Qubits,EfficientSU2,2,SPSA,depolarizing,0.016,-1.0900919314191353,-0.5881454843281329,500,1556.21
LiH_Reduced_8_Qubits,EfficientSU2,2,SPSA,depolarizing,0.014,-1.0900919314191353,-0.508292960710713,500,1723.36
LiH_Reduced_8_Qubits,EfficientSU2,2,SPSA,depolarizing,0.017,-1.0900919314191353,-0.43622977309177974,500,1551.65
LiH_Reduced_8_Qubits,EfficientSU2,2,SPSA,depolarizing,0.018000000000000002,-1.0900919314191353,-0.42473942205495197,500,1510.95
LiH_Reduced_8_Qubits,EfficientSU2,2,SPSA,depolarizing,0.019,-1.0900919314191353,-0.3963946499466737,500,1612.69
LiH_Reduced_8_Qubits,EfficientSU2,2,SPSA,depolarizing,0.02,-1.0900919314191353,-0.5066241320197311,500,1566.95
LiH_Reduced_8_Qubits,EfficientSU2,2,SPSA,depolarizing,0.021,-1.0900919314191353,-0.45497348068154864,500,1506.15
LiH_Reduced_8_Qubits,EfficientSU2,2,SPSA,depolarizing,0.022,-1.0900919314191353,-0.3645155203372026,500,1609.81
LiH_Reduced_8_Qubits,EfficientSU2,2,SPSA,depolarizing,0.023,-1.0900919314191353,-0.3799502691449054,500,1482.3
LiH_Reduced_8_Qubits,EfficientSU2,2,SPSA,depolarizing,0.025,-1.0900919314191353,-0.3698986261304846,500,1497.57
LiH_Reduced_8_Qubits,EfficientSU2,2,SPSA,depolarizing,0.024,-1.0900919314191353,-0.4878388191081307,500,1552.06
LiH_Reduced_8_Qubits,EfficientSU2,2,SPSA,depolarizing,0.026000000000000002,-1.0900919314191353,-0.43792190769249445,500,1547.51
LiH_Reduced_8_Qubits,EfficientSU2,2,SPSA,depolarizing,0.027,-1.0900919314191353,-0.535988033116934,500,1499.2
LiH_Reduced_8_Qubits,EfficientSU2,2,SPSA,depolarizing,0.028,-1.0900919314191353,-0.4681793051371627,500,1521.74
LiH_Reduced_8_Qubits,EfficientSU2,2,SPSA,depolarizing,0.029,-1.0900919314191353,-0.42095111174464245,500,1652.21
LiH_Reduced_8_Qubits,EfficientSU2,2,SPSA,depolarizing,0.03,-1.0900919314191353,-0.3881948820097464,500,1475.69
LiH_Reduced_8_Qubits,EfficientSU2,2,SPSA,depolarizing,0.032,-1.0900919314191353,-0.4240161314954927,500,1447.04
LiH_Reduced_8_Qubits,EfficientSU2,2,SPSA,depolarizing,0.031,-1.0900919314191353,-0.3214762654684256,500,1649.59
LiH_Reduced_8_Qubits,EfficientSU2,2,SPSA,depolarizing,0.033,-1.0900919314191353,-0.041548833384754125,500,1584.95
LiH_Reduced_8_Qubits,EfficientSU2,2,SPSA,depolarizing,0.034,-1.0900919314191353,-0.29086374389620073,500,1562.95
LiH_Reduced_8_Qubits,EfficientSU2,2,SPSA,depolarizing,0.035,-1.0900919314191353,-0.4211559830065786,500,1628.1
LiH_Reduced_8_Qubits,EfficientSU2,2,SPSA,depolarizing,0.036000000000000004,-1.0900919314191353,-0.2914587463416524,500,1493.73
LiH_Reduced_8_Qubits,EfficientSU2,2,SPSA,depolarizing,0.037,-1.0900919314191353,-0.2336844926095545,500,1527.47
LiH_Reduced_8_Qubits,EfficientSU2,2,SPSA,depolarizing,0.039,-1.0900919314191353,-0.2509643560946168,500,1465.05
LiH_Reduced_8_Qubits,EfficientSU2,2,SPSA,depolarizing,0.038,-1.0900919314191353,-0.32327372261411624,500,1826.96
LiH_Reduced_8_Qubits,EfficientSU2,2,SPSA,depolarizing,0.04,-1.0900919314191353,-0.31226255336202785,500,1483.48
LiH_Reduced_8_Qubits,EfficientSU2,2,SPSA,depolarizing,0.041,-1.0900919314191353,-0.22709926613643966,500,1575.6
LiH_Reduced_8_Qubits,EfficientSU2,2,SPSA,depolarizing,0.042,-1.0900919314191353,-0.05642180521400292,500,1500.33
LiH_Reduced_8_Qubits,EfficientSU2,2,SPSA,depolarizing,0.043000000000000003,-1.0900919314191353,-0.22550830462164756,500,1610.32
LiH_Reduced_8_Qubits,EfficientSU2,2,SPSA,depolarizing,0.045,-1.0900919314191353,-0.15343432716482114,500,1524.57
LiH_Reduced_8_Qubits,EfficientSU2,2,SPSA,depolarizing,0.044,-1.0900919314191353,-0.08366045858771742,500,1660.05
LiH_Reduced_8_Qubits,EfficientSU2,2,SPSA,depolarizing,0.046,-1.0900919314191353,-0.08809557103296128,500,1676.22
LiH_Reduced_8_Qubits,EfficientSU2,2,SPSA,depolarizing,0.047,-1.0900919314191353,-0.008922119315460941,500,1540.44
LiH_Reduced_8_Qubits,EfficientSU2,2,SPSA,depolarizing,0.049,-1.0900919314191353,-0.0716634196990601,500,1451.92
LiH_Reduced_8_Qubits,EfficientSU2,2,SPSA,depolarizing,0.048,-1.0900919314191353,-0.07203084243574057,500,1760.98
LiH_Reduced_8_Qubits,EfficientSU2,2,SPSA,depolarizing,0.05,-1.0900919314191353,0.07650387658940005,500,1571.26
LiH_Reduced_8_Qubits,EfficientSU2,2,SPSA,depolarizing,0.051000000000000004,-1.0900919314191353,-0.13022444968875463,500,1500.61
LiH_Reduced_8_Qubits,EfficientSU2,2,SPSA,depolarizing,0.052000000000000005,-1.0900919314191353,0.013295979077332598,500,1542.92
LiH_Reduced_8_Qubits,EfficientSU2,2,SPSA,depolarizing,0.053,-1.0900919314191353,-0.1882135995729394,500,1600.44
LiH_Reduced_8_Qubits,EfficientSU2,2,SPSA,depolarizing,0.054,-1.0900919314191353,0.049069914913717094,500,1762.07
LiH_Reduced_8_Qubits,EfficientSU2,2,SPSA,depolarizing,0.055,-1.0900919314191353,-0.057161545214910625,500,1620.75
LiH_Reduced_8_Qubits,EfficientSU2,2,SPSA,depolarizing,0.056,-1.0900919314191353,0.02531527588424115,500,1436.45
LiH_Reduced_8_Qubits,EfficientSU2,2,SPSA,depolarizing,0.057,-1.0900919314191353,0.026052332913238052,500,1428.23
LiH_Reduced_8_Qubits,EfficientSU2,2,SPSA,depolarizing,0.058,-1.0900919314191353,-0.03698066522865606,500,1579.93
LiH_Reduced_8_Qubits,EfficientSU2,2,SPSA,depolarizing,0.06,-1.0900919314191353,0.04140920040309126,500,1543.24
LiH_Reduced_8_Qubits,EfficientSU2,2,SPSA,depolarizing,0.059000000000000004,-1.0900919314191353,-0.07573820411754978,500,1607.11
LiH_Reduced_8_Qubits,EfficientSU2,2,SPSA,depolarizing,0.061,-1.0900919314191353,-0.0044815057454560825,500,1630.11
LiH_Reduced_8_Qubits,EfficientSU2,2,SPSA,depolarizing,0.062,-1.0900919314191353,0.11092187424665426,500,1630.03
LiH_Reduced_8_Qubits,EfficientSU2,2,SPSA,depolarizing,0.063,-1.0900919314191353,0.060986322520660996,500,1649.43
LiH_Reduced_8_Qubits,EfficientSU2,2,SPSA,depolarizing,0.065,-1.0900919314191353,0.20208123873837808,500,1390.13
LiH_Reduced_8_Qubits,EfficientSU2,2,SPSA,depolarizing,0.064,-1.0900919314191353,0.14274882922807436,500,1610.75
LiH_Reduced_8_Qubits,EfficientSU2,2,SPSA,depolarizing,0.066,-1.0900919314191353,0.11166559561214257,500,1394.56
LiH_Reduced_8_Qubits,EfficientSU2,2,SPSA,depolarizing,0.068,-1.0900919314191353,0.16271008306103946,500,1517.85
LiH_Reduced_8_Qubits,EfficientSU2,2,SPSA,depolarizing,0.067,-1.0900919314191353,0.08873670771935682,500,1561.89
LiH_Reduced_8_Qubits,EfficientSU2,2,SPSA,depolarizing,0.069,-1.0900919314191353,0.13198239240982906,500,1623.5
LiH_Reduced_8_Qubits,EfficientSU2,2,SPSA,depolarizing,0.07,-1.0900919314191353,0.18984386239777423,500,1575.47
LiH_Reduced_8_Qubits,EfficientSU2,2,SPSA,depolarizing,0.07100000000000001,-1.0900919314191353,0.15492178988812916,500,1591.0
LiH_Reduced_8_Qubits,EfficientSU2,2,SPSA,depolarizing,0.073,-1.0900919314191353,0.10590930154597555,500,1437.85
LiH_Reduced_8_Qubits,EfficientSU2,2,SPSA,depolarizing,0.07200000000000001,-1.0900919314191353,0.11446053268094292,500,1639.49
LiH_Reduced_8_Qubits,EfficientSU2,2,SPSA,depolarizing,0.074,-1.0900919314191353,0.20007611623877342,500,1616.42
LiH_Reduced_8_Qubits,EfficientSU2,2,SPSA,depolarizing,0.075,-1.0900919314191353,0.1626001691818142,500,1438.34
LiH_Reduced_8_Qubits,EfficientSU2,2,SPSA,depolarizing,0.076,-1.0900919314191353,0.23482470832810903,500,1519.15
LiH_Reduced_8_Qubits,EfficientSU2,2,SPSA,depolarizing,0.077,-1.0900919314191353,0.23269394433523838,500,1548.73
LiH_Reduced_8_Qubits,EfficientSU2,2,SPSA,depolarizing,0.078,-1.0900919314191353,0.19084912621718209,500,1684.57
LiH_Reduced_8_Qubits,EfficientSU2,2,SPSA,depolarizing,0.079,-1.0900919314191353,0.2107956082451764,500,1673.41
LiH_Reduced_8_Qubits,EfficientSU2,2,SPSA,depolarizing,0.08,-1.0900919314191353,0.2975846260126442,500,1561.12
LiH_Reduced_8_Qubits,EfficientSU2,2,SPSA,depolarizing,0.081,-1.0900919314191353,0.22683889923762945,500,1413.17
LiH_Reduced_8_Qubits,EfficientSU2,2,SPSA,depolarizing,0.084,-1.0900919314191353,0.21198399867795004,500,1510.22
LiH_Reduced_8_Qubits,EfficientSU2,2,SPSA,depolarizing,0.082,-1.0900919314191353,0.15180345146707624,500,1657.48
LiH_Reduced_8_Qubits,EfficientSU2,2,SPSA,depolarizing,0.083,-1.0900919314191353,0.25851257794321514,500,1689.72
LiH_Reduced_8_Qubits,EfficientSU2,2,SPSA,depolarizing,0.085,-1.0900919314191353,0.32331330880563186,500,1498.99
LiH_Reduced_8_Qubits,EfficientSU2,2,SPSA,depolarizing,0.08600000000000001,-1.0900919314191353,0.29216210230121337,500,1549.15
LiH_Reduced_8_Qubits,EfficientSU2,2,SPSA,depolarizing,0.08700000000000001,-1.0900919314191353,0.28052252651002674,500,1561.95
LiH_Reduced_8_Qubits,EfficientSU2,2,SPSA,depolarizing,0.09,-1.0900919314191353,0.425638394396498,500,1478.78
LiH_Reduced_8_Qubits,EfficientSU2,2,SPSA,depolarizing,0.088,-1.0900919314191353,0.1903316167805375,500,1566.06
LiH_Reduced_8_Qubits,EfficientSU2,2,SPSA,depolarizing,0.089,-1.0900919314191353,0.3304976314748974,500,1522.66
LiH_Reduced_8_Qubits,EfficientSU2,2,SPSA,depolarizing,0.091,-1.0900919314191353,0.42667855859479487,500,1527.18
LiH_Reduced_8_Qubits,EfficientSU2,2,SPSA,depolarizing,0.092,-1.0900919314191353,0.3969783201063734,500,1648.66
LiH_Reduced_8_Qubits,EfficientSU2,2,SPSA,depolarizing,0.093,-1.0900919314191353,0.3310609628205825,500,1737.05
LiH_Reduced_8_Qubits,EfficientSU2,2,SPSA,depolarizing,0.094,-1.0900919314191353,0.3863639085585056,500,1531.87
LiH_Reduced_8_Qubits,EfficientSU2,2,SPSA,depolarizing,0.095,-1.0900919314191353,0.3669265028902757,500,1493.72
LiH_Reduced_8_Qubits,EfficientSU2,2,SPSA,depolarizing,0.096,-1.0900919314191353,0.33461189041360206,500,1532.74
LiH_Reduced_8_Qubits,EfficientSU2,2,SPSA,depolarizing,0.097,-1.0900919314191353,0.40025321075041526,500,1500.21
LiH_Reduced_8_Qubits,EfficientSU2,2,SPSA,depolarizing,0.098,-1.0900919314191353,0.48373739692602497,500,1538.45
LiH_Reduced_8_Qubits,EfficientSU2,2,SPSA,depolarizing,0.099,-1.0900919314191353,0.48673090560935667,500,1525.7
LiH_Reduced_8_Qubits,EfficientSU2,2,SPSA,depolarizing,0.1,-1.0900919314191353,0.34887550105841103,500,1504.84
LiH_Reduced_8_Qubits,EfficientSU2,2,SPSA,bitflip,0.001,-1.0900919314191353,-0.7332161028140047,500,1564.53
LiH_Reduced_8_Qubits,EfficientSU2,2,SPSA,bitflip,0.002,-1.0900919314191353,-0.6793663114032736,500,1659.99
LiH_Reduced_8_Qubits,EfficientSU2,2,SPSA,bitflip,0.003,-1.0900919314191353,-0.8222366855725518,500,1471.17
LiH_Reduced_8_Qubits,EfficientSU2,2,SPSA,bitflip,0.004,-1.0900919314191353,-0.7482152911095596,500,1514.5
LiH_Reduced_8_Qubits,EfficientSU2,2,SPSA,bitflip,0.005,-1.0900919314191353,-0.8000164266449691,500,1483.79
LiH_Reduced_8_Qubits,EfficientSU2,2,SPSA,bitflip,0.006,-1.0900919314191353,-0.552656449917668,500,1529.37
LiH_Reduced_8_Qubits,EfficientSU2,2,SPSA,bitflip,0.007,-1.0900919314191353,-0.5773248759971248,500,1552.02
LiH_Reduced_8_Qubits,EfficientSU2,2,SPSA,bitflip,0.008,-1.0900919314191353,-0.7213432609514273,500,1543.05
LiH_Reduced_8_Qubits,EfficientSU2,2,SPSA,bitflip,0.009000000000000001,-1.0900919314191353,-0.7223897701294186,500,1474.49
LiH_Reduced_8_Qubits,EfficientSU2,2,SPSA,bitflip,0.01,-1.0900919314191353,-0.4918999302503651,500,1651.31
LiH_Reduced_8_Qubits,EfficientSU2,2,SPSA,bitflip,0.012,-1.0900919314191353,-0.23661822409181354,500,1469.99
LiH_Reduced_8_Qubits,EfficientSU2,2,SPSA,bitflip,0.011,-1.0900919314191353,-0.5835445753271349,500,1683.46
LiH_Reduced_8_Qubits,EfficientSU2,2,SPSA,bitflip,0.013000000000000001,-1.0900919314191353,-0.6117792180414187,500,1535.86
LiH_Reduced_8_Qubits,EfficientSU2,2,SPSA,bitflip,0.014,-1.0900919314191353,-0.5059493867621498,500,1505.09
LiH_Reduced_8_Qubits,EfficientSU2,2,SPSA,bitflip,0.015,-1.0900919314191353,-0.5478359064584652,500,1548.46
LiH_Reduced_8_Qubits,EfficientSU2,2,SPSA,bitflip,0.017,-1.0900919314191353,-0.5191089359499375,500,1474.86
LiH_Reduced_8_Qubits,EfficientSU2,2,SPSA,bitflip,0.016,-1.0900919314191353,-0.6200598892217536,500,1570.84
LiH_Reduced_8_Qubits,EfficientSU2,2,SPSA,bitflip,0.018000000000000002,-1.0900919314191353,-0.19741867901873986,500,1508.95
LiH_Reduced_8_Qubits,EfficientSU2,2,SPSA,bitflip,0.019,-1.0900919314191353,-0.24219531228249558,500,1678.4
LiH_Reduced_8_Qubits,EfficientSU2,2,SPSA,bitflip,0.02,-1.0900919314191353,-0.17842857738319826,500,1575.64
LiH_Reduced_8_Qubits,EfficientSU2,2,SPSA,bitflip,0.022,-1.0900919314191353,-0.31343675998027776,500,1552.98
LiH_Reduced_8_Qubits,EfficientSU2,2,SPSA,bitflip,0.021,-1.0900919314191353,-0.4391582137871965,500,1735.4
LiH_Reduced_8_Qubits,EfficientSU2,2,SPSA,bitflip,0.023,-1.0900919314191353,-0.4215418525485158,500,1605.21
LiH_Reduced_8_Qubits,EfficientSU2,2,SPSA,bitflip,0.025,-1.0900919314191353,-0.1961619518179657,500,1456.45
LiH_Reduced_8_Qubits,EfficientSU2,2,SPSA,bitflip,0.026000000000000002,-1.0900919314191353,-0.17602490808439233,500,1523.52
LiH_Reduced_8_Qubits,EfficientSU2,2,SPSA,bitflip,0.024,-1.0900919314191353,-0.36871544216269153,500,1708.24
LiH_Reduced_8_Qubits,EfficientSU2,2,SPSA,bitflip,0.027,-1.0900919314191353,-0.06347895995487707,500,1527.96
LiH_Reduced_8_Qubits,EfficientSU2,2,SPSA,bitflip,0.028,-1.0900919314191353,0.2869276546560957,500,1565.55
LiH_Reduced_8_Qubits,EfficientSU2,2,SPSA,bitflip,0.029,-1.0900919314191353,-0.2348937397797814,500,1568.77
LiH_Reduced_8_Qubits,EfficientSU2,2,SPSA,bitflip,0.03,-1.0900919314191353,-0.26140392903431825,500,1528.77
LiH_Reduced_8_Qubits,EfficientSU2,2,SPSA,bitflip,0.032,-1.0900919314191353,-0.0757654803507728,500,1486.33
LiH_Reduced_8_Qubits,EfficientSU2,2,SPSA,bitflip,0.031,-1.0900919314191353,-0.14435320264691442,500,1667.31
LiH_Reduced_8_Qubits,EfficientSU2,2,SPSA,bitflip,0.033,-1.0900919314191353,-0.06551710675122335,500,1457.44
LiH_Reduced_8_Qubits,EfficientSU2,2,SPSA,bitflip,0.034,-1.0900919314191353,-0.2918421485173975,500,1518.02
LiH_Reduced_8_Qubits,EfficientSU2,2,SPSA,bitflip,0.036000000000000004,-1.0900919314191353,0.013123089666233156,500,1493.84
LiH_Reduced_8_Qubits,EfficientSU2,2,SPSA,bitflip,0.035,-1.0900919314191353,-0.21702789570388475,500,1803.14
LiH_Reduced_8_Qubits,EfficientSU2,2,SPSA,bitflip,0.038,-1.0900919314191353,-0.27560940977324844,500,1516.11
LiH_Reduced_8_Qubits,EfficientSU2,2,SPSA,bitflip,0.037,-1.0900919314191353,-0.1795402305524686,500,1646.44
LiH_Reduced_8_Qubits,EfficientSU2,2,SPSA,bitflip,0.039,-1.0900919314191353,-0.17817957854068356,500,1491.68
LiH_Reduced_8_Qubits,EfficientSU2,2,SPSA,bitflip,0.04,-1.0900919314191353,-0.009931279153958084,500,1502.88
LiH_Reduced_8_Qubits,EfficientSU2,2,SPSA,bitflip,0.042,-1.0900919314191353,-0.05881746072862931,500,1468.41
LiH_Reduced_8_Qubits,EfficientSU2,2,SPSA,bitflip,0.041,-1.0900919314191353,-0.09208804165661855,500,1627.38
LiH_Reduced_8_Qubits,EfficientSU2,2,SPSA,bitflip,0.043000000000000003,-1.0900919314191353,0.008817657553575442,500,1576.2
LiH_Reduced_8_Qubits,EfficientSU2,2,SPSA,bitflip,0.044,-1.0900919314191353,-0.180813338166391,500,1522.75
LiH_Reduced_8_Qubits,EfficientSU2,2,SPSA,bitflip,0.045,-1.0900919314191353,-0.1139075357354617,500,1708.36
LiH_Reduced_8_Qubits,EfficientSU2,2,SPSA,bitflip,0.048,-1.0900919314191353,0.060666729761616744,500,1524.23
LiH_Reduced_8_Qubits,EfficientSU2,2,SPSA,bitflip,0.047,-1.0900919314191353,0.12828028292455018,500,1630.29
LiH_Reduced_8_Qubits,EfficientSU2,2,SPSA,bitflip,0.046,-1.0900919314191353,-0.3132021034004995,500,1738.26
LiH_Reduced_8_Qubits,EfficientSU2,2,SPSA,bitflip,0.049,-1.0900919314191353,0.17076477405384966,500,1457.42
LiH_Reduced_8_Qubits,EfficientSU2,2,SPSA,bitflip,0.05,-1.0900919314191353,0.06488196295031479,500,1459.64
LiH_Reduced_8_Qubits,EfficientSU2,2,SPSA,bitflip,0.051000000000000004,-1.0900919314191353,-0.08906306614528559,500,1625.19
LiH_Reduced_8_Qubits,EfficientSU2,2,SPSA,bitflip,0.052000000000000005,-1.0900919314191353,0.028303092456783197,500,1595.92
LiH_Reduced_8_Qubits,EfficientSU2,2,SPSA,bitflip,0.053,-1.0900919314191353,0.03955813912649725,500,1550.31
LiH_Reduced_8_Qubits,EfficientSU2,2,SPSA,bitflip,0.054,-1.0900919314191353,-0.14585534445507675,500,1541.9
LiH_Reduced_8_Qubits,EfficientSU2,2,SPSA,bitflip,0.055,-1.0900919314191353,-0.028025211553323714,500,1538.93
LiH_Reduced_8_Qubits,EfficientSU2,2,SPSA,bitflip,0.058,-1.0900919314191353,0.006034522685793298,500,1470.25
LiH_Reduced_8_Qubits,EfficientSU2,2,SPSA,bitflip,0.059000000000000004,-1.0900919314191353,0.03755258122164723,500,1453.93
LiH_Reduced_8_Qubits,EfficientSU2,2,SPSA,bitflip,0.057,-1.0900919314191353,0.26400663945428127,500,1585.01
LiH_Reduced_8_Qubits,EfficientSU2,2,SPSA,bitflip,0.056,-1.0900919314191353,0.09126249434422201,500,1689.72
LiH_Reduced_8_Qubits,EfficientSU2,2,SPSA,bitflip,0.06,-1.0900919314191353,-0.0765451708430886,500,1583.86
LiH_Reduced_8_Qubits,EfficientSU2,2,SPSA,bitflip,0.061,-1.0900919314191353,0.10072148872395065,500,1533.34
LiH_Reduced_8_Qubits,EfficientSU2,2,SPSA,bitflip,0.062,-1.0900919314191353,-0.10965666983634387,500,1570.01
LiH_Reduced_8_Qubits,EfficientSU2,2,SPSA,bitflip,0.063,-1.0900919314191353,0.3346862737819008,500,1512.64
LiH_Reduced_8_Qubits,EfficientSU2,2,SPSA,bitflip,0.064,-1.0900919314191353,0.45797929199211324,500,1549.12
LiH_Reduced_8_Qubits,EfficientSU2,2,SPSA,bitflip,0.066,-1.0900919314191353,0.14398375190083756,500,1476.95
LiH_Reduced_8_Qubits,EfficientSU2,2,SPSA,bitflip,0.065,-1.0900919314191353,-0.12366432006098887,500,1505.25
LiH_Reduced_8_Qubits,EfficientSU2,2,SPSA,bitflip,0.067,-1.0900919314191353,0.08587327322973831,500,1470.08
LiH_Reduced_8_Qubits,EfficientSU2,2,SPSA,bitflip,0.068,-1.0900919314191353,0.11920027307207559,500,1675.88
LiH_Reduced_8_Qubits,EfficientSU2,2,SPSA,bitflip,0.069,-1.0900919314191353,0.17048524420591898,500,1572.06
LiH_Reduced_8_Qubits,EfficientSU2,2,SPSA,bitflip,0.07,-1.0900919314191353,0.1130816207435123,500,1523.55
LiH_Reduced_8_Qubits,EfficientSU2,2,SPSA,bitflip,0.07100000000000001,-1.0900919314191353,0.3836800325942334,500,1584.94
LiH_Reduced_8_Qubits,EfficientSU2,2,SPSA,bitflip,0.07200000000000001,-1.0900919314191353,0.09950875070943,500,1556.31
LiH_Reduced_8_Qubits,EfficientSU2,2,SPSA,bitflip,0.076,-1.0900919314191353,0.15783161345397329,500,1500.6
LiH_Reduced_8_Qubits,EfficientSU2,2,SPSA,bitflip,0.074,-1.0900919314191353,0.352090330500882,500,1544.93
LiH_Reduced_8_Qubits,EfficientSU2,2,SPSA,bitflip,0.075,-1.0900919314191353,0.1967407687635891,500,1550.31
LiH_Reduced_8_Qubits,EfficientSU2,2,SPSA,bitflip,0.073,-1.0900919314191353,0.29240863288685914,500,1675.58
LiH_Reduced_8_Qubits,EfficientSU2,2,SPSA,bitflip,0.077,-1.0900919314191353,0.5253339402786148,500,1575.62
LiH_Reduced_8_Qubits,EfficientSU2,2,SPSA,bitflip,0.078,-1.0900919314191353,0.2588761997258096,500,1620.82
LiH_Reduced_8_Qubits,EfficientSU2,2,SPSA,bitflip,0.079,-1.0900919314191353,0.16748528447362915,500,1572.26
LiH_Reduced_8_Qubits,EfficientSU2,2,SPSA,bitflip,0.08,-1.0900919314191353,0.20430217376870996,500,1539.99
LiH_Reduced_8_Qubits,EfficientSU2,2,SPSA,bitflip,0.081,-1.0900919314191353,0.156598509454625,500,1483.54
LiH_Reduced_8_Qubits,EfficientSU2,2,SPSA,bitflip,0.082,-1.0900919314191353,0.37468647134361704,500,1472.93
LiH_Reduced_8_Qubits,EfficientSU2,2,SPSA,bitflip,0.084,-1.0900919314191353,0.35797630328184316,500,1579.77
LiH_Reduced_8_Qubits,EfficientSU2,2,SPSA,bitflip,0.085,-1.0900919314191353,0.0005606999108446198,500,1664.79
LiH_Reduced_8_Qubits,EfficientSU2,2,SPSA,bitflip,0.083,-1.0900919314191353,0.2398671517393101,500,1787.27
LiH_Reduced_8_Qubits,EfficientSU2,2,SPSA,bitflip,0.08600000000000001,-1.0900919314191353,0.253049477157878,500,1578.87
LiH_Reduced_8_Qubits,EfficientSU2,2,SPSA,bitflip,0.088,-1.0900919314191353,0.27620522608252346,500,1521.62
LiH_Reduced_8_Qubits,EfficientSU2,2,SPSA,bitflip,0.08700000000000001,-1.0900919314191353,0.3384308428991903,500,1636.41
LiH_Reduced_8_Qubits,EfficientSU2,2,SPSA,bitflip,0.089,-1.0900919314191353,0.32110140260623765,500,1557.76
LiH_Reduced_8_Qubits,EfficientSU2,2,SPSA,bitflip,0.09,-1.0900919314191353,0.061770373460866335,500,1477.32
LiH_Reduced_8_Qubits,EfficientSU2,2,SPSA,bitflip,0.091,-1.0900919314191353,0.698509256276638,500,1472.91
LiH_Reduced_8_Qubits,EfficientSU2,2,SPSA,bitflip,0.092,-1.0900919314191353,0.22352239900553245,500,1558.04
LiH_Reduced_8_Qubits,EfficientSU2,2,SPSA,bitflip,0.093,-1.0900919314191353,0.43557628579225116,500,1626.9
LiH_Reduced_8_Qubits,EfficientSU2,2,SPSA,bitflip,0.094,-1.0900919314191353,0.35416001701501043,500,1635.48
LiH_Reduced_8_Qubits,EfficientSU2,2,SPSA,bitflip,0.095,-1.0900919314191353,0.30554158946756926,500,1600.5
LiH_Reduced_8_Qubits,EfficientSU2,2,SPSA,bitflip,0.096,-1.0900919314191353,0.3012595400359218,500,1568.69
LiH_Reduced_8_Qubits,EfficientSU2,2,SPSA,bitflip,0.097,-1.0900919314191353,0.14169518607644316,500,1553.52
LiH_Reduced_8_Qubits,EfficientSU2,2,SPSA,bitflip,0.098,-1.0900919314191353,0.3933336440062663,500,1627.08
LiH_Reduced_8_Qubits,EfficientSU2,2,SPSA,bitflip,0.099,-1.0900919314191353,0.30882878207393527,500,1549.0
LiH_Reduced_8_Qubits,TwoLocal,4,COBYLA,noiseless,0.0,-1.0900919314191353,-1.024118821076575,500,1302.91
LiH_Reduced_8_Qubits,EfficientSU2,2,SPSA,bitflip,0.1,-1.0900919314191353,0.3381764289617813,500,1539.13
LiH_Reduced_8_Qubits,TwoLocal,4,COBYLA,depolarizing,0.002,-1.0900919314191353,-0.2955498180830227,500,3697.71
LiH_Reduced_8_Qubits,TwoLocal,4,COBYLA,depolarizing,0.001,-1.0900919314191353,-0.6875038883987596,500,3920.34
LiH_Reduced_8_Qubits,TwoLocal,4,COBYLA,depolarizing,0.003,-1.0900919314191353,-0.4851004253900639,500,3862.41
LiH_Reduced_8_Qubits,TwoLocal,4,COBYLA,depolarizing,0.004,-1.0900919314191353,-0.6467844485520831,500,3689.97
LiH_Reduced_8_Qubits,TwoLocal,4,COBYLA,depolarizing,0.005,-1.0900919314191353,-0.5382555514455358,500,3941.57
LiH_Reduced_8_Qubits,TwoLocal,4,COBYLA,depolarizing,0.007,-1.0900919314191353,-0.2646059869501779,500,3857.69
LiH_Reduced_8_Qubits,TwoLocal,4,COBYLA,depolarizing,0.006,-1.0900919314191353,-0.43232517720207175,500,3944.69
LiH_Reduced_8_Qubits,TwoLocal,4,COBYLA,depolarizing,0.008,-1.0900919314191353,-0.3517131075171507,500,3762.31
LiH_Reduced_8_Qubits,TwoLocal,4,COBYLA,depolarizing,0.009000000000000001,-1.0900919314191353,-0.22015319500732988,500,3806.55
LiH_Reduced_8_Qubits,TwoLocal,4,COBYLA,depolarizing,0.01,-1.0900919314191353,-0.20262575224543544,500,3941.67
LiH_Reduced_8_Qubits,TwoLocal,4,COBYLA,depolarizing,0.012,-1.0900919314191353,-0.05297776415834865,489,3695.61
LiH_Reduced_8_Qubits,TwoLocal,4,COBYLA,depolarizing,0.013000000000000001,-1.0900919314191353,-0.038351425235965686,500,3882.01
LiH_Reduced_8_Qubits,TwoLocal,4,COBYLA,depolarizing,0.011,-1.0900919314191353,-0.1763422084931059,500,4048.08
LiH_Reduced_8_Qubits,TwoLocal,4,COBYLA,depolarizing,0.016,-1.0900919314191353,0.052883067357917646,469,3553.3
LiH_Reduced_8_Qubits,TwoLocal,4,COBYLA,depolarizing,0.017,-1.0900919314191353,0.48321421839787426,431,3269.05
LiH_Reduced_8_Qubits,TwoLocal,4,COBYLA,depolarizing,0.014,-1.0900919314191353,-0.06689150281369705,500,3846.62
LiH_Reduced_8_Qubits,TwoLocal,4,COBYLA,depolarizing,0.015,-1.0900919314191353,0.2902817055770773,500,3921.29
LiH_Reduced_8_Qubits,TwoLocal,4,COBYLA,depolarizing,0.018000000000000002,-1.0900919314191353,0.19093384440521333,500,3796.41
LiH_Reduced_8_Qubits,TwoLocal,4,COBYLA,depolarizing,0.024,-1.0900919314191353,0.4736558886971046,450,3394.01
LiH_Reduced_8_Qubits,TwoLocal,4,COBYLA,depolarizing,0.02,-1.0900919314191353,0.23667770769740426,500,3854.54
LiH_Reduced_8_Qubits,TwoLocal,4,COBYLA,depolarizing,0.019,-1.0900919314191353,0.3156964827258878,500,3872.61
LiH_Reduced_8_Qubits,TwoLocal,4,COBYLA,depolarizing,0.021,-1.0900919314191353,0.29779024935664394,500,3807.55
LiH_Reduced_8_Qubits,TwoLocal,4,COBYLA,depolarizing,0.022,-1.0900919314191353,0.45394535758496,500,3918.01
LiH_Reduced_8_Qubits,TwoLocal,4,COBYLA,depolarizing,0.023,-1.0900919314191353,0.35179339749625466,500,3861.93
LiH_Reduced_8_Qubits,TwoLocal,4,COBYLA,depolarizing,0.025,-1.0900919314191353,0.5491702680750993,500,3850.91
LiH_Reduced_8_Qubits,TwoLocal,4,COBYLA,depolarizing,0.026000000000000002,-1.0900919314191353,0.4006041756195773,500,4040.97
LiH_Reduced_8_Qubits,TwoLocal,4,COBYLA,depolarizing,0.027,-1.0900919314191353,0.49310876459505504,500,3816.23
LiH_Reduced_8_Qubits,TwoLocal,4,COBYLA,depolarizing,0.028,-1.0900919314191353,0.4707041908100691,500,3739.14
LiH_Reduced_8_Qubits,TwoLocal,4,COBYLA,depolarizing,0.031,-1.0900919314191353,0.5601157128375591,494,3692.1
LiH_Reduced_8_Qubits,TwoLocal,4,COBYLA,depolarizing,0.029,-1.0900919314191353,0.49985771539794244,500,3872.97
LiH_Reduced_8_Qubits,TwoLocal,4,COBYLA,depolarizing,0.035,-1.0900919314191353,0.8059938466211913,388,3069.03
LiH_Reduced_8_Qubits,TwoLocal,4,COBYLA,depolarizing,0.03,-1.0900919314191353,0.5259743874189584,500,4033.11
LiH_Reduced_8_Qubits,TwoLocal,4,COBYLA,depolarizing,0.032,-1.0900919314191353,0.5555937427337969,500,3896.37
LiH_Reduced_8_Qubits,TwoLocal,4,COBYLA,depolarizing,0.033,-1.0900919314191353,0.6359943346285815,500,3936.53
LiH_Reduced_8_Qubits,TwoLocal,4,COBYLA,depolarizing,0.034,-1.0900919314191353,0.5871116348009526,500,3843.01
LiH_Reduced_8_Qubits,TwoLocal,4,COBYLA,depolarizing,0.036000000000000004,-1.0900919314191353,0.6195686423303255,500,3732.56
LiH_Reduced_8_Qubits,TwoLocal,4,COBYLA,depolarizing,0.037,-1.0900919314191353,0.7634044718353105,500,3791.34
LiH_Reduced_8_Qubits,TwoLocal,4,COBYLA,depolarizing,0.039,-1.0900919314191353,0.7830333040914663,500,3799.04
LiH_Reduced_8_Qubits,TwoLocal,4,COBYLA,depolarizing,0.038,-1.0900919314191353,0.6602464883574735,500,3832.63
LiH_Reduced_8_Qubits,TwoLocal,4,COBYLA,depolarizing,0.04,-1.0900919314191353,0.7625511389518704,500,3974.34
LiH_Reduced_8_Qubits,TwoLocal,4,COBYLA,depolarizing,0.041,-1.0900919314191353,0.6775965059320553,500,3937.68
LiH_Reduced_8_Qubits,TwoLocal,4,COBYLA,depolarizing,0.042,-1.0900919314191353,0.797707846183264,500,3793.13
LiH_Reduced_8_Qubits,TwoLocal,4,COBYLA,depolarizing,0.043000000000000003,-1.0900919314191353,0.7499838453638467,500,3760.89
LiH_Reduced_8_Qubits,TwoLocal,4,COBYLA,depolarizing,0.044,-1.0900919314191353,0.7547574529932468,500,3955.5
LiH_Reduced_8_Qubits,TwoLocal,4,COBYLA,depolarizing,0.045,-1.0900919314191353,0.7532116342176309,498,3795.59
LiH_Reduced_8_Qubits,TwoLocal,4,COBYLA,depolarizing,0.046,-1.0900919314191353,0.8353064129137013,431,3383.77
LiH_Reduced_8_Qubits,TwoLocal,4,COBYLA,depolarizing,0.049,-1.0900919314191353,0.8569378800797595,451,3417.7
LiH_Reduced_8_Qubits,TwoLocal,4,COBYLA,depolarizing,0.048,-1.0900919314191353,0.8083056227820712,500,3727.26
LiH_Reduced_8_Qubits,TwoLocal,4,COBYLA,depolarizing,0.047,-1.0900919314191353,0.7840078518028297,486,3774.85
LiH_Reduced_8_Qubits,TwoLocal,4,COBYLA,depolarizing,0.051000000000000004,-1.0900919314191353,0.840138508311,500,3857.64
LiH_Reduced_8_Qubits,TwoLocal,4,COBYLA,depolarizing,0.05,-1.0900919314191353,0.8062711046081901,492,3984.52
LiH_Reduced_8_Qubits,TwoLocal,4,COBYLA,depolarizing,0.052000000000000005,-1.0900919314191353,0.8938945317220488,500,3922.77
LiH_Reduced_8_Qubits,TwoLocal,4,COBYLA,depolarizing,0.054,-1.0900919314191353,0.9382770061976381,471,3500.13
LiH_Reduced_8_Qubits,TwoLocal,4,COBYLA,depolarizing,0.053,-1.0900919314191353,0.8613734576787969,500,3817.51
LiH_Reduced_8_Qubits,TwoLocal,4,COBYLA,depolarizing,0.055,-1.0900919314191353,0.8591758516196583,500,3920.57
LiH_Reduced_8_Qubits,TwoLocal,4,COBYLA,depolarizing,0.057,-1.0900919314191353,0.8660397998035179,470,3508.17
LiH_Reduced_8_Qubits,TwoLocal,4,COBYLA,depolarizing,0.058,-1.0900919314191353,0.8632889334585019,463,3607.34
LiH_Reduced_8_Qubits,TwoLocal,4,COBYLA,depolarizing,0.056,-1.0900919314191353,0.8527955455154398,500,3799.98
LiH_Reduced_8_Qubits,TwoLocal,4,COBYLA,depolarizing,0.059000000000000004,-1.0900919314191353,0.9400615522103348,490,3800.38
LiH_Reduced_8_Qubits,TwoLocal,4,COBYLA,depolarizing,0.063,-1.0900919314191353,0.9302217857271375,468,3543.4
LiH_Reduced_8_Qubits,TwoLocal,4,COBYLA,depolarizing,0.062,-1.0900919314191353,0.8788497500465802,500,3742.52
LiH_Reduced_8_Qubits,TwoLocal,4,COBYLA,depolarizing,0.06,-1.0900919314191353,0.9017922580479917,484,3895.43
LiH_Reduced_8_Qubits,TwoLocal,4,COBYLA,depolarizing,0.061,-1.0900919314191353,0.8970340715197154,494,3883.52
LiH_Reduced_8_Qubits,TwoLocal,4,COBYLA,depolarizing,0.066,-1.0900919314191353,0.9309586637671734,500,3750.0
LiH_Reduced_8_Qubits,TwoLocal,4,COBYLA,depolarizing,0.064,-1.0900919314191353,0.9476503842379325,500,4032.29
LiH_Reduced_8_Qubits,TwoLocal,4,COBYLA,depolarizing,0.065,-1.0900919314191353,0.9215466923207872,500,3912.24
LiH_Reduced_8_Qubits,TwoLocal,4,COBYLA,depolarizing,0.067,-1.0900919314191353,0.9431156951680502,494,3935.8
LiH_Reduced_8_Qubits,TwoLocal,4,COBYLA,depolarizing,0.069,-1.0900919314191353,0.9510828568147296,442,3490.04
LiH_Reduced_8_Qubits,TwoLocal,4,COBYLA,depolarizing,0.068,-1.0900919314191353,0.9430486464945276,500,3697.62
LiH_Reduced_8_Qubits,TwoLocal,4,COBYLA,depolarizing,0.07,-1.0900919314191353,1.0593588339894757,461,3636.08
LiH_Reduced_8_Qubits,TwoLocal,4,COBYLA,depolarizing,0.07200000000000001,-1.0900919314191353,0.9992935316260859,500,3694.49
LiH_Reduced_8_Qubits,TwoLocal,4,COBYLA,depolarizing,0.07100000000000001,-1.0900919314191353,0.967279754780813,500,3878.37
LiH_Reduced_8_Qubits,TwoLocal,4,COBYLA,depolarizing,0.077,-1.0900919314191353,1.0733822687057704,425,3261.76
LiH_Reduced_8_Qubits,TwoLocal,4,COBYLA,depolarizing,0.073,-1.0900919314191353,0.999501179211775,475,3664.28
LiH_Reduced_8_Qubits,TwoLocal,4,COBYLA,depolarizing,0.075,-1.0900919314191353,0.997058056137123,486,3787.33
LiH_Reduced_8_Qubits,TwoLocal,4,COBYLA,depolarizing,0.074,-1.0900919314191353,0.9615059851973673,500,3801.01
LiH_Reduced_8_Qubits,TwoLocal,4,COBYLA,depolarizing,0.08,-1.0900919314191353,1.0251499469641083,447,3393.43
LiH_Reduced_8_Qubits,TwoLocal,4,COBYLA,depolarizing,0.076,-1.0900919314191353,1.0029896770110047,500,3992.31
LiH_Reduced_8_Qubits,TwoLocal,4,COBYLA,depolarizing,0.078,-1.0900919314191353,0.9802373466496965,500,3789.34
LiH_Reduced_8_Qubits,TwoLocal,4,COBYLA,depolarizing,0.081,-1.0900919314191353,1.0296605946476372,451,3580.6
LiH_Reduced_8_Qubits,TwoLocal,4,COBYLA,depolarizing,0.079,-1.0900919314191353,0.9760351211599313,500,3970.58
LiH_Reduced_8_Qubits,TwoLocal,4,COBYLA,depolarizing,0.085,-1.0900919314191353,1.0337547558280522,465,3516.04
LiH_Reduced_8_Qubits,TwoLocal,4,COBYLA,depolarizing,0.088,-1.0900919314191353,1.0758318508196774,402,3092.83
LiH_Reduced_8_Qubits,TwoLocal,4,COBYLA,depolarizing,0.08600000000000001,-1.0900919314191353,1.0754932692828438,439,3300.43
LiH_Reduced_8_Qubits,TwoLocal,4,COBYLA,depolarizing,0.083,-1.0900919314191353,0.9996791456211853,500,3868.12
LiH_Reduced_8_Qubits,TwoLocal,4,COBYLA,depolarizing,0.082,-1.0900919314191353,0.9798167737851349,500,3933.24
LiH_Reduced_8_Qubits,TwoLocal,4,COBYLA,depolarizing,0.084,-1.0900919314191353,1.0385724902839897,488,3849.25
LiH_Reduced_8_Qubits,TwoLocal,4,COBYLA,depolarizing,0.08700000000000001,-1.0900919314191353,1.0138204117928533,500,3910.76
LiH_Reduced_8_Qubits,TwoLocal,4,COBYLA,depolarizing,0.09,-1.0900919314191353,1.0503256519241297,500,3807.22
LiH_Reduced_8_Qubits,TwoLocal,4,COBYLA,depolarizing,0.089,-1.0900919314191353,1.0427308903080463,500,3909.88
LiH_Reduced_8_Qubits,TwoLocal,4,COBYLA,depolarizing,0.091,-1.0900919314191353,1.0410600505862,402,3158.16
LiH_Reduced_8_Qubits,TwoLocal,4,COBYLA,depolarizing,0.092,-1.0900919314191353,1.0649610094345228,409,3066.53
LiH_Reduced_8_Qubits,TwoLocal,4,COBYLA,depolarizing,0.093,-1.0900919314191353,1.0283885724281792,493,3677.69
LiH_Reduced_8_Qubits,TwoLocal,4,COBYLA,depolarizing,0.094,-1.0900919314191353,1.0546817645059823,474,3714.9
LiH_Reduced_8_Qubits,TwoLocal,4,COBYLA,depolarizing,0.095,-1.0900919314191353,1.0700503668263697,468,3708.84
LiH_Reduced_8_Qubits,TwoLocal,4,COBYLA,depolarizing,0.096,-1.0900919314191353,1.039865769951492,481,3737.81
LiH_Reduced_8_Qubits,TwoLocal,4,COBYLA,depolarizing,0.098,-1.0900919314191353,1.0487782987400285,420,3182.7
LiH_Reduced_8_Qubits,TwoLocal,4,COBYLA,depolarizing,0.097,-1.0900919314191353,1.0571499464275842,500,3955.95
LiH_Reduced_8_Qubits,TwoLocal,4,COBYLA,depolarizing,0.099,-1.0900919314191353,1.0592291742199988,500,3918.46
LiH_Reduced_8_Qubits,TwoLocal,4,COBYLA,depolarizing,0.1,-1.0900919314191353,1.059718899062607,460,3719.81
LiH_Reduced_8_Qubits,TwoLocal,4,COBYLA,bitflip,0.001,-1.0900919314191353,-0.7483137779269506,500,3699.21
LiH_Reduced_8_Qubits,TwoLocal,4,COBYLA,bitflip,0.002,-1.0900919314191353,-0.548156137678295,500,3717.39
LiH_Reduced_8_Qubits,TwoLocal,4,COBYLA,bitflip,0.004,-1.0900919314191353,-0.12237818246678389,500,3892.69
LiH_Reduced_8_Qubits,TwoLocal,4,COBYLA,bitflip,0.005,-1.0900919314191353,0.05416287752796867,482,3764.53
LiH_Reduced_8_Qubits,TwoLocal,4,COBYLA,bitflip,0.003,-1.0900919314191353,-0.4161916640678719,500,3974.66
LiH_Reduced_8_Qubits,TwoLocal,4,COBYLA,bitflip,0.006,-1.0900919314191353,-0.011439593069325904,500,3811.66
LiH_Reduced_8_Qubits,TwoLocal,4,COBYLA,bitflip,0.007,-1.0900919314191353,0.011884374768193817,500,3895.55
LiH_Reduced_8_Qubits,TwoLocal,4,COBYLA,bitflip,0.008,-1.0900919314191353,0.2010974355096458,500,3941.23
LiH_Reduced_8_Qubits,TwoLocal,4,COBYLA,bitflip,0.009000000000000001,-1.0900919314191353,0.09602822316137638,500,3761.63
LiH_Reduced_8_Qubits,TwoLocal,4,COBYLA,bitflip,0.01,-1.0900919314191353,0.33662891178082516,500,3877.66
LiH_Reduced_8_Qubits,TwoLocal,4,COBYLA,bitflip,0.011,-1.0900919314191353,0.3322671787137267,500,3840.82
LiH_Reduced_8_Qubits,TwoLocal,4,COBYLA,bitflip,0.015,-1.0900919314191353,0.7423034064801232,424,3366.52
LiH_Reduced_8_Qubits,TwoLocal,4,COBYLA,bitflip,0.013000000000000001,-1.0900919314191353,0.41767260219200397,500,3760.92
LiH_Reduced_8_Qubits,TwoLocal,4,COBYLA,bitflip,0.012,-1.0900919314191353,0.45181619284414914,500,3794.4
LiH_Reduced_8_Qubits,TwoLocal,4,COBYLA,bitflip,0.014,-1.0900919314191353,0.6679974601191581,482,3776.89
LiH_Reduced_8_Qubits,TwoLocal,4,COBYLA,bitflip,0.016,-1.0900919314191353,0.49563094663158447,500,3891.65
LiH_Reduced_8_Qubits,TwoLocal,4,COBYLA,bitflip,0.017,-1.0900919314191353,0.5580637035170529,500,3965.85
LiH_Reduced_8_Qubits,TwoLocal,4,COBYLA,bitflip,0.018000000000000002,-1.0900919314191353,0.7172269394746515,500,3799.7
LiH_Reduced_8_Qubits,TwoLocal,4,COBYLA,bitflip,0.019,-1.0900919314191353,0.6728893810257585,500,3821.67
LiH_Reduced_8_Qubits,TwoLocal,4,COBYLA,bitflip,0.02,-1.0900919314191353,0.8174885183486094,500,3748.34
LiH_Reduced_8_Qubits,TwoLocal,4,COBYLA,bitflip,0.024,-1.0900919314191353,0.9319252196998339,469,3522.73
LiH_Reduced_8_Qubits,TwoLocal,4,COBYLA,bitflip,0.021,-1.0900919314191353,0.7633418225902051,500,3945.85
LiH_Reduced_8_Qubits,TwoLocal,4,COBYLA,bitflip,0.022,-1.0900919314191353,0.6996787401668347,500,3841.41
LiH_Reduced_8_Qubits,TwoLocal,4,COBYLA,bitflip,0.023,-1.0900919314191353,0.7206194226627878,500,4053.3
LiH_Reduced_8_Qubits,TwoLocal,4,COBYLA,bitflip,0.025,-1.0900919314191353,0.8557097301746378,468,3600.47
LiH_Reduced_8_Qubits,TwoLocal,4,COBYLA,bitflip,0.026000000000000002,-1.0900919314191353,0.8023854584475779,500,3934.81
LiH_Reduced_8_Qubits,TwoLocal,4,COBYLA,bitflip,0.027,-1.0900919314191353,0.8641994706392575,500,3919.6
LiH_Reduced_8_Qubits,TwoLocal,4,COBYLA,bitflip,0.028,-1.0900919314191353,0.8565496769772584,500,3788.22
LiH_Reduced_8_Qubits,TwoLocal,4,COBYLA,bitflip,0.032,-1.0900919314191353,0.9880589031468711,428,3296.5
LiH_Reduced_8_Qubits,TwoLocal,4,COBYLA,bitflip,0.031,-1.0900919314191353,0.9086764381253468,440,3417.96
LiH_Reduced_8_Qubits,TwoLocal,4,COBYLA,bitflip,0.029,-1.0900919314191353,0.9253422661105334,500,3736.76
LiH_Reduced_8_Qubits,TwoLocal,4,COBYLA,bitflip,0.03,-1.0900919314191353,0.9451853833231195,491,3839.27
LiH_Reduced_8_Qubits,TwoLocal,4,COBYLA,bitflip,0.033,-1.0900919314191353,0.902861691808057,455,3522.73
LiH_Reduced_8_Qubits,TwoLocal,4,COBYLA,bitflip,0.034,-1.0900919314191353,0.9710531482922711,432,3390.68
LiH_Reduced_8_Qubits,TwoLocal,4,COBYLA,bitflip,0.035,-1.0900919314191353,0.9306439635833892,442,3428.32
LiH_Reduced_8_Qubits,TwoLocal,4,COBYLA,bitflip,0.036000000000000004,-1.0900919314191353,1.0315146545206688,424,3339.98
LiH_Reduced_8_Qubits,TwoLocal,4,COBYLA,bitflip,0.038,-1.0900919314191353,1.0244994948707882,432,3285.55
LiH_Reduced_8_Qubits,TwoLocal,4,COBYLA,bitflip,0.037,-1.0900919314191353,0.9663157767183468,494,3757.46
LiH_Reduced_8_Qubits,TwoLocal,4,COBYLA,bitflip,0.039,-1.0900919314191353,1.0005866196062811,489,3721.82
LiH_Reduced_8_Qubits,TwoLocal,4,COBYLA,bitflip,0.042,-1.0900919314191353,1.0311185879901692,442,3428.94
LiH_Reduced_8_Qubits,TwoLocal,4,COBYLA,bitflip,0.041,-1.0900919314191353,1.0300140081112117,464,3659.39
LiH_Reduced_8_Qubits,TwoLocal,4,COBYLA,bitflip,0.04,-1.0900919314191353,0.9952236019742462,500,3873.79
LiH_Reduced_8_Qubits,TwoLocal,4,COBYLA,bitflip,0.043000000000000003,-1.0900919314191353,1.0107494644834125,437,3372.12
LiH_Reduced_8_Qubits,TwoLocal,4,COBYLA,bitflip,0.044,-1.0900919314191353,1.0314477482775775,500,4067.85
LiH_Reduced_8_Qubits,TwoLocal,4,COBYLA,bitflip,0.046,-1.0900919314191353,1.044192389214793,447,3338.11
LiH_Reduced_8_Qubits,TwoLocal,4,COBYLA,bitflip,0.045,-1.0900919314191353,1.066790425775742,500,3753.47
LiH_Reduced_8_Qubits,TwoLocal,4,COBYLA,bitflip,0.047,-1.0900919314191353,1.051324977195805,484,3760.09
LiH_Reduced_8_Qubits,TwoLocal,4,COBYLA,bitflip,0.049,-1.0900919314191353,1.0602436918215687,431,3385.35
LiH_Reduced_8_Qubits,TwoLocal,4,COBYLA,bitflip,0.048,-1.0900919314191353,1.0350529009105311,498,3748.51
LiH_Reduced_8_Qubits,TwoLocal,4,COBYLA,bitflip,0.05,-1.0900919314191353,1.0721120574697842,459,3626.77
LiH_Reduced_8_Qubits,TwoLocal,4,COBYLA,bitflip,0.051000000000000004,-1.0900919314191353,1.0444591925324356,486,3753.61
LiH_Reduced_8_Qubits,TwoLocal,4,COBYLA,bitflip,0.052000000000000005,-1.0900919314191353,1.0624473208894685,484,3714.02
LiH_Reduced_8_Qubits,TwoLocal,4,COBYLA,bitflip,0.053,-1.0900919314191353,1.0691070911037723,442,3500.76
LiH_Reduced_8_Qubits,TwoLocal,4,COBYLA,bitflip,0.054,-1.0900919314191353,1.0735262189441297,416,3197.36
LiH_Reduced_8_Qubits,TwoLocal,4,COBYLA,bitflip,0.056,-1.0900919314191353,1.0825460631633526,424,3205.3
LiH_Reduced_8_Qubits,TwoLocal,4,COBYLA,bitflip,0.055,-1.0900919314191353,1.0806212924133534,477,3672.24
LiH_Reduced_8_Qubits,TwoLocal,4,COBYLA,bitflip,0.057,-1.0900919314191353,1.0727528926911267,464,3495.2
LiH_Reduced_8_Qubits,TwoLocal,4,COBYLA,bitflip,0.059000000000000004,-1.0900919314191353,1.083573668496803,418,3267.8
LiH_Reduced_8_Qubits,TwoLocal,4,COBYLA,bitflip,0.061,-1.0900919314191353,1.0777825253975613,423,3307.29
LiH_Reduced_8_Qubits,TwoLocal,4,COBYLA,bitflip,0.058,-1.0900919314191353,1.0720148637627729,490,3883.41
LiH_Reduced_8_Qubits,TwoLocal,4,COBYLA,bitflip,0.06,-1.0900919314191353,1.0820396912295598,490,3662.39
LiH_Reduced_8_Qubits,TwoLocal,4,COBYLA,bitflip,0.062,-1.0900919314191353,1.0816383021096057,446,3507.58
LiH_Reduced_8_Qubits,TwoLocal,4,COBYLA,bitflip,0.063,-1.0900919314191353,1.0788186698682318,460,3572.23
LiH_Reduced_8_Qubits,TwoLocal,4,COBYLA,bitflip,0.067,-1.0900919314191353,1.0811426294047726,397,2965.94
LiH_Reduced_8_Qubits,TwoLocal,4,COBYLA,bitflip,0.064,-1.0900919314191353,1.0832737094179032,446,3504.33
LiH_Reduced_8_Qubits,TwoLocal,4,COBYLA,bitflip,0.065,-1.0900919314191353,1.0810854181803204,459,3505.08
LiH_Reduced_8_Qubits,TwoLocal,4,COBYLA,bitflip,0.066,-1.0900919314191353,1.0763026059745155,415,3139.79
LiH_Reduced_8_Qubits,TwoLocal,4,COBYLA,bitflip,0.068,-1.0900919314191353,1.08278544890527,406,3246.26
LiH_Reduced_8_Qubits,TwoLocal,4,COBYLA,bitflip,0.069,-1.0900919314191353,1.086448223335672,396,3185.12
LiH_Reduced_8_Qubits,TwoLocal,4,COBYLA,bitflip,0.07,-1.0900919314191353,1.0842109756918787,468,3451.21
LiH_Reduced_8_Qubits,TwoLocal,4,COBYLA,bitflip,0.07100000000000001,-1.0900919314191353,1.0801644745363796,466,3657.92
LiH_Reduced_8_Qubits,TwoLocal,4,COBYLA,bitflip,0.076,-1.0900919314191353,1.0864872174561195,395,3011.75
LiH_Reduced_8_Qubits,TwoLocal,4,COBYLA,bitflip,0.073,-1.0900919314191353,1.0872210446042436,438,3330.77
LiH_Reduced_8_Qubits,TwoLocal,4,COBYLA,bitflip,0.07200000000000001,-1.0900919314191353,1.0800111109079644,492,3763.76
LiH_Reduced_8_Qubits,TwoLocal,4,COBYLA,bitflip,0.075,-1.0900919314191353,1.0832536851755317,446,3544.69
LiH_Reduced_8_Qubits,TwoLocal,4,COBYLA,bitflip,0.074,-1.0900919314191353,1.0845733929039851,475,3700.71
LiH_Reduced_8_Qubits,TwoLocal,4,COBYLA,bitflip,0.077,-1.0900919314191353,1.0857841953746155,412,3286.47
LiH_Reduced_8_Qubits,TwoLocal,4,COBYLA,bitflip,0.078,-1.0900919314191353,1.0844637682301526,439,3305.33
LiH_Reduced_8_Qubits,TwoLocal,4,COBYLA,bitflip,0.079,-1.0900919314191353,1.0863837199789057,449,3429.08
LiH_Reduced_8_Qubits,TwoLocal,4,COBYLA,bitflip,0.08,-1.0900919314191353,1.0858262651296473,452,3537.32
LiH_Reduced_8_Qubits,TwoLocal,4,COBYLA,bitflip,0.083,-1.0900919314191353,1.0879798371956528,391,3008.84
LiH_Reduced_8_Qubits,TwoLocal,4,COBYLA,bitflip,0.081,-1.0900919314191353,1.087657116602268,435,3289.16
LiH_Reduced_8_Qubits,TwoLocal,4,COBYLA,bitflip,0.082,-1.0900919314191353,1.0872072120804,413,3199.45
LiH_Reduced_8_Qubits,TwoLocal,4,COBYLA,bitflip,0.088,-1.0900919314191353,1.0897044253507193,362,2697.86
LiH_Reduced_8_Qubits,TwoLocal,4,COBYLA,bitflip,0.084,-1.0900919314191353,1.0878591622133404,456,3545.5
LiH_Reduced_8_Qubits,TwoLocal,4,COBYLA,bitflip,0.08700000000000001,-1.0900919314191353,1.0829463834432373,414,3224.0
LiH_Reduced_8_Qubits,TwoLocal,4,COBYLA,bitflip,0.085,-1.0900919314191353,1.0840785699302047,472,3515.7
LiH_Reduced_8_Qubits,TwoLocal,4,COBYLA,bitflip,0.08600000000000001,-1.0900919314191353,1.0872341078196281,439,3596.12
LiH_Reduced_8_Qubits,TwoLocal,4,COBYLA,bitflip,0.089,-1.0900919314191353,1.086721595668912,414,3209.02
LiH_Reduced_8_Qubits,TwoLocal,4,COBYLA,bitflip,0.09,-1.0900919314191353,1.0871498787478573,386,3030.34
LiH_Reduced_8_Qubits,TwoLocal,4,COBYLA,bitflip,0.091,-1.0900919314191353,1.0876241683012962,456,3412.44
LiH_Reduced_8_Qubits,TwoLocal,4,COBYLA,bitflip,0.093,-1.0900919314191353,1.0881636890081017,366,2695.42
LiH_Reduced_8_Qubits,TwoLocal,4,COBYLA,bitflip,0.096,-1.0900919314191353,1.0903379565672995,364,2680.26
LiH_Reduced_8_Qubits,TwoLocal,4,COBYLA,bitflip,0.092,-1.0900919314191353,1.0875895807001768,473,3730.9
LiH_Reduced_8_Qubits,TwoLocal,4,COBYLA,bitflip,0.094,-1.0900919314191353,1.0895049126407563,399,3188.35
LiH_Reduced_8_Qubits,TwoLocal,4,COBYLA,bitflip,0.095,-1.0900919314191353,1.0857201879030973,402,3157.19
LiH_Reduced_8_Qubits,TwoLocal,4,COBYLA,bitflip,0.097,-1.0900919314191353,1.0892596714485627,424,3356.97
LiH_Reduced_8_Qubits,TwoLocal,4,SPSA,noiseless,0.0,-1.0900919314191353,-0.5484454349697541,500,1658.18
LiH_Reduced_8_Qubits,TwoLocal,4,COBYLA,bitflip,0.099,-1.0900919314191353,1.089192850198408,350,2611.65
LiH_Reduced_8_Qubits,TwoLocal,4,COBYLA,bitflip,0.1,-1.0900919314191353,1.0898413210060145,382,2869.47
LiH_Reduced_8_Qubits,TwoLocal,4,COBYLA,bitflip,0.098,-1.0900919314191353,1.0868254578762508,478,3684.87
LiH_Reduced_8_Qubits,TwoLocal,4,SPSA,depolarizing,0.001,-1.0900919314191353,-0.9551972962621049,500,4252.58
LiH_Reduced_8_Qubits,TwoLocal,4,SPSA,depolarizing,0.002,-1.0900919314191353,-0.6447752406168193,500,4310.99
LiH_Reduced_8_Qubits,TwoLocal,4,SPSA,depolarizing,0.004,-1.0900919314191353,-0.6299366466554468,500,4203.23
LiH_Reduced_8_Qubits,TwoLocal,4,SPSA,depolarizing,0.003,-1.0900919314191353,-0.6222110701021323,500,4265.0
LiH_Reduced_8_Qubits,TwoLocal,4,SPSA,depolarizing,0.005,-1.0900919314191353,-0.6249398740168042,500,4225.64
LiH_Reduced_8_Qubits,TwoLocal,4,SPSA,depolarizing,0.006,-1.0900919314191353,-0.479616323921415,500,4158.81
LiH_Reduced_8_Qubits,TwoLocal,4,SPSA,depolarizing,0.007,-1.0900919314191353,-0.3622981529549011,500,4378.02
LiH_Reduced_8_Qubits,TwoLocal,4,SPSA,depolarizing,0.008,-1.0900919314191353,-0.3212534654274514,500,4301.69
LiH_Reduced_8_Qubits,TwoLocal,4,SPSA,depolarizing,0.009000000000000001,-1.0900919314191353,-0.27536521695150307,500,4385.15
LiH_Reduced_8_Qubits,TwoLocal,4,SPSA,depolarizing,0.01,-1.0900919314191353,-0.1614295402914473,500,4294.3
LiH_Reduced_8_Qubits,TwoLocal,4,SPSA,depolarizing,0.013000000000000001,-1.0900919314191353,-0.10929321890384358,500,4069.96
LiH_Reduced_8_Qubits,TwoLocal,4,SPSA,depolarizing,0.012,-1.0900919314191353,-0.15307652707320574,500,4177.81
LiH_Reduced_8_Qubits,TwoLocal,4,SPSA,depolarizing,0.011,-1.0900919314191353,-0.2214236348336865,500,4277.35
LiH_Reduced_8_Qubits,TwoLocal,4,SPSA,depolarizing,0.014,-1.0900919314191353,-0.05312811121135563,500,4185.51
LiH_Reduced_8_Qubits,TwoLocal,4,SPSA,depolarizing,0.015,-1.0900919314191353,-0.06527397973931692,500,4243.94
LiH_Reduced_8_Qubits,TwoLocal,4,SPSA,depolarizing,0.016,-1.0900919314191353,0.08132064396043154,500,4532.91
LiH_Reduced_8_Qubits,TwoLocal,4,SPSA,depolarizing,0.017,-1.0900919314191353,0.13021393377663476,500,4366.47
LiH_Reduced_8_Qubits,TwoLocal,4,SPSA,depolarizing,0.018000000000000002,-1.0900919314191353,0.1792024811571143,500,4270.97
LiH_Reduced_8_Qubits,TwoLocal,4,SPSA,depolarizing,0.019,-1.0900919314191353,0.26602816845062244,500,4292.93
LiH_Reduced_8_Qubits,TwoLocal,4,SPSA,depolarizing,0.02,-1.0900919314191353,0.15710603867520306,500,4115.87
LiH_Reduced_8_Qubits,TwoLocal,4,SPSA,depolarizing,0.021,-1.0900919314191353,0.24179691774117845,500,4317.94
LiH_Reduced_8_Qubits,TwoLocal,4,SPSA,depolarizing,0.022,-1.0900919314191353,0.252803263032206,500,4306.3
LiH_Reduced_8_Qubits,TwoLocal,4,SPSA,depolarizing,0.023,-1.0900919314191353,0.27408264567118945,500,4278.15
LiH_Reduced_8_Qubits,TwoLocal,4,SPSA,depolarizing,0.024,-1.0900919314191353,0.36847928735475716,500,4246.66
LiH_Reduced_8_Qubits,TwoLocal,4,SPSA,depolarizing,0.025,-1.0900919314191353,0.338066684778302,500,4428.22
LiH_Reduced_8_Qubits,TwoLocal,4,SPSA,depolarizing,0.026000000000000002,-1.0900919314191353,0.4298551739527721,500,4352.23
LiH_Reduced_8_Qubits,TwoLocal,4,SPSA,depolarizing,0.027,-1.0900919314191353,0.3622762612712666,500,4278.1
LiH_Reduced_8_Qubits,TwoLocal,4,SPSA,depolarizing,0.029,-1.0900919314191353,0.44464749715715607,500,4260.37
LiH_Reduced_8_Qubits,TwoLocal,4,SPSA,depolarizing,0.028,-1.0900919314191353,0.412312772194527,500,4312.11
LiH_Reduced_8_Qubits,TwoLocal,4,SPSA,depolarizing,0.03,-1.0900919314191353,0.46598165310113143,500,4280.43
LiH_Reduced_8_Qubits,TwoLocal,4,SPSA,depolarizing,0.031,-1.0900919314191353,0.46462034363623295,500,4242.37
LiH_Reduced_8_Qubits,TwoLocal,4,SPSA,depolarizing,0.032,-1.0900919314191353,0.6193434980604109,500,4551.8
LiH_Reduced_8_Qubits,TwoLocal,4,SPSA,depolarizing,0.033,-1.0900919314191353,0.5519367776641796,500,4182.45
LiH_Reduced_8_Qubits,TwoLocal,4,SPSA,depolarizing,0.034,-1.0900919314191353,0.5548372155751816,500,4293.29
LiH_Reduced_8_Qubits,TwoLocal,4,SPSA,depolarizing,0.036000000000000004,-1.0900919314191353,0.609209094851068,500,4188.73
LiH_Reduced_8_Qubits,TwoLocal,4,SPSA,depolarizing,0.035,-1.0900919314191353,0.6224742645964971,500,4558.08
LiH_Reduced_8_Qubits,TwoLocal,4,SPSA,depolarizing,0.037,-1.0900919314191353,0.6127286068005159,500,4374.23
LiH_Reduced_8_Qubits,TwoLocal,4,SPSA,depolarizing,0.038,-1.0900919314191353,0.7045662027269588,500,4408.27
LiH_Reduced_8_Qubits,TwoLocal,4,SPSA,depolarizing,0.039,-1.0900919314191353,0.6567856851045764,500,4210.42
LiH_Reduced_8_Qubits,TwoLocal,4,SPSA,depolarizing,0.04,-1.0900919314191353,0.6764096695318489,500,4325.85
LiH_Reduced_8_Qubits,TwoLocal,4,SPSA,depolarizing,0.042,-1.0900919314191353,0.6999424924511547,500,4176.07
LiH_Reduced_8_Qubits,TwoLocal,4,SPSA,depolarizing,0.041,-1.0900919314191353,0.7474616922625879,500,4360.2
LiH_Reduced_8_Qubits,TwoLocal,4,SPSA,depolarizing,0.043000000000000003,-1.0900919314191353,0.7322387033589132,500,4168.01
LiH_Reduced_8_Qubits,TwoLocal,4,SPSA,depolarizing,0.044,-1.0900919314191353,0.7175723473630151,500,4269.05
LiH_Reduced_8_Qubits,TwoLocal,4,SPSA,depolarizing,0.045,-1.0900919314191353,0.7443718015176244,500,4557.85
LiH_Reduced_8_Qubits,TwoLocal,4,SPSA,depolarizing,0.046,-1.0900919314191353,0.7467402062039942,500,4214.06
LiH_Reduced_8_Qubits,TwoLocal,4,SPSA,depolarizing,0.047,-1.0900919314191353,0.8141609269195004,500,4359.19
LiH_Reduced_8_Qubits,TwoLocal,4,SPSA,depolarizing,0.048,-1.0900919314191353,0.9649386757783517,500,4364.18
LiH_Reduced_8_Qubits,TwoLocal,4,SPSA,depolarizing,0.049,-1.0900919314191353,0.8342028069461653,500,4414.7
LiH_Reduced_8_Qubits,TwoLocal,4,SPSA,depolarizing,0.05,-1.0900919314191353,0.9458620313626683,500,4180.58
LiH_Reduced_8_Qubits,TwoLocal,4,SPSA,depolarizing,0.051000000000000004,-1.0900919314191353,0.8224281824996728,500,4268.64
LiH_Reduced_8_Qubits,TwoLocal,4,SPSA,depolarizing,0.052000000000000005,-1.0900919314191353,0.8574125138959218,500,4335.91
LiH_Reduced_8_Qubits,TwoLocal,4,SPSA,depolarizing,0.053,-1.0900919314191353,0.9682450837589064,500,4376.79
LiH_Reduced_8_Qubits,TwoLocal,4,SPSA,depolarizing,0.054,-1.0900919314191353,0.9417983859103414,500,4438.8
LiH_Reduced_8_Qubits,TwoLocal,4,SPSA,depolarizing,0.055,-1.0900919314191353,0.8762580037144816,500,4106.18
LiH_Reduced_8_Qubits,TwoLocal,4,SPSA,depolarizing,0.056,-1.0900919314191353,0.8970894705361494,500,4208.61
LiH_Reduced_8_Qubits,TwoLocal,4,SPSA,depolarizing,0.057,-1.0900919314191353,0.9106067706669866,500,4610.69
LiH_Reduced_8_Qubits,TwoLocal,4,SPSA,depolarizing,0.058,-1.0900919314191353,0.8804441547776196,500,4452.67
LiH_Reduced_8_Qubits,TwoLocal,4,SPSA,depolarizing,0.059000000000000004,-1.0900919314191353,0.9071546697940781,500,4184.3
LiH_Reduced_8_Qubits,TwoLocal,4,SPSA,depolarizing,0.06,-1.0900919314191353,1.0278031652893032,500,4224.19
LiH_Reduced_8_Qubits,TwoLocal,4,SPSA,depolarizing,0.061,-1.0900919314191353,0.9408504870920041,500,4563.02
LiH_Reduced_8_Qubits,TwoLocal,4,SPSA,depolarizing,0.062,-1.0900919314191353,0.9392259482005492,500,4210.23
LiH_Reduced_8_Qubits,TwoLocal,4,SPSA,depolarizing,0.063,-1.0900919314191353,0.9172067183316261,500,4279.67
LiH_Reduced_8_Qubits,TwoLocal,4,SPSA,depolarizing,0.064,-1.0900919314191353,1.015681842619438,500,4202.8
LiH_Reduced_8_Qubits,TwoLocal,4,SPSA,depolarizing,0.065,-1.0900919314191353,1.0066031368865724,500,4223.78
LiH_Reduced_8_Qubits,TwoLocal,4,SPSA,depolarizing,0.068,-1.0900919314191353,0.9556421335300009,500,4101.8
LiH_Reduced_8_Qubits,TwoLocal,4,SPSA,depolarizing,0.067,-1.0900919314191353,1.0174849668619905,500,4428.4
LiH_Reduced_8_Qubits,TwoLocal,4,SPSA,depolarizing,0.069,-1.0900919314191353,0.9870347879578734,500,4251.67
LiH_Reduced_8_Qubits,TwoLocal,4,SPSA,depolarizing,0.066,-1.0900919314191353,0.960869047932958,500,4758.48
LiH_Reduced_8_Qubits,TwoLocal,4,SPSA,depolarizing,0.07,-1.0900919314191353,0.9783297946583408,500,4236.41
LiH_Reduced_8_Qubits,TwoLocal,4,SPSA,depolarizing,0.07100000000000001,-1.0900919314191353,1.019643853838788,500,4513.04
LiH_Reduced_8_Qubits,TwoLocal,4,SPSA,depolarizing,0.07200000000000001,-1.0900919314191353,1.017940140948258,500,4321.14
LiH_Reduced_8_Qubits,TwoLocal,4,SPSA,depolarizing,0.073,-1.0900919314191353,1.0549696379625957,500,4152.39
LiH_Reduced_8_Qubits,TwoLocal,4,SPSA,depolarizing,0.074,-1.0900919314191353,1.0520099359564246,500,4258.56
LiH_Reduced_8_Qubits,TwoLocal,4,SPSA,depolarizing,0.075,-1.0900919314191353,1.0580902477757825,500,4292.41
LiH_Reduced_8_Qubits,TwoLocal,4,SPSA,depolarizing,0.076,-1.0900919314191353,1.112160720052027,500,4348.73
LiH_Reduced_8_Qubits,TwoLocal,4,SPSA,depolarizing,0.077,-1.0900919314191353,1.1022463798341924,500,4154.57
LiH_Reduced_8_Qubits,TwoLocal,4,SPSA,depolarizing,0.078,-1.0900919314191353,1.0624671574534308,500,4853.72
LiH_Reduced_8_Qubits,TwoLocal,4,SPSA,depolarizing,0.079,-1.0900919314191353,1.0401250815997976,500,4231.49
LiH_Reduced_8_Qubits,TwoLocal,4,SPSA,depolarizing,0.08,-1.0900919314191353,1.0630046056462976,500,4298.99
LiH_Reduced_8_Qubits,TwoLocal,4,SPSA,depolarizing,0.081,-1.0900919314191353,1.042425360914308,500,4394.55
LiH_Reduced_8_Qubits,TwoLocal,4,SPSA,depolarizing,0.082,-1.0900919314191353,1.0703483272324712,500,4167.46
LiH_Reduced_8_Qubits,TwoLocal,4,SPSA,depolarizing,0.083,-1.0900919314191353,1.0764748130331125,500,4276.66
LiH_Reduced_8_Qubits,TwoLocal,4,SPSA,depolarizing,0.084,-1.0900919314191353,1.0859104389062544,500,4351.12
LiH_Reduced_8_Qubits,TwoLocal,4,SPSA,depolarizing,0.08600000000000001,-1.0900919314191353,1.087939631967326,500,4255.03
LiH_Reduced_8_Qubits,TwoLocal,4,SPSA,depolarizing,0.085,-1.0900919314191353,1.0731859561712482,500,4331.35
LiH_Reduced_8_Qubits,TwoLocal,4,SPSA,depolarizing,0.08700000000000001,-1.0900919314191353,1.0584128708801575,500,4755.98
LiH_Reduced_8_Qubits,TwoLocal,4,SPSA,depolarizing,0.088,-1.0900919314191353,1.0547235559836823,500,4230.78
LiH_Reduced_8_Qubits,TwoLocal,4,SPSA,depolarizing,0.089,-1.0900919314191353,1.0888096415414992,500,4260.39
LiH_Reduced_8_Qubits,TwoLocal,4,SPSA,depolarizing,0.091,-1.0900919314191353,1.0966215059901432,500,4203.73
LiH_Reduced_8_Qubits,TwoLocal,4,SPSA,depolarizing,0.09,-1.0900919314191353,1.0860345512843066,500,4583.28
LiH_Reduced_8_Qubits,TwoLocal,4,SPSA,depolarizing,0.092,-1.0900919314191353,1.0909998310356828,500,4226.62
LiH_Reduced_8_Qubits,TwoLocal,4,SPSA,depolarizing,0.093,-1.0900919314191353,1.087389369767045,500,4198.31
LiH_Reduced_8_Qubits,TwoLocal,4,SPSA,depolarizing,0.094,-1.0900919314191353,1.088322174946098,500,4273.72
LiH_Reduced_8_Qubits,TwoLocal,4,SPSA,depolarizing,0.095,-1.0900919314191353,1.0938941529798214,500,4332.14
LiH_Reduced_8_Qubits,TwoLocal,4,SPSA,depolarizing,0.097,-1.0900919314191353,1.0818050918411024,500,4147.26
LiH_Reduced_8_Qubits,TwoLocal,4,SPSA,depolarizing,0.096,-1.0900919314191353,1.0874572894589858,500,5016.36
LiH_Reduced_8_Qubits,TwoLocal,4,SPSA,depolarizing,0.098,-1.0900919314191353,1.0804257242709707,500,4215.94
LiH_Reduced_8_Qubits,TwoLocal,4,SPSA,depolarizing,0.099,-1.0900919314191353,1.0868196792082452,500,4118.19
LiH_Reduced_8_Qubits,TwoLocal,4,SPSA,depolarizing,0.1,-1.0900919314191353,1.0833829632938115,500,4305.21
LiH_Reduced_8_Qubits,TwoLocal,4,SPSA,bitflip,0.001,-1.0900919314191353,-0.7781166067132764,500,4148.94
LiH_Reduced_8_Qubits,TwoLocal,4,SPSA,bitflip,0.003,-1.0900919314191353,-0.4040857474476304,500,4132.65
LiH_Reduced_8_Qubits,TwoLocal,4,SPSA,bitflip,0.002,-1.0900919314191353,-0.5101754500906981,500,4550.85
LiH_Reduced_8_Qubits,TwoLocal,4,SPSA,bitflip,0.004,-1.0900919314191353,-0.00625732534099957,500,4576.67
LiH_Reduced_8_Qubits,TwoLocal,4,SPSA,bitflip,0.005,-1.0900919314191353,-0.1402131150708789,500,4134.73
LiH_Reduced_8_Qubits,TwoLocal,4,SPSA,bitflip,0.007,-1.0900919314191353,-0.03740074016838901,500,4515.52
LiH_Reduced_8_Qubits,TwoLocal,4,SPSA,bitflip,0.006,-1.0900919314191353,-0.21607798171282053,500,4808.03
LiH_Reduced_8_Qubits,TwoLocal,4,SPSA,bitflip,0.008,-1.0900919314191353,0.16280704595447146,500,4460.27
LiH_Reduced_8_Qubits,TwoLocal,4,SPSA,bitflip,0.01,-1.0900919314191353,0.19234715182335993,500,4432.64
LiH_Reduced_8_Qubits,TwoLocal,4,SPSA,bitflip,0.009000000000000001,-1.0900919314191353,0.1597792801062659,500,4542.45
LiH_Reduced_8_Qubits,TwoLocal,4,SPSA,bitflip,0.011,-1.0900919314191353,0.24329194463752585,500,4401.96
LiH_Reduced_8_Qubits,TwoLocal,4,SPSA,bitflip,0.012,-1.0900919314191353,0.2924144548148678,500,4588.22
LiH_Reduced_8_Qubits,TwoLocal,4,SPSA,bitflip,0.013000000000000001,-1.0900919314191353,0.5062179480347321,500,4635.02
LiH_Reduced_8_Qubits,TwoLocal,4,SPSA,bitflip,0.014,-1.0900919314191353,0.6273767019701576,500,4477.67
LiH_Reduced_8_Qubits,TwoLocal,4,SPSA,bitflip,0.015,-1.0900919314191353,0.4708846799199361,500,4502.47
LiH_Reduced_8_Qubits,TwoLocal,4,SPSA,bitflip,0.016,-1.0900919314191353,0.5836899704923572,500,4525.48
LiH_Reduced_8_Qubits,TwoLocal,4,SPSA,bitflip,0.017,-1.0900919314191353,0.5589535477345947,500,4749.55
LiH_Reduced_8_Qubits,TwoLocal,4,SPSA,bitflip,0.018000000000000002,-1.0900919314191353,0.5984710238470008,500,4480.63
LiH_Reduced_8_Qubits,TwoLocal,4,SPSA,bitflip,0.019,-1.0900919314191353,0.8307006487602703,500,4653.4
LiH_Reduced_8_Qubits,TwoLocal,4,SPSA,bitflip,0.02,-1.0900919314191353,0.652479107607058,500,4445.57
LiH_Reduced_8_Qubits,TwoLocal,4,SPSA,bitflip,0.021,-1.0900919314191353,0.7288160901550307,500,4552.16
LiH_Reduced_8_Qubits,TwoLocal,4,SPSA,bitflip,0.022,-1.0900919314191353,0.7337110004385572,500,4500.06
LiH_Reduced_8_Qubits,TwoLocal,4,SPSA,bitflip,0.023,-1.0900919314191353,0.7510590379853413,500,4470.45
LiH_Reduced_8_Qubits,TwoLocal,4,SPSA,bitflip,0.025,-1.0900919314191353,0.8081223756175611,500,4574.43
LiH_Reduced_8_Qubits,TwoLocal,4,SPSA,bitflip,0.024,-1.0900919314191353,0.9130904536845399,500,4797.35
LiH_Reduced_8_Qubits,TwoLocal,4,SPSA,bitflip,0.026000000000000002,-1.0900919314191353,0.8906675911503441,500,4658.43
LiH_Reduced_8_Qubits,TwoLocal,4,SPSA,bitflip,0.027,-1.0900919314191353,0.862268243818936,500,4667.56
LiH_Reduced_8_Qubits,TwoLocal,4,SPSA,bitflip,0.028,-1.0900919314191353,0.86780074425563,500,4567.79
LiH_Reduced_8_Qubits,TwoLocal,4,SPSA,bitflip,0.029,-1.0900919314191353,0.8956287174171683,500,4508.89
LiH_Reduced_8_Qubits,TwoLocal,4,SPSA,bitflip,0.03,-1.0900919314191353,0.9209436672069563,500,4642.78
LiH_Reduced_8_Qubits,TwoLocal,4,SPSA,bitflip,0.031,-1.0900919314191353,0.9630379714570253,500,4530.26
LiH_Reduced_8_Qubits,TwoLocal,4,SPSA,bitflip,0.032,-1.0900919314191353,0.9511898520775768,500,4579.58
LiH_Reduced_8_Qubits,TwoLocal,4,SPSA,bitflip,0.033,-1.0900919314191353,0.9462212492967725,500,4575.89
LiH_Reduced_8_Qubits,TwoLocal,4,SPSA,bitflip,0.034,-1.0900919314191353,0.9910983187803114,500,4830.15
LiH_Reduced_8_Qubits,TwoLocal,4,SPSA,bitflip,0.035,-1.0900919314191353,1.077856649703223,500,4521.53
LiH_Reduced_8_Qubits,TwoLocal,4,SPSA,bitflip,0.036000000000000004,-1.0900919314191353,0.9950438112605482,500,4607.34
LiH_Reduced_8_Qubits,TwoLocal,4,SPSA,bitflip,0.037,-1.0900919314191353,1.0428535935268948,500,4539.38
LiH_Reduced_8_Qubits,TwoLocal,4,SPSA,bitflip,0.038,-1.0900919314191353,1.056897284635909,500,4529.16
LiH_Reduced_8_Qubits,TwoLocal,4,SPSA,bitflip,0.039,-1.0900919314191353,1.0883597905095275,500,4633.42
LiH_Reduced_8_Qubits,TwoLocal,4,SPSA,bitflip,0.04,-1.0900919314191353,1.0477867149496134,500,4524.97
LiH_Reduced_8_Qubits,TwoLocal,4,SPSA,bitflip,0.041,-1.0900919314191353,1.0933534127512248,500,4530.3
LiH_Reduced_8_Qubits,TwoLocal,4,SPSA,bitflip,0.042,-1.0900919314191353,1.0959430843050226,500,4415.16
LiH_Reduced_8_Qubits,TwoLocal,4,SPSA,bitflip,0.044,-1.0900919314191353,1.0938346162657773,500,4465.02
LiH_Reduced_8_Qubits,TwoLocal,4,SPSA,bitflip,0.043000000000000003,-1.0900919314191353,1.0821293360261406,500,4790.95
LiH_Reduced_8_Qubits,TwoLocal,4,SPSA,bitflip,0.046,-1.0900919314191353,1.093343583204505,500,4385.82
LiH_Reduced_8_Qubits,TwoLocal,4,SPSA,bitflip,0.045,-1.0900919314191353,1.09367312124427,500,4666.76
LiH_Reduced_8_Qubits,TwoLocal,4,SPSA,bitflip,0.047,-1.0900919314191353,1.0851850634263107,500,4644.01
LiH_Reduced_8_Qubits,TwoLocal,4,SPSA,bitflip,0.049,-1.0900919314191353,1.0881191465445041,500,4473.89
LiH_Reduced_8_Qubits,TwoLocal,4,SPSA,bitflip,0.048,-1.0900919314191353,1.0891722120355558,500,4743.9
LiH_Reduced_8_Qubits,TwoLocal,4,SPSA,bitflip,0.05,-1.0900919314191353,1.0724707980162702,500,4908.69
LiH_Reduced_8_Qubits,TwoLocal,4,SPSA,bitflip,0.051000000000000004,-1.0900919314191353,1.084427816795175,500,4447.41
LiH_Reduced_8_Qubits,TwoLocal,4,SPSA,bitflip,0.052000000000000005,-1.0900919314191353,1.0918739879474408,500,4491.76
LiH_Reduced_8_Qubits,TwoLocal,4,SPSA,bitflip,0.054,-1.0900919314191353,1.0924209905647946,500,4325.14
LiH_Reduced_8_Qubits,TwoLocal,4,SPSA,bitflip,0.053,-1.0900919314191353,1.0870805975711713,500,4704.0
LiH_Reduced_8_Qubits,TwoLocal,4,SPSA,bitflip,0.055,-1.0900919314191353,1.0918745951451587,500,4613.42
LiH_Reduced_8_Qubits,TwoLocal,4,SPSA,bitflip,0.056,-1.0900919314191353,1.093086362531061,500,4715.83
LiH_Reduced_8_Qubits,TwoLocal,4,SPSA,bitflip,0.057,-1.0900919314191353,1.09369649053237,500,4513.17
LiH_Reduced_8_Qubits,TwoLocal,4,SPSA,bitflip,0.058,-1.0900919314191353,1.091076509614833,500,4593.57
LiH_Reduced_8_Qubits,TwoLocal,4,SPSA,bitflip,0.059000000000000004,-1.0900919314191353,1.0914163111150033,500,4825.6
LiH_Reduced_8_Qubits,TwoLocal,4,SPSA,bitflip,0.06,-1.0900919314191353,1.0929931685918286,500,4563.05
LiH_Reduced_8_Qubits,TwoLocal,4,SPSA,bitflip,0.061,-1.0900919314191353,1.088947117623812,500,4598.15
LiH_Reduced_8_Qubits,TwoLocal,4,SPSA,bitflip,0.062,-1.0900919314191353,1.0886225790169008,500,4637.6
LiH_Reduced_8_Qubits,TwoLocal,4,SPSA,bitflip,0.063,-1.0900919314191353,1.0895923080710608,500,4581.38
LiH_Reduced_8_Qubits,TwoLocal,4,SPSA,bitflip,0.064,-1.0900919314191353,1.0941791047757328,500,4458.19
LiH_Reduced_8_Qubits,TwoLocal,4,SPSA,bitflip,0.065,-1.0900919314191353,1.0912750759627239,500,4786.76
LiH_Reduced_8_Qubits,TwoLocal,4,SPSA,bitflip,0.066,-1.0900919314191353,1.0897352014809212,500,4534.3
LiH_Reduced_8_Qubits,TwoLocal,4,SPSA,bitflip,0.067,-1.0900919314191353,1.0862656585045796,500,4496.46
LiH_Reduced_8_Qubits,TwoLocal,4,SPSA,bitflip,0.068,-1.0900919314191353,1.0924403202795288,500,4465.69
LiH_Reduced_8_Qubits,TwoLocal,4,SPSA,bitflip,0.069,-1.0900919314191353,1.0903961328429868,500,4651.72
LiH_Reduced_8_Qubits,TwoLocal,4,SPSA,bitflip,0.07,-1.0900919314191353,1.0928364716115562,500,4728.65
LiH_Reduced_8_Qubits,TwoLocal,4,SPSA,bitflip,0.07100000000000001,-1.0900919314191353,1.0898914124179369,500,4665.64
LiH_Reduced_8_Qubits,TwoLocal,4,SPSA,bitflip,0.073,-1.0900919314191353,1.0918401080421603,500,4436.28
LiH_Reduced_8_Qubits,TwoLocal,4,SPSA,bitflip,0.07200000000000001,-1.0900919314191353,1.0913095149372776,500,4753.91
LiH_Reduced_8_Qubits,TwoLocal,4,SPSA,bitflip,0.074,-1.0900919314191353,1.0924291921273626,500,4775.65
LiH_Reduced_8_Qubits,TwoLocal,4,SPSA,bitflip,0.076,-1.0900919314191353,1.0901091441661317,500,4295.47
LiH_Reduced_8_Qubits,TwoLocal,4,SPSA,bitflip,0.075,-1.0900919314191353,1.0897523481871214,500,4787.02
LiH_Reduced_8_Qubits,TwoLocal,4,SPSA,bitflip,0.077,-1.0900919314191353,1.0902285278836674,500,4647.76
LiH_Reduced_8_Qubits,TwoLocal,4,SPSA,bitflip,0.078,-1.0900919314191353,1.0896468730963773,500,4672.57
LiH_Reduced_8_Qubits,TwoLocal,4,SPSA,bitflip,0.079,-1.0900919314191353,1.0916038905847627,500,4654.58
LiH_Reduced_8_Qubits,TwoLocal,4,SPSA,bitflip,0.08,-1.0900919314191353,1.0895127020843447,500,4527.98
LiH_Reduced_8_Qubits,TwoLocal,4,SPSA,bitflip,0.081,-1.0900919314191353,1.090787869377114,500,4422.31
LiH_Reduced_8_Qubits,TwoLocal,4,SPSA,bitflip,0.082,-1.0900919314191353,1.0945984086155591,500,4649.55
LiH_Reduced_8_Qubits,TwoLocal,4,SPSA,bitflip,0.084,-1.0900919314191353,1.0904477324562412,500,4538.96
LiH_Reduced_8_Qubits,TwoLocal,4,SPSA,bitflip,0.083,-1.0900919314191353,1.0905339935849792,500,4592.78
LiH_Reduced_8_Qubits,TwoLocal,4,SPSA,bitflip,0.085,-1.0900919314191353,1.0904649957623458,500,4800.14
LiH_Reduced_8_Qubits,TwoLocal,4,SPSA,bitflip,0.08600000000000001,-1.0900919314191353,1.0932623411685638,500,4812.58
LiH_Reduced_8_Qubits,TwoLocal,4,SPSA,bitflip,0.08700000000000001,-1.0900919314191353,1.09192451437063,500,4506.25
LiH_Reduced_8_Qubits,TwoLocal,4,SPSA,bitflip,0.089,-1.0900919314191353,1.0908601845402024,500,4492.92
LiH_Reduced_8_Qubits,TwoLocal,4,SPSA,bitflip,0.09,-1.0900919314191353,1.0904980126283963,500,4534.64
LiH_Reduced_8_Qubits,TwoLocal,4,SPSA,bitflip,0.088,-1.0900919314191353,1.092480387476352,500,4675.82
LiH_Reduced_8_Qubits,TwoLocal,4,SPSA,bitflip,0.091,-1.0900919314191353,1.090934843394851,500,4511.53
LiH_Reduced_8_Qubits,TwoLocal,4,SPSA,bitflip,0.093,-1.0900919314191353,1.0896564892516878,500,4547.46
LiH_Reduced_8_Qubits,TwoLocal,4,SPSA,bitflip,0.092,-1.0900919314191353,1.086984582372233,500,4739.1
LiH_Reduced_8_Qubits,TwoLocal,4,SPSA,bitflip,0.094,-1.0900919314191353,1.0912959729494103,500,4863.01
LiH_Reduced_8_Qubits,EfficientSU2,4,COBYLA,noiseless,0.0,-1.0900919314191353,-0.7138280499466088,500,1891.75
LiH_Reduced_8_Qubits,TwoLocal,4,SPSA,bitflip,0.095,-1.0900919314191353,1.0917694987648283,500,4610.39
LiH_Reduced_8_Qubits,EfficientSU2,4,COBYLA,depolarizing,0.001,-1.0900919314191353,-0.519290409925974,500,1890.84
LiH_Reduced_8_Qubits,TwoLocal,4,SPSA,bitflip,0.096,-1.0900919314191353,1.0907460875168318,500,4769.66
LiH_Reduced_8_Qubits,TwoLocal,4,SPSA,bitflip,0.097,-1.0900919314191353,1.0902926157414021,500,4236.21
LiH_Reduced_8_Qubits,EfficientSU2,4,COBYLA,depolarizing,0.002,-1.0900919314191353,-0.25609374868030205,500,1973.71
LiH_Reduced_8_Qubits,TwoLocal,4,SPSA,bitflip,0.098,-1.0900919314191353,1.091633853997878,500,4385.68
LiH_Reduced_8_Qubits,TwoLocal,4,SPSA,bitflip,0.099,-1.0900919314191353,1.0905093453116772,500,4387.09
LiH_Reduced_8_Qubits,TwoLocal,4,SPSA,bitflip,0.1,-1.0900919314191353,1.090448304603916,500,4493.39
LiH_Reduced_8_Qubits,EfficientSU2,4,COBYLA,depolarizing,0.005,-1.0900919314191353,-0.3335396953589327,500,1663.95
LiH_Reduced_8_Qubits,EfficientSU2,4,COBYLA,depolarizing,0.004,-1.0900919314191353,-0.34733788560373774,500,2052.63
LiH_Reduced_8_Qubits,EfficientSU2,4,COBYLA,depolarizing,0.003,-1.0900919314191353,-0.5415361469145548,500,2207.23
LiH_Reduced_8_Qubits,EfficientSU2,4,COBYLA,depolarizing,0.007,-1.0900919314191353,-0.2489495055451192,500,1864.56
LiH_Reduced_8_Qubits,EfficientSU2,4,COBYLA,depolarizing,0.009000000000000001,-1.0900919314191353,-0.17644054131198167,500,1671.73
LiH_Reduced_8_Qubits,EfficientSU2,4,COBYLA,depolarizing,0.008,-1.0900919314191353,-0.2794173897321654,500,1894.1
LiH_Reduced_8_Qubits,EfficientSU2,4,COBYLA,depolarizing,0.006,-1.0900919314191353,-0.26635194617235664,500,2449.45
LiH_Reduced_8_Qubits,EfficientSU2,4,COBYLA,depolarizing,0.011,-1.0900919314191353,-0.19708307538474867,500,1856.75
LiH_Reduced_8_Qubits,EfficientSU2,4,COBYLA,depolarizing,0.01,-1.0900919314191353,0.19793427716500067,500,2377.3
LiH_Reduced_8_Qubits,EfficientSU2,4,COBYLA,depolarizing,0.012,-1.0900919314191353,-0.17129920053818498,500,1641.59
LiH_Reduced_8_Qubits,EfficientSU2,4,COBYLA,depolarizing,0.013000000000000001,-1.0900919314191353,-0.24211505603775524,500,1977.79
LiH_Reduced_8_Qubits,EfficientSU2,4,COBYLA,depolarizing,0.016,-1.0900919314191353,-0.23103940425164837,500,1684.53
LiH_Reduced_8_Qubits,EfficientSU2,4,COBYLA,depolarizing,0.014,-1.0900919314191353,-0.2742442696960748,500,2152.7
LiH_Reduced_8_Qubits,EfficientSU2,4,COBYLA,depolarizing,0.015,-1.0900919314191353,-0.08597155915267912,500,1766.85
LiH_Reduced_8_Qubits,EfficientSU2,4,COBYLA,depolarizing,0.017,-1.0900919314191353,0.0849510871603924,500,1881.54
LiH_Reduced_8_Qubits,EfficientSU2,4,COBYLA,depolarizing,0.019,-1.0900919314191353,-0.07656251174728307,500,1858.03
LiH_Reduced_8_Qubits,EfficientSU2,4,COBYLA,depolarizing,0.021,-1.0900919314191353,0.03275802289284502,500,1640.86
LiH_Reduced_8_Qubits,EfficientSU2,4,COBYLA,depolarizing,0.018000000000000002,-1.0900919314191353,-0.18199147500832824,500,2454.48
LiH_Reduced_8_Qubits,EfficientSU2,4,COBYLA,depolarizing,0.02,-1.0900919314191353,-0.040555830076529686,500,2345.37
LiH_Reduced_8_Qubits,EfficientSU2,4,COBYLA,depolarizing,0.023,-1.0900919314191353,0.40194830148059646,500,1708.82
LiH_Reduced_8_Qubits,EfficientSU2,4,COBYLA,depolarizing,0.022,-1.0900919314191353,-0.006085462487006199,500,1964.91
LiH_Reduced_8_Qubits,EfficientSU2,4,COBYLA,depolarizing,0.025,-1.0900919314191353,0.31556004408344723,500,1763.3
LiH_Reduced_8_Qubits,EfficientSU2,4,COBYLA,depolarizing,0.026000000000000002,-1.0900919314191353,0.12336210997723701,500,1869.87
LiH_Reduced_8_Qubits,EfficientSU2,4,COBYLA,depolarizing,0.024,-1.0900919314191353,0.06041257401851258,500,2189.33
LiH_Reduced_8_Qubits,EfficientSU2,4,COBYLA,depolarizing,0.028,-1.0900919314191353,0.1579285602175749,500,1625.18
LiH_Reduced_8_Qubits,EfficientSU2,4,COBYLA,depolarizing,0.027,-1.0900919314191353,0.385185597381894,500,1886.54
LiH_Reduced_8_Qubits,EfficientSU2,4,COBYLA,depolarizing,0.031,-1.0900919314191353,0.27076549655273807,500,1691.71
LiH_Reduced_8_Qubits,EfficientSU2,4,COBYLA,depolarizing,0.029,-1.0900919314191353,0.23921996009047974,500,2438.15
LiH_Reduced_8_Qubits,EfficientSU2,4,COBYLA,depolarizing,0.033,-1.0900919314191353,0.35238207017255024,500,1747.25
LiH_Reduced_8_Qubits,EfficientSU2,4,COBYLA,depolarizing,0.032,-1.0900919314191353,0.31224905031067446,500,1950.83
LiH_Reduced_8_Qubits,EfficientSU2,4,COBYLA,depolarizing,0.03,-1.0900919314191353,0.45754456776951713,500,2352.95
LiH_Reduced_8_Qubits,EfficientSU2,4,COBYLA,depolarizing,0.034,-1.0900919314191353,0.18114846516675087,500,1856.32
LiH_Reduced_8_Qubits,EfficientSU2,4,COBYLA,depolarizing,0.036000000000000004,-1.0900919314191353,0.39270757038807835,500,1617.19
LiH_Reduced_8_Qubits,EfficientSU2,4,COBYLA,depolarizing,0.035,-1.0900919314191353,0.17449805309383398,500,2200.75
LiH_Reduced_8_Qubits,EfficientSU2,4,COBYLA,depolarizing,0.037,-1.0900919314191353,0.38862088863441063,500,1882.42
LiH_Reduced_8_Qubits,EfficientSU2,4,COBYLA,depolarizing,0.038,-1.0900919314191353,0.44509672360923247,500,1711.54
LiH_Reduced_8_Qubits,EfficientSU2,4,COBYLA,depolarizing,0.04,-1.0900919314191353,0.35410849871193084,500,1779.98
LiH_Reduced_8_Qubits,EfficientSU2,4,COBYLA,depolarizing,0.041,-1.0900919314191353,0.4419253710322365,500,1982.24
LiH_Reduced_8_Qubits,EfficientSU2,4,COBYLA,depolarizing,0.044,-1.0900919314191353,0.3609146790737059,500,1652.21
LiH_Reduced_8_Qubits,EfficientSU2,4,COBYLA,depolarizing,0.043000000000000003,-1.0900919314191353,0.39160044287889917,500,1880.25
LiH_Reduced_8_Qubits,EfficientSU2,4,COBYLA,depolarizing,0.039,-1.0900919314191353,0.39329856550255615,500,2361.7
LiH_Reduced_8_Qubits,EfficientSU2,4,COBYLA,depolarizing,0.042,-1.0900919314191353,0.6160905844416122,500,2306.97
LiH_Reduced_8_Qubits,EfficientSU2,4,COBYLA,depolarizing,0.046,-1.0900919314191353,0.5764516080690103,500,1853.0
LiH_Reduced_8_Qubits,EfficientSU2,4,COBYLA,depolarizing,0.045,-1.0900919314191353,0.5283284927230528,500,2157.36
LiH_Reduced_8_Qubits,EfficientSU2,4,COBYLA,depolarizing,0.047,-1.0900919314191353,0.4691504247156049,500,1736.73
LiH_Reduced_8_Qubits,EfficientSU2,4,COBYLA,depolarizing,0.048,-1.0900919314191353,0.5236702682416793,500,1743.41
LiH_Reduced_8_Qubits,EfficientSU2,4,COBYLA,depolarizing,0.05,-1.0900919314191353,0.5440162089567265,500,1623.88
LiH_Reduced_8_Qubits,EfficientSU2,4,COBYLA,depolarizing,0.049,-1.0900919314191353,0.6147435478184686,500,1939.53
LiH_Reduced_8_Qubits,EfficientSU2,4,COBYLA,depolarizing,0.051000000000000004,-1.0900919314191353,0.5128289005558893,500,1841.31
LiH_Reduced_8_Qubits,EfficientSU2,4,COBYLA,depolarizing,0.054,-1.0900919314191353,0.6138375102773892,500,1880.04
LiH_Reduced_8_Qubits,EfficientSU2,4,COBYLA,depolarizing,0.052000000000000005,-1.0900919314191353,0.6369239209948916,500,2349.62
LiH_Reduced_8_Qubits,EfficientSU2,4,COBYLA,depolarizing,0.053,-1.0900919314191353,0.5471821219971073,500,2356.4
LiH_Reduced_8_Qubits,EfficientSU2,4,COBYLA,depolarizing,0.056,-1.0900919314191353,0.6980727630835213,500,1711.38
LiH_Reduced_8_Qubits,EfficientSU2,4,COBYLA,depolarizing,0.055,-1.0900919314191353,0.646719566589891,500,2197.66
LiH_Reduced_8_Qubits,EfficientSU2,4,COBYLA,depolarizing,0.057,-1.0900919314191353,0.7540330759701117,500,1762.56
LiH_Reduced_8_Qubits,EfficientSU2,4,COBYLA,depolarizing,0.058,-1.0900919314191353,0.663043791872676,500,1620.07
LiH_Reduced_8_Qubits,EfficientSU2,4,COBYLA,depolarizing,0.06,-1.0900919314191353,0.775067942014285,500,1850.84
LiH_Reduced_8_Qubits,EfficientSU2,4,COBYLA,depolarizing,0.059000000000000004,-1.0900919314191353,0.6191914694924088,500,1965.49
LiH_Reduced_8_Qubits,EfficientSU2,4,COBYLA,depolarizing,0.061,-1.0900919314191353,0.8128127816367805,500,1890.21
LiH_Reduced_8_Qubits,EfficientSU2,4,COBYLA,depolarizing,0.064,-1.0900919314191353,0.603703924219031,500,1697.01
LiH_Reduced_8_Qubits,EfficientSU2,4,COBYLA,depolarizing,0.067,-1.0900919314191353,0.7339597376405196,500,1622.42
LiH_Reduced_8_Qubits,EfficientSU2,4,COBYLA,depolarizing,0.062,-1.0900919314191353,0.7323527685857596,500,2358.69
LiH_Reduced_8_Qubits,EfficientSU2,4,COBYLA,depolarizing,0.066,-1.0900919314191353,0.6927651259573918,500,1760.3
LiH_Reduced_8_Qubits,EfficientSU2,4,COBYLA,depolarizing,0.063,-1.0900919314191353,0.7444111427339788,500,2363.97
LiH_Reduced_8_Qubits,EfficientSU2,4,COBYLA,depolarizing,0.065,-1.0900919314191353,0.7292544575100031,500,2194.19
LiH_Reduced_8_Qubits,EfficientSU2,4,COBYLA,depolarizing,0.068,-1.0900919314191353,0.8306889856514561,500,1856.86
LiH_Reduced_8_Qubits,EfficientSU2,4,COBYLA,depolarizing,0.069,-1.0900919314191353,0.7739410461802853,500,1964.76
LiH_Reduced_8_Qubits,EfficientSU2,4,COBYLA,depolarizing,0.07100000000000001,-1.0900919314191353,0.7348102021693954,500,1700.19
LiH_Reduced_8_Qubits,EfficientSU2,4,COBYLA,depolarizing,0.07,-1.0900919314191353,0.7335818097396416,500,1889.42
LiH_Reduced_8_Qubits,EfficientSU2,4,COBYLA,depolarizing,0.07200000000000001,-1.0900919314191353,0.8148289278135307,500,1632.93
LiH_Reduced_8_Qubits,EfficientSU2,4,COBYLA,depolarizing,0.074,-1.0900919314191353,0.7772736986683874,500,1757.79
LiH_Reduced_8_Qubits,EfficientSU2,4,COBYLA,depolarizing,0.073,-1.0900919314191353,0.7159577469506706,500,2358.69
LiH_Reduced_8_Qubits,EfficientSU2,4,COBYLA,depolarizing,0.076,-1.0900919314191353,0.8452631035534235,500,2205.99
LiH_Reduced_8_Qubits,EfficientSU2,4,COBYLA,depolarizing,0.075,-1.0900919314191353,0.7448940447147674,500,2368.3
LiH_Reduced_8_Qubits,EfficientSU2,4,COBYLA,depolarizing,0.077,-1.0900919314191353,0.8289660193641193,500,1869.34
LiH_Reduced_8_Qubits,EfficientSU2,4,COBYLA,depolarizing,0.078,-1.0900919314191353,0.8508322512213278,500,1942.64
LiH_Reduced_8_Qubits,EfficientSU2,4,COBYLA,depolarizing,0.079,-1.0900919314191353,0.8358937220015874,500,1703.42
LiH_Reduced_8_Qubits,EfficientSU2,4,COBYLA,depolarizing,0.081,-1.0900919314191353,0.8394820926781581,500,1615.13
LiH_Reduced_8_Qubits,EfficientSU2,4,COBYLA,depolarizing,0.08,-1.0900919314191353,0.7629051313426193,500,1890.8
LiH_Reduced_8_Qubits,EfficientSU2,4,COBYLA,depolarizing,0.082,-1.0900919314191353,0.8128763957021672,500,1757.04
LiH_Reduced_8_Qubits,EfficientSU2,4,COBYLA,depolarizing,0.08600000000000001,-1.0900919314191353,0.9058222278106822,500,1838.56
LiH_Reduced_8_Qubits,EfficientSU2,4,COBYLA,depolarizing,0.088,-1.0900919314191353,0.9227337346180429,500,1670.58
LiH_Reduced_8_Qubits,EfficientSU2,4,COBYLA,depolarizing,0.083,-1.0900919314191353,0.8775636193241282,500,2365.52
LiH_Reduced_8_Qubits,EfficientSU2,4,COBYLA,depolarizing,0.084,-1.0900919314191353,0.9148301278050613,500,2200.86
LiH_Reduced_8_Qubits,EfficientSU2,4,COBYLA,depolarizing,0.089,-1.0900919314191353,0.9832110282983523,500,1639.65
LiH_Reduced_8_Qubits,EfficientSU2,4,COBYLA,depolarizing,0.08700000000000001,-1.0900919314191353,0.8642101711361821,500,1971.9
LiH_Reduced_8_Qubits,EfficientSU2,4,COBYLA,depolarizing,0.085,-1.0900919314191353,0.9467714783129901,500,2344.48
LiH_Reduced_8_Qubits,EfficientSU2,4,COBYLA,depolarizing,0.09,-1.0900919314191353,0.9320069620763269,500,1881.93
LiH_Reduced_8_Qubits,EfficientSU2,4,COBYLA,depolarizing,0.091,-1.0900919314191353,0.8870891890310129,500,1763.54
LiH_Reduced_8_Qubits,EfficientSU2,4,COBYLA,depolarizing,0.092,-1.0900919314191353,0.7926726093305441,500,1833.07
LiH_Reduced_8_Qubits,EfficientSU2,4,COBYLA,depolarizing,0.093,-1.0900919314191353,0.8615420890082757,500,1707.45
LiH_Reduced_8_Qubits,EfficientSU2,4,COBYLA,depolarizing,0.096,-1.0900919314191353,0.9647350001291631,500,1626.43
LiH_Reduced_8_Qubits,EfficientSU2,4,COBYLA,depolarizing,0.097,-1.0900919314191353,0.9267825079810806,500,1950.08
LiH_Reduced_8_Qubits,EfficientSU2,4,COBYLA,depolarizing,0.095,-1.0900919314191353,0.865069952821111,500,2183.18
LiH_Reduced_8_Qubits,EfficientSU2,4,COBYLA,depolarizing,0.1,-1.0900919314191353,0.9147783313147938,500,1768.29
LiH_Reduced_8_Qubits,EfficientSU2,4,COBYLA,depolarizing,0.099,-1.0900919314191353,0.9138814211606988,500,1883.61
LiH_Reduced_8_Qubits,EfficientSU2,4,COBYLA,depolarizing,0.094,-1.0900919314191353,0.8906455234145222,500,2339.66
LiH_Reduced_8_Qubits,EfficientSU2,4,COBYLA,depolarizing,0.098,-1.0900919314191353,0.9681397174785973,500,2337.73
LiH_Reduced_8_Qubits,EfficientSU2,4,COBYLA,bitflip,0.003,-1.0900919314191353,-0.36428846764267103,500,1624.06
LiH_Reduced_8_Qubits,EfficientSU2,4,COBYLA,bitflip,0.002,-1.0900919314191353,-0.27170929842328345,500,1699.96
LiH_Reduced_8_Qubits,EfficientSU2,4,COBYLA,bitflip,0.001,-1.0900919314191353,-0.5151019453853091,500,1869.86
LiH_Reduced_8_Qubits,EfficientSU2,4,COBYLA,bitflip,0.004,-1.0900919314191353,-0.18334489881772562,500,1739.61
LiH_Reduced_8_Qubits,EfficientSU2,4,COBYLA,bitflip,0.006,-1.0900919314191353,-0.43491792699726345,500,1768.81
LiH_Reduced_8_Qubits,EfficientSU2,4,COBYLA,bitflip,0.007,-1.0900919314191353,-0.13614841624296525,500,1908.34
LiH_Reduced_8_Qubits,EfficientSU2,4,COBYLA,bitflip,0.005,-1.0900919314191353,-0.470033573654652,500,2149.97
LiH_Reduced_8_Qubits,EfficientSU2,4,COBYLA,bitflip,0.009000000000000001,-1.0900919314191353,-0.0905897344167404,500,1858.17
LiH_Reduced_8_Qubits,EfficientSU2,4,COBYLA,bitflip,0.008,-1.0900919314191353,0.07125116283319177,500,2268.51
LiH_Reduced_8_Qubits,EfficientSU2,4,COBYLA,bitflip,0.01,-1.0900919314191353,0.09315160462166722,500,1627.03
LiH_Reduced_8_Qubits,EfficientSU2,4,COBYLA,bitflip,0.011,-1.0900919314191353,-0.1477328340066899,500,1729.06
LiH_Reduced_8_Qubits,EfficientSU2,4,COBYLA,bitflip,0.012,-1.0900919314191353,0.01218166536799653,500,1867.0
LiH_Reduced_8_Qubits,EfficientSU2,4,COBYLA,bitflip,0.013000000000000001,-1.0900919314191353,0.05119656395760447,500,1748.64
LiH_Reduced_8_Qubits,EfficientSU2,4,COBYLA,bitflip,0.014,-1.0900919314191353,0.17995934036068256,500,1786.71
LiH_Reduced_8_Qubits,EfficientSU2,4,COBYLA,bitflip,0.015,-1.0900919314191353,-0.035528408667590106,500,1927.56
LiH_Reduced_8_Qubits,EfficientSU2,4,COBYLA,bitflip,0.017,-1.0900919314191353,0.2766266089338059,500,1849.49
LiH_Reduced_8_Qubits,EfficientSU2,4,COBYLA,bitflip,0.016,-1.0900919314191353,-0.008861908346363523,500,2145.37
LiH_Reduced_8_Qubits,EfficientSU2,4,COBYLA,bitflip,0.019,-1.0900919314191353,0.1021736910219348,500,1631.9
LiH_Reduced_8_Qubits,EfficientSU2,4,COBYLA,bitflip,0.02,-1.0900919314191353,0.14331097036709467,500,1730.96
LiH_Reduced_8_Qubits,EfficientSU2,4,COBYLA,bitflip,0.018000000000000002,-1.0900919314191353,0.051110164260770696,500,2293.19
LiH_Reduced_8_Qubits,EfficientSU2,4,COBYLA,bitflip,0.022,-1.0900919314191353,0.20315613609796285,500,1715.94
LiH_Reduced_8_Qubits,EfficientSU2,4,COBYLA,bitflip,0.021,-1.0900919314191353,0.16501911118715473,500,1923.03
LiH_Reduced_8_Qubits,EfficientSU2,4,COBYLA,bitflip,0.023,-1.0900919314191353,0.14958126652915732,500,1729.43
LiH_Reduced_8_Qubits,EfficientSU2,4,COBYLA,bitflip,0.025,-1.0900919314191353,0.3569415389316215,500,1851.09
LiH_Reduced_8_Qubits,EfficientSU2,4,COBYLA,bitflip,0.024,-1.0900919314191353,0.3914088843324918,500,1940.08
LiH_Reduced_8_Qubits,EfficientSU2,4,COBYLA,bitflip,0.027,-1.0900919314191353,0.6837808008066467,500,1590.45
LiH_Reduced_8_Qubits,EfficientSU2,4,COBYLA,bitflip,0.028,-1.0900919314191353,0.6419364430579824,500,1742.15
LiH_Reduced_8_Qubits,EfficientSU2,4,COBYLA,bitflip,0.026000000000000002,-1.0900919314191353,0.3464474303688559,500,2157.95
LiH_Reduced_8_Qubits,EfficientSU2,4,COBYLA,bitflip,0.03,-1.0900919314191353,0.41005611953683097,500,1685.4
LiH_Reduced_8_Qubits,EfficientSU2,4,COBYLA,bitflip,0.029,-1.0900919314191353,0.4915107771296364,500,2300.22
LiH_Reduced_8_Qubits,EfficientSU2,4,COBYLA,bitflip,0.031,-1.0900919314191353,0.42069382377385534,500,1996.73
LiH_Reduced_8_Qubits,EfficientSU2,4,COBYLA,bitflip,0.032,-1.0900919314191353,0.5215989476415519,500,1732.72
LiH_Reduced_8_Qubits,EfficientSU2,4,COBYLA,bitflip,0.035,-1.0900919314191353,0.4673527091988334,500,1583.31
LiH_Reduced_8_Qubits,EfficientSU2,4,COBYLA,bitflip,0.033,-1.0900919314191353,0.45285218450837483,500,1852.33
LiH_Reduced_8_Qubits,EfficientSU2,4,COBYLA,bitflip,0.034,-1.0900919314191353,0.485781746083505,500,1943.42
LiH_Reduced_8_Qubits,EfficientSU2,4,COBYLA,bitflip,0.036000000000000004,-1.0900919314191353,0.49699790980171543,500,1731.0
LiH_Reduced_8_Qubits,EfficientSU2,4,COBYLA,bitflip,0.038,-1.0900919314191353,0.7378492315557574,500,1687.15
LiH_Reduced_8_Qubits,EfficientSU2,4,COBYLA,bitflip,0.037,-1.0900919314191353,0.29434248361541393,500,2161.23
LiH_Reduced_8_Qubits,EfficientSU2,4,COBYLA,bitflip,0.041,-1.0900919314191353,0.7100134990759713,500,1741.15
LiH_Reduced_8_Qubits,EfficientSU2,4,COBYLA,bitflip,0.04,-1.0900919314191353,0.543981709212979,500,2000.66
LiH_Reduced_8_Qubits,EfficientSU2,4,COBYLA,bitflip,0.042,-1.0900919314191353,0.4143904385404846,500,1606.24
LiH_Reduced_8_Qubits,EfficientSU2,4,COBYLA,bitflip,0.039,-1.0900919314191353,0.5270077827384483,500,2293.91
LiH_Reduced_8_Qubits,EfficientSU2,4,COBYLA,bitflip,0.043000000000000003,-1.0900919314191353,0.6422401119975423,500,1844.31
LiH_Reduced_8_Qubits,EfficientSU2,4,COBYLA,bitflip,0.044,-1.0900919314191353,0.638713761821564,500,1937.26
LiH_Reduced_8_Qubits,EfficientSU2,4,COBYLA,bitflip,0.045,-1.0900919314191353,0.5582139363640745,500,1720.38
LiH_Reduced_8_Qubits,EfficientSU2,4,COBYLA,bitflip,0.046,-1.0900919314191353,0.8712708012100313,500,1692.57
LiH_Reduced_8_Qubits,EfficientSU2,4,COBYLA,bitflip,0.048,-1.0900919314191353,0.6542656436853916,500,1721.57
LiH_Reduced_8_Qubits,EfficientSU2,4,COBYLA,bitflip,0.05,-1.0900919314191353,0.6764920879563836,500,1605.14
LiH_Reduced_8_Qubits,EfficientSU2,4,COBYLA,bitflip,0.047,-1.0900919314191353,0.6145369571485582,500,2177.1
LiH_Reduced_8_Qubits,EfficientSU2,4,COBYLA,bitflip,0.049,-1.0900919314191353,0.550883271219052,500,1999.01
LiH_Reduced_8_Qubits,EfficientSU2,4,COBYLA,bitflip,0.052000000000000005,-1.0900919314191353,0.835783718082555,500,1853.83
LiH_Reduced_8_Qubits,EfficientSU2,4,COBYLA,bitflip,0.051000000000000004,-1.0900919314191353,0.32242691622437164,500,2288.8
LiH_Reduced_8_Qubits,EfficientSU2,4,COBYLA,bitflip,0.054,-1.0900919314191353,0.6197731697039967,500,1742.79
LiH_Reduced_8_Qubits,EfficientSU2,4,COBYLA,bitflip,0.053,-1.0900919314191353,0.3514865807536288,500,1943.53
LiH_Reduced_8_Qubits,EfficientSU2,4,COBYLA,bitflip,0.055,-1.0900919314191353,0.5445279494759223,500,1695.88
LiH_Reduced_8_Qubits,EfficientSU2,4,COBYLA,bitflip,0.056,-1.0900919314191353,0.4887164477482151,500,1753.37
LiH_Reduced_8_Qubits,EfficientSU2,4,COBYLA,bitflip,0.057,-1.0900919314191353,0.5145350011801515,500,1616.68
LiH_Reduced_8_Qubits,EfficientSU2,4,COBYLA,bitflip,0.059000000000000004,-1.0900919314191353,0.5604771665229594,500,1885.35
LiH_Reduced_8_Qubits,EfficientSU2,4,COBYLA,bitflip,0.058,-1.0900919314191353,0.6243142292142956,500,2162.71
LiH_Reduced_8_Qubits,EfficientSU2,4,COBYLA,bitflip,0.06,-1.0900919314191353,0.539745516588033,500,1853.61
LiH_Reduced_8_Qubits,EfficientSU2,4,COBYLA,bitflip,0.062,-1.0900919314191353,0.7590106393537113,500,1729.49
LiH_Reduced_8_Qubits,EfficientSU2,4,COBYLA,bitflip,0.064,-1.0900919314191353,0.7600972065231322,500,1716.08
LiH_Reduced_8_Qubits,EfficientSU2,4,COBYLA,bitflip,0.063,-1.0900919314191353,0.6314471475590842,500,1924.51
LiH_Reduced_8_Qubits,EfficientSU2,4,COBYLA,bitflip,0.061,-1.0900919314191353,0.6232765111448635,500,2308.64
LiH_Reduced_8_Qubits,EfficientSU2,4,COBYLA,bitflip,0.066,-1.0900919314191353,0.5722389385509103,500,1628.7
LiH_Reduced_8_Qubits,EfficientSU2,4,COBYLA,bitflip,0.065,-1.0900919314191353,0.8022572606164294,500,1762.96
LiH_Reduced_8_Qubits,EfficientSU2,4,COBYLA,bitflip,0.067,-1.0900919314191353,0.6076595745310782,500,1867.15
LiH_Reduced_8_Qubits,EfficientSU2,4,COBYLA,bitflip,0.07,-1.0900919314191353,0.950164530789758,500,1724.45
LiH_Reduced_8_Qubits,EfficientSU2,4,COBYLA,bitflip,0.068,-1.0900919314191353,0.5575768384737191,500,2139.43
LiH_Reduced_8_Qubits,EfficientSU2,4,COBYLA,bitflip,0.069,-1.0900919314191353,0.9790152750476887,500,1847.22
LiH_Reduced_8_Qubits,EfficientSU2,4,COBYLA,bitflip,0.07100000000000001,-1.0900919314191353,0.9784739182499573,500,1721.23
LiH_Reduced_8_Qubits,EfficientSU2,4,COBYLA,bitflip,0.07200000000000001,-1.0900919314191353,0.5719949115269038,500,1927.3
LiH_Reduced_8_Qubits,EfficientSU2,4,COBYLA,bitflip,0.074,-1.0900919314191353,0.5513847620579782,500,1641.22
LiH_Reduced_8_Qubits,EfficientSU2,4,COBYLA,bitflip,0.075,-1.0900919314191353,0.5569804906509197,500,1779.1
LiH_Reduced_8_Qubits,EfficientSU2,4,COBYLA,bitflip,0.073,-1.0900919314191353,0.6136114028066272,500,2250.55
LiH_Reduced_8_Qubits,EfficientSU2,4,COBYLA,bitflip,0.076,-1.0900919314191353,0.6240142345702773,500,1899.92
LiH_Reduced_8_Qubits,EfficientSU2,4,COBYLA,bitflip,0.077,-1.0900919314191353,1.0582728848005771,500,1706.76
LiH_Reduced_8_Qubits,EfficientSU2,4,COBYLA,bitflip,0.08,-1.0900919314191353,0.6111914424617773,500,1753.6
LiH_Reduced_8_Qubits,EfficientSU2,4,COBYLA,bitflip,0.079,-1.0900919314191353,0.8347319154613841,500,1890.22
LiH_Reduced_8_Qubits,EfficientSU2,4,COBYLA,bitflip,0.078,-1.0900919314191353,0.6413642233160265,500,2137.49
LiH_Reduced_8_Qubits,EfficientSU2,4,COBYLA,bitflip,0.082,-1.0900919314191353,1.0319427040947702,500,1651.24
LiH_Reduced_8_Qubits,EfficientSU2,4,COBYLA,bitflip,0.081,-1.0900919314191353,0.770950682084528,500,1904.97
LiH_Reduced_8_Qubits,EfficientSU2,4,COBYLA,bitflip,0.083,-1.0900919314191353,0.8843038755304451,500,1809.49
LiH_Reduced_8_Qubits,EfficientSU2,4,COBYLA,bitflip,0.084,-1.0900919314191353,0.6580376833437063,500,2252.86
LiH_Reduced_8_Qubits,EfficientSU2,4,COBYLA,bitflip,0.08600000000000001,-1.0900919314191353,0.9052216451628097,500,1684.69
LiH_Reduced_8_Qubits,EfficientSU2,4,COBYLA,bitflip,0.085,-1.0900919314191353,0.8725510791912628,500,1921.17
LiH_Reduced_8_Qubits,EfficientSU2,4,COBYLA,bitflip,0.08700000000000001,-1.0900919314191353,0.6662245346577698,500,1742.4
LiH_Reduced_8_Qubits,EfficientSU2,4,COBYLA,bitflip,0.088,-1.0900919314191353,0.8446159681543962,500,1863.28
LiH_Reduced_8_Qubits,EfficientSU2,4,COBYLA,bitflip,0.09,-1.0900919314191353,0.6434730671294027,500,1660.61
LiH_Reduced_8_Qubits,EfficientSU2,4,COBYLA,bitflip,0.091,-1.0900919314191353,0.6827265750003295,500,1866.14
LiH_Reduced_8_Qubits,EfficientSU2,4,COBYLA,bitflip,0.089,-1.0900919314191353,0.9944803939666301,500,2236.36
LiH_Reduced_8_Qubits,EfficientSU2,4,COBYLA,bitflip,0.092,-1.0900919314191353,0.5910333535537229,500,1819.75
LiH_Reduced_8_Qubits,EfficientSU2,4,COBYLA,bitflip,0.094,-1.0900919314191353,1.0099055650289857,500,1645.98
LiH_Reduced_8_Qubits,EfficientSU2,4,COBYLA,bitflip,0.096,-1.0900919314191353,0.9184027982112695,500,1771.85
LiH_Reduced_8_Qubits,EfficientSU2,4,COBYLA,bitflip,0.095,-1.0900919314191353,0.9128098005302703,500,1937.35
LiH_Reduced_8_Qubits,EfficientSU2,4,COBYLA,bitflip,0.093,-1.0900919314191353,0.9241000194596165,500,2189.56
LiH_Reduced_8_Qubits,EfficientSU2,4,COBYLA,bitflip,0.098,-1.0900919314191353,1.0318088294014183,500,1670.41
LiH_Reduced_8_Qubits,EfficientSU2,4,COBYLA,bitflip,0.097,-1.0900919314191353,1.0662851765791197,500,1752.91
LiH_Reduced_8_Qubits,EfficientSU2,4,COBYLA,bitflip,0.099,-1.0900919314191353,0.6825695229489284,500,1837.84
LiH_Reduced_8_Qubits,EfficientSU2,4,COBYLA,bitflip,0.1,-1.0900919314191353,0.6611223059038149,500,1724.87
LiH_Reduced_8_Qubits,EfficientSU2,4,SPSA,noiseless,0.0,-1.0900919314191353,-0.7676583487302959,500,1713.81
LiH_Reduced_8_Qubits,EfficientSU2,4,SPSA,depolarizing,0.001,-1.0900919314191353,-0.6986341398924112,500,1947.67
LiH_Reduced_8_Qubits,EfficientSU2,4,SPSA,depolarizing,0.002,-1.0900919314191353,-0.796130507155634,500,2018.99
LiH_Reduced_8_Qubits,EfficientSU2,4,SPSA,depolarizing,0.005,-1.0900919314191353,-0.44544292947851116,500,1960.27
LiH_Reduced_8_Qubits,EfficientSU2,4,SPSA,depolarizing,0.003,-1.0900919314191353,-0.9013473008707291,500,2035.95
LiH_Reduced_8_Qubits,EfficientSU2,4,SPSA,depolarizing,0.004,-1.0900919314191353,-0.6754095814311551,500,2063.89
LiH_Reduced_8_Qubits,EfficientSU2,4,SPSA,depolarizing,0.006,-1.0900919314191353,-0.3100137926773067,500,2081.43
LiH_Reduced_8_Qubits,EfficientSU2,4,SPSA,depolarizing,0.008,-1.0900919314191353,-0.4376287874623465,500,1924.44
LiH_Reduced_8_Qubits,EfficientSU2,4,SPSA,depolarizing,0.007,-1.0900919314191353,-0.5128010260924067,500,2079.16
LiH_Reduced_8_Qubits,EfficientSU2,4,SPSA,depolarizing,0.009000000000000001,-1.0900919314191353,-0.4932404439776488,500,2040.9
LiH_Reduced_8_Qubits,EfficientSU2,4,SPSA,depolarizing,0.01,-1.0900919314191353,-0.1267038849750221,500,2243.32
LiH_Reduced_8_Qubits,EfficientSU2,4,SPSA,depolarizing,0.012,-1.0900919314191353,-0.21880748613993267,500,1929.44
LiH_Reduced_8_Qubits,EfficientSU2,4,SPSA,depolarizing,0.014,-1.0900919314191353,-0.15906730927059298,500,1964.69
LiH_Reduced_8_Qubits,EfficientSU2,4,SPSA,depolarizing,0.013000000000000001,-1.0900919314191353,-0.196570650433547,500,2012.87
LiH_Reduced_8_Qubits,EfficientSU2,4,SPSA,depolarizing,0.011,-1.0900919314191353,-0.3700556360022878,500,2144.62
LiH_Reduced_8_Qubits,EfficientSU2,4,SPSA,depolarizing,0.015,-1.0900919314191353,-0.22172438454961316,500,2077.18
LiH_Reduced_8_Qubits,EfficientSU2,4,SPSA,depolarizing,0.016,-1.0900919314191353,-0.296754424115381,500,1970.86
LiH_Reduced_8_Qubits,EfficientSU2,4,SPSA,depolarizing,0.017,-1.0900919314191353,-0.16667403919823634,500,2021.09
LiH_Reduced_8_Qubits,EfficientSU2,4,SPSA,depolarizing,0.018000000000000002,-1.0900919314191353,-0.22533183047954716,500,2179.62
LiH_Reduced_8_Qubits,EfficientSU2,4,SPSA,depolarizing,0.02,-1.0900919314191353,-0.026138289789645275,500,1945.21
LiH_Reduced_8_Qubits,EfficientSU2,4,SPSA,depolarizing,0.021,-1.0900919314191353,-0.18765092744267467,500,1995.37
LiH_Reduced_8_Qubits,EfficientSU2,4,SPSA,depolarizing,0.019,-1.0900919314191353,-0.061766174733699,500,2393.05
LiH_Reduced_8_Qubits,EfficientSU2,4,SPSA,depolarizing,0.022,-1.0900919314191353,-0.16648881632986182,500,2046.49
LiH_Reduced_8_Qubits,EfficientSU2,4,SPSA,depolarizing,0.023,-1.0900919314191353,-0.03967726025086876,500,2117.27
LiH_Reduced_8_Qubits,EfficientSU2,4,SPSA,depolarizing,0.024,-1.0900919314191353,0.030653046039478105,500,1995.1
LiH_Reduced_8_Qubits,EfficientSU2,4,SPSA,depolarizing,0.025,-1.0900919314191353,-0.004173086584729868,500,1899.59
LiH_Reduced_8_Qubits,EfficientSU2,4,SPSA,depolarizing,0.026000000000000002,-1.0900919314191353,0.032123290301975915,500,2068.47
LiH_Reduced_8_Qubits,EfficientSU2,4,SPSA,depolarizing,0.027,-1.0900919314191353,0.049799838844241884,500,2126.28
LiH_Reduced_8_Qubits,EfficientSU2,4,SPSA,depolarizing,0.028,-1.0900919314191353,0.0035523867188138047,500,1914.98
LiH_Reduced_8_Qubits,EfficientSU2,4,SPSA,depolarizing,0.029,-1.0900919314191353,0.22812212441859164,500,2072.73
LiH_Reduced_8_Qubits,EfficientSU2,4,SPSA,depolarizing,0.033,-1.0900919314191353,0.037232643853296776,500,1872.54
LiH_Reduced_8_Qubits,EfficientSU2,4,SPSA,depolarizing,0.031,-1.0900919314191353,0.38686954746313584,500,2033.38
LiH_Reduced_8_Qubits,EfficientSU2,4,SPSA,depolarizing,0.034,-1.0900919314191353,0.2851333709657858,500,1939.79
LiH_Reduced_8_Qubits,EfficientSU2,4,SPSA,depolarizing,0.032,-1.0900919314191353,0.15620506824565372,500,2187.84
LiH_Reduced_8_Qubits,EfficientSU2,4,SPSA,depolarizing,0.03,-1.0900919314191353,0.11221554299499364,500,2327.16
LiH_Reduced_8_Qubits,EfficientSU2,4,SPSA,depolarizing,0.035,-1.0900919314191353,0.15031210167692177,500,2062.62
LiH_Reduced_8_Qubits,EfficientSU2,4,SPSA,depolarizing,0.036000000000000004,-1.0900919314191353,0.19472676455120413,500,2037.29
LiH_Reduced_8_Qubits,EfficientSU2,4,SPSA,depolarizing,0.037,-1.0900919314191353,0.3906604137074374,500,1888.79
LiH_Reduced_8_Qubits,EfficientSU2,4,SPSA,depolarizing,0.039,-1.0900919314191353,0.2809080679844108,500,1968.44
LiH_Reduced_8_Qubits,EfficientSU2,4,SPSA,depolarizing,0.038,-1.0900919314191353,0.15799671397478787,500,2015.5
LiH_Reduced_8_Qubits,EfficientSU2,4,SPSA,depolarizing,0.04,-1.0900919314191353,0.24512661942862807,500,2031.43
LiH_Reduced_8_Qubits,EfficientSU2,4,SPSA,depolarizing,0.041,-1.0900919314191353,0.20006264681789876,500,2019.46
LiH_Reduced_8_Qubits,EfficientSU2,4,SPSA,depolarizing,0.042,-1.0900919314191353,0.3253757895031196,500,2125.13
LiH_Reduced_8_Qubits,EfficientSU2,4,SPSA,depolarizing,0.043000000000000003,-1.0900919314191353,0.37436936564811274,500,2218.53
LiH_Reduced_8_Qubits,EfficientSU2,4,SPSA,depolarizing,0.044,-1.0900919314191353,0.25642251185962095,500,2063.13
LiH_Reduced_8_Qubits,EfficientSU2,4,SPSA,depolarizing,0.045,-1.0900919314191353,0.526696923323353,500,1993.1
LiH_Reduced_8_Qubits,EfficientSU2,4,SPSA,depolarizing,0.046,-1.0900919314191353,0.35844355151526813,500,2078.7
LiH_Reduced_8_Qubits,EfficientSU2,4,SPSA,depolarizing,0.047,-1.0900919314191353,0.47720440627821314,500,1964.62
LiH_Reduced_8_Qubits,EfficientSU2,4,SPSA,depolarizing,0.048,-1.0900919314191353,0.510296445411134,500,2055.77
LiH_Reduced_8_Qubits,EfficientSU2,4,SPSA,depolarizing,0.049,-1.0900919314191353,0.50593982368704,500,2078.22
LiH_Reduced_8_Qubits,EfficientSU2,4,SPSA,depolarizing,0.05,-1.0900919314191353,0.4769459668062282,500,1887.59
LiH_Reduced_8_Qubits,EfficientSU2,4,SPSA,depolarizing,0.051000000000000004,-1.0900919314191353,0.5035695072149359,500,2140.03
LiH_Reduced_8_Qubits,EfficientSU2,4,SPSA,depolarizing,0.052000000000000005,-1.0900919314191353,0.4838959298131671,500,2202.66
LiH_Reduced_8_Qubits,EfficientSU2,4,SPSA,depolarizing,0.053,-1.0900919314191353,0.4473687125524519,500,2109.07
LiH_Reduced_8_Qubits,EfficientSU2,4,SPSA,depolarizing,0.054,-1.0900919314191353,0.5801307004355502,500,2040.4
LiH_Reduced_8_Qubits,EfficientSU2,4,SPSA,depolarizing,0.055,-1.0900919314191353,0.5255402402647552,500,1927.55
LiH_Reduced_8_Qubits,EfficientSU2,4,SPSA,depolarizing,0.056,-1.0900919314191353,0.5731863893008775,500,1949.93
LiH_Reduced_8_Qubits,EfficientSU2,4,SPSA,depolarizing,0.059000000000000004,-1.0900919314191353,0.5910140746799946,500,1938.17
LiH_Reduced_8_Qubits,EfficientSU2,4,SPSA,depolarizing,0.057,-1.0900919314191353,0.5859915055524852,500,2105.08
LiH_Reduced_8_Qubits,EfficientSU2,4,SPSA,depolarizing,0.058,-1.0900919314191353,0.5420194336231563,500,2056.46
LiH_Reduced_8_Qubits,EfficientSU2,4,SPSA,depolarizing,0.06,-1.0900919314191353,0.5197278012000216,500,2151.2
LiH_Reduced_8_Qubits,EfficientSU2,4,SPSA,depolarizing,0.061,-1.0900919314191353,0.6445706368332231,500,2210.75
LiH_Reduced_8_Qubits,EfficientSU2,4,SPSA,depolarizing,0.062,-1.0900919314191353,0.538218659679339,500,2025.73
LiH_Reduced_8_Qubits,EfficientSU2,4,SPSA,depolarizing,0.063,-1.0900919314191353,0.5525893402432962,500,2028.5
LiH_Reduced_8_Qubits,EfficientSU2,4,SPSA,depolarizing,0.064,-1.0900919314191353,0.6331275757992061,500,1937.68
LiH_Reduced_8_Qubits,EfficientSU2,4,SPSA,depolarizing,0.065,-1.0900919314191353,0.8214987476131161,500,2119.55
LiH_Reduced_8_Qubits,EfficientSU2,4,SPSA,depolarizing,0.066,-1.0900919314191353,0.716263018154835,500,1909.56
LiH_Reduced_8_Qubits,EfficientSU2,4,SPSA,depolarizing,0.068,-1.0900919314191353,0.7193296589250069,500,2046.21
LiH_Reduced_8_Qubits,EfficientSU2,4,SPSA,depolarizing,0.067,-1.0900919314191353,0.7286447951426094,500,2119.88
LiH_Reduced_8_Qubits,EfficientSU2,4,SPSA,depolarizing,0.069,-1.0900919314191353,0.7660238655063278,500,2156.27
LiH_Reduced_8_Qubits,EfficientSU2,4,SPSA,depolarizing,0.07100000000000001,-1.0900919314191353,0.8215343487049622,500,1988.34
LiH_Reduced_8_Qubits,EfficientSU2,4,SPSA,depolarizing,0.07200000000000001,-1.0900919314191353,0.7125619596724453,500,2129.26
LiH_Reduced_8_Qubits,EfficientSU2,4,SPSA,depolarizing,0.07,-1.0900919314191353,0.6994157063527664,500,2234.02
LiH_Reduced_8_Qubits,EfficientSU2,4,SPSA,depolarizing,0.073,-1.0900919314191353,0.7625071122265494,500,1919.28
LiH_Reduced_8_Qubits,EfficientSU2,4,SPSA,depolarizing,0.075,-1.0900919314191353,0.7946883416700764,500,1876.95
LiH_Reduced_8_Qubits,EfficientSU2,4,SPSA,depolarizing,0.074,-1.0900919314191353,0.7528981188445365,500,2024.69
LiH_Reduced_8_Qubits,EfficientSU2,4,SPSA,depolarizing,0.076,-1.0900919314191353,0.7184487319138018,500,2002.95
LiH_Reduced_8_Qubits,EfficientSU2,4,SPSA,depolarizing,0.077,-1.0900919314191353,0.7745171798986514,500,2087.62
LiH_Reduced_8_Qubits,EfficientSU2,4,SPSA,depolarizing,0.079,-1.0900919314191353,0.8903705928530613,500,2044.14
LiH_Reduced_8_Qubits,EfficientSU2,4,SPSA,depolarizing,0.078,-1.0900919314191353,0.7370397324564971,500,2259.14
LiH_Reduced_8_Qubits,EfficientSU2,4,SPSA,depolarizing,0.08,-1.0900919314191353,0.9364998258575761,500,2064.61
LiH_Reduced_8_Qubits,EfficientSU2,4,SPSA,depolarizing,0.081,-1.0900919314191353,0.8432638712819448,500,2220.95
LiH_Reduced_8_Qubits,EfficientSU2,4,SPSA,depolarizing,0.082,-1.0900919314191353,0.8854904784793716,500,1995.68
LiH_Reduced_8_Qubits,EfficientSU2,4,SPSA,depolarizing,0.083,-1.0900919314191353,0.8464481176484248,500,1879.83
LiH_Reduced_8_Qubits,EfficientSU2,4,SPSA,depolarizing,0.084,-1.0900919314191353,0.807681916571978,500,2064.98
LiH_Reduced_8_Qubits,EfficientSU2,4,SPSA,depolarizing,0.085,-1.0900919314191353,0.8275029360731183,500,1934.96
LiH_Reduced_8_Qubits,EfficientSU2,4,SPSA,depolarizing,0.08600000000000001,-1.0900919314191353,0.877131349322247,500,2039.79
LiH_Reduced_8_Qubits,EfficientSU2,4,SPSA,depolarizing,0.08700000000000001,-1.0900919314191353,0.8198279347996307,500,2203.93
LiH_Reduced_8_Qubits,EfficientSU2,4,SPSA,depolarizing,0.088,-1.0900919314191353,0.9010652171173599,500,2088.86
LiH_Reduced_8_Qubits,EfficientSU2,4,SPSA,depolarizing,0.089,-1.0900919314191353,0.833389817401458,500,2122.41
LiH_Reduced_8_Qubits,EfficientSU2,4,SPSA,depolarizing,0.091,-1.0900919314191353,0.8098283964588111,500,1927.26
LiH_Reduced_8_Qubits,EfficientSU2,4,SPSA,depolarizing,0.09,-1.0900919314191353,0.8986508138617244,500,2227.84
LiH_Reduced_8_Qubits,EfficientSU2,4,SPSA,depolarizing,0.092,-1.0900919314191353,0.9030946441057236,500,1870.24
LiH_Reduced_8_Qubits,EfficientSU2,4,SPSA,depolarizing,0.094,-1.0900919314191353,0.8665315733407113,500,1990.0
LiH_Reduced_8_Qubits,EfficientSU2,4,SPSA,depolarizing,0.093,-1.0900919314191353,0.8578064418340184,500,2071.0
LiH_Reduced_8_Qubits,EfficientSU2,4,SPSA,depolarizing,0.095,-1.0900919314191353,0.9658821876987773,500,2000.93
LiH_Reduced_8_Qubits,EfficientSU2,4,SPSA,depolarizing,0.097,-1.0900919314191353,0.8508995588748636,500,1977.97
LiH_Reduced_8_Qubits,EfficientSU2,4,SPSA,depolarizing,0.096,-1.0900919314191353,0.9682294271591776,500,2104.65
LiH_Reduced_8_Qubits,EfficientSU2,4,SPSA,depolarizing,0.099,-1.0900919314191353,1.0484671820489722,500,1928.68
LiH_Reduced_8_Qubits,EfficientSU2,4,SPSA,depolarizing,0.098,-1.0900919314191353,0.9562404170501116,500,2077.24
LiH_Reduced_8_Qubits,EfficientSU2,4,SPSA,bitflip,0.001,-1.0900919314191353,-0.541514167354402,500,2086.45
LiH_Reduced_8_Qubits,EfficientSU2,4,SPSA,depolarizing,0.1,-1.0900919314191353,1.010259169284736,500,2305.78
LiH_Reduced_8_Qubits,EfficientSU2,4,SPSA,bitflip,0.002,-1.0900919314191353,-0.6628961312112269,500,2017.36
LiH_Reduced_8_Qubits,EfficientSU2,4,SPSA,bitflip,0.003,-1.0900919314191353,-0.5873002786351608,500,2095.81
LiH_Reduced_8_Qubits,EfficientSU2,4,SPSA,bitflip,0.004,-1.0900919314191353,-0.5379598073718344,500,2150.56
LiH_Reduced_8_Qubits,EfficientSU2,4,SPSA,bitflip,0.005,-1.0900919314191353,-0.4252874134497087,500,2038.11
LiH_Reduced_8_Qubits,EfficientSU2,4,SPSA,bitflip,0.007,-1.0900919314191353,-0.3802805063062875,500,2007.43
LiH_Reduced_8_Qubits,EfficientSU2,4,SPSA,bitflip,0.006,-1.0900919314191353,-0.47234221141986704,500,2100.23
LiH_Reduced_8_Qubits,EfficientSU2,4,SPSA,bitflip,0.008,-1.0900919314191353,-0.18534478900446522,500,2130.23
LiH_Reduced_8_Qubits,EfficientSU2,4,SPSA,bitflip,0.009000000000000001,-1.0900919314191353,-0.10624875277403895,500,2011.3
LiH_Reduced_8_Qubits,EfficientSU2,4,SPSA,bitflip,0.011,-1.0900919314191353,-0.1408178493123684,500,2030.22
LiH_Reduced_8_Qubits,EfficientSU2,4,SPSA,bitflip,0.01,-1.0900919314191353,-0.19051351692608387,500,2290.84
LiH_Reduced_8_Qubits,EfficientSU2,4,SPSA,bitflip,0.012,-1.0900919314191353,-0.14084861414415556,500,1976.72
LiH_Reduced_8_Qubits,EfficientSU2,4,SPSA,bitflip,0.013000000000000001,-1.0900919314191353,0.01353509323778973,500,2311.67
LiH_Reduced_8_Qubits,EfficientSU2,4,SPSA,bitflip,0.014,-1.0900919314191353,-0.009202757454871202,500,2059.1
LiH_Reduced_8_Qubits,EfficientSU2,4,SPSA,bitflip,0.015,-1.0900919314191353,-0.23274347978299265,500,2024.83
LiH_Reduced_8_Qubits,EfficientSU2,4,SPSA,bitflip,0.016,-1.0900919314191353,-0.09286939957966078,500,2051.63
LiH_Reduced_8_Qubits,EfficientSU2,4,SPSA,bitflip,0.017,-1.0900919314191353,-0.13845128150040215,500,2018.26
LiH_Reduced_8_Qubits,EfficientSU2,4,SPSA,bitflip,0.018000000000000002,-1.0900919314191353,-0.0711708531623636,500,1931.71
LiH_Reduced_8_Qubits,EfficientSU2,4,SPSA,bitflip,0.021,-1.0900919314191353,0.06596616250952458,500,2012.37
LiH_Reduced_8_Qubits,EfficientSU2,4,SPSA,bitflip,0.019,-1.0900919314191353,-0.03953474340046012,500,2146.89
LiH_Reduced_8_Qubits,EfficientSU2,4,SPSA,bitflip,0.02,-1.0900919314191353,0.31713047771997455,500,2450.67
LiH_Reduced_8_Qubits,EfficientSU2,4,SPSA,bitflip,0.022,-1.0900919314191353,0.1201671350243354,500,2238.7
LiH_Reduced_8_Qubits,EfficientSU2,4,SPSA,bitflip,0.023,-1.0900919314191353,0.08695573517114935,500,2009.25
LiH_Reduced_8_Qubits,EfficientSU2,4,SPSA,bitflip,0.024,-1.0900919314191353,0.11256005560514842,500,1975.93
LiH_Reduced_8_Qubits,EfficientSU2,4,SPSA,bitflip,0.025,-1.0900919314191353,0.3250244988168608,500,2077.72
LiH_Reduced_8_Qubits,EfficientSU2,4,SPSA,bitflip,0.027,-1.0900919314191353,0.10020101687218808,500,1846.93
LiH_Reduced_8_Qubits,EfficientSU2,4,SPSA,bitflip,0.026000000000000002,-1.0900919314191353,0.2900108210003173,500,2024.18
LiH_Reduced_8_Qubits,EfficientSU2,4,SPSA,bitflip,0.028,-1.0900919314191353,0.1535080550287236,500,1995.49
LiH_Reduced_8_Qubits,EfficientSU2,4,SPSA,bitflip,0.029,-1.0900919314191353,0.2831980161393866,500,2165.76
LiH_Reduced_8_Qubits,EfficientSU2,4,SPSA,bitflip,0.03,-1.0900919314191353,0.42131830205861687,500,2400.99
LiH_Reduced_8_Qubits,EfficientSU2,4,SPSA,bitflip,0.031,-1.0900919314191353,0.1731778639691942,500,2018.69
LiH_Reduced_8_Qubits,EfficientSU2,4,SPSA,bitflip,0.033,-1.0900919314191353,0.3127540674015675,500,1914.46
LiH_Reduced_8_Qubits,EfficientSU2,4,SPSA,bitflip,0.032,-1.0900919314191353,0.13828801440713473,500,2081.87
LiH_Reduced_8_Qubits,EfficientSU2,4,SPSA,bitflip,0.035,-1.0900919314191353,0.2715895934805302,500,1985.24
LiH_Reduced_8_Qubits,EfficientSU2,4,SPSA,bitflip,0.034,-1.0900919314191353,0.09516570782188366,500,2068.89
LiH_Reduced_8_Qubits,EfficientSU2,4,SPSA,bitflip,0.036000000000000004,-1.0900919314191353,0.23809872287825873,500,2216.08
LiH_Reduced_8_Qubits,EfficientSU2,4,SPSA,bitflip,0.037,-1.0900919314191353,0.47009982355642665,500,1987.25
LiH_Reduced_8_Qubits,EfficientSU2,4,SPSA,bitflip,0.038,-1.0900919314191353,0.3671135686617002,500,2075.57
LiH_Reduced_8_Qubits,EfficientSU2,4,SPSA,bitflip,0.04,-1.0900919314191353,0.4105210895825499,500,1929.59
LiH_Reduced_8_Qubits,EfficientSU2,4,SPSA,bitflip,0.041,-1.0900919314191353,0.3500479143364424,500,1961.89
LiH_Reduced_8_Qubits,EfficientSU2,4,SPSA,bitflip,0.039,-1.0900919314191353,0.19039163475214987,500,2314.76
LiH_Reduced_8_Qubits,EfficientSU2,4,SPSA,bitflip,0.043000000000000003,-1.0900919314191353,0.5689628838968012,500,1945.0
LiH_Reduced_8_Qubits,EfficientSU2,4,SPSA,bitflip,0.042,-1.0900919314191353,0.5078832008785886,500,2189.95
LiH_Reduced_8_Qubits,EfficientSU2,4,SPSA,bitflip,0.044,-1.0900919314191353,0.4553778417721968,500,2015.99
LiH_Reduced_8_Qubits,EfficientSU2,4,SPSA,bitflip,0.045,-1.0900919314191353,0.3693679324652463,500,2178.99
LiH_Reduced_8_Qubits,EfficientSU2,4,SPSA,bitflip,0.046,-1.0900919314191353,0.43168213611676715,500,2001.11
LiH_Reduced_8_Qubits,EfficientSU2,4,SPSA,bitflip,0.047,-1.0900919314191353,0.5340095690507399,500,2162.02
LiH_Reduced_8_Qubits,EfficientSU2,4,SPSA,bitflip,0.048,-1.0900919314191353,0.3464965757082844,500,2180.96
LiH_Reduced_8_Qubits,EfficientSU2,4,SPSA,bitflip,0.049,-1.0900919314191353,0.5785424962921498,500,2061.5
LiH_Reduced_8_Qubits,EfficientSU2,4,SPSA,bitflip,0.051000000000000004,-1.0900919314191353,0.6174317384046333,500,1926.47
LiH_Reduced_8_Qubits,EfficientSU2,4,SPSA,bitflip,0.053,-1.0900919314191353,0.39505293234156047,500,2004.6
LiH_Reduced_8_Qubits,EfficientSU2,4,SPSA,bitflip,0.05,-1.0900919314191353,0.40435511929230794,500,2227.24
LiH_Reduced_8_Qubits,EfficientSU2,4,SPSA,bitflip,0.052000000000000005,-1.0900919314191353,0.684334956348474,500,2216.24
LiH_Reduced_8_Qubits,EfficientSU2,4,SPSA,bitflip,0.054,-1.0900919314191353,0.7122774306943308,500,1974.94
LiH_Reduced_8_Qubits,EfficientSU2,4,SPSA,bitflip,0.055,-1.0900919314191353,0.3389090332647211,500,2130.75
LiH_Reduced_8_Qubits,EfficientSU2,4,SPSA,bitflip,0.056,-1.0900919314191353,0.851796626426989,500,2246.31
LiH_Reduced_8_Qubits,EfficientSU2,4,SPSA,bitflip,0.058,-1.0900919314191353,0.565055409147966,500,1995.04
LiH_Reduced_8_Qubits,EfficientSU2,4,SPSA,bitflip,0.059000000000000004,-1.0900919314191353,0.4887582452088693,500,1925.51
LiH_Reduced_8_Qubits,EfficientSU2,4,SPSA,bitflip,0.06,-1.0900919314191353,0.5431462649394176,500,1969.41
LiH_Reduced_8_Qubits,EfficientSU2,4,SPSA,bitflip,0.057,-1.0900919314191353,0.4637047393051083,500,2347.26
LiH_Reduced_8_Qubits,EfficientSU2,4,SPSA,bitflip,0.061,-1.0900919314191353,0.5918039153858147,500,2301.86
LiH_Reduced_8_Qubits,EfficientSU2,4,SPSA,bitflip,0.062,-1.0900919314191353,0.5742824193340403,500,2155.84
LiH_Reduced_8_Qubits,EfficientSU2,4,SPSA,bitflip,0.063,-1.0900919314191353,0.5846210562578806,500,2174.47
LiH_Reduced_8_Qubits,EfficientSU2,4,SPSA,bitflip,0.064,-1.0900919314191353,0.3605343307315367,500,2026.56
LiH_Reduced_8_Qubits,EfficientSU2,4,SPSA,bitflip,0.067,-1.0900919314191353,0.6226072071099066,500,1855.34
LiH_Reduced_8_Qubits,EfficientSU2,4,SPSA,bitflip,0.066,-1.0900919314191353,0.6343077760999767,500,1942.38
LiH_Reduced_8_Qubits,EfficientSU2,4,SPSA,bitflip,0.065,-1.0900919314191353,0.4436492807206973,500,2214.48
LiH_Reduced_8_Qubits,EfficientSU2,4,SPSA,bitflip,0.068,-1.0900919314191353,0.6400274871292987,500,2028.99
LiH_Reduced_8_Qubits,EfficientSU2,4,SPSA,bitflip,0.069,-1.0900919314191353,0.5793655048941292,500,2280.34
LiH_Reduced_8_Qubits,EfficientSU2,4,SPSA,bitflip,0.07100000000000001,-1.0900919314191353,0.8430146825119413,500,2055.66
LiH_Reduced_8_Qubits,EfficientSU2,4,SPSA,bitflip,0.07200000000000001,-1.0900919314191353,0.6004141758173372,500,2049.29
LiH_Reduced_8_Qubits,EfficientSU2,4,SPSA,bitflip,0.07,-1.0900919314191353,0.635099047567077,500,2371.09
LiH_Reduced_8_Qubits,EfficientSU2,4,SPSA,bitflip,0.073,-1.0900919314191353,0.6162453446843825,500,2204.14
LiH_Reduced_8_Qubits,EfficientSU2,4,SPSA,bitflip,0.074,-1.0900919314191353,0.6363719916568462,500,1940.28
LiH_Reduced_8_Qubits,EfficientSU2,4,SPSA,bitflip,0.075,-1.0900919314191353,0.6026078086037587,500,1967.31
LiH_Reduced_8_Qubits,EfficientSU2,4,SPSA,bitflip,0.076,-1.0900919314191353,0.6581059207606883,500,2118.59
LiH_Reduced_8_Qubits,EfficientSU2,4,SPSA,bitflip,0.077,-1.0900919314191353,0.8902228769026079,500,2117.47
LiH_Reduced_8_Qubits,EfficientSU2,4,SPSA,bitflip,0.079,-1.0900919314191353,0.641194043460376,500,2041.3
LiH_Reduced_8_Qubits,EfficientSU2,4,SPSA,bitflip,0.078,-1.0900919314191353,0.6333997947346655,500,2183.02
LiH_Reduced_8_Qubits,EfficientSU2,4,SPSA,bitflip,0.08,-1.0900919314191353,0.6430530763610969,500,2047.59
LiH_Reduced_8_Qubits,EfficientSU2,4,SPSA,bitflip,0.082,-1.0900919314191353,0.7049527282308603,500,2057.64
LiH_Reduced_8_Qubits,EfficientSU2,4,SPSA,bitflip,0.081,-1.0900919314191353,0.665868977733606,500,2415.29
LiH_Reduced_8_Qubits,EfficientSU2,4,SPSA,bitflip,0.084,-1.0900919314191353,0.6219073227214542,500,1953.34
LiH_Reduced_8_Qubits,EfficientSU2,4,SPSA,bitflip,0.083,-1.0900919314191353,0.6569297750532005,500,2176.55
LiH_Reduced_8_Qubits,EfficientSU2,4,SPSA,bitflip,0.085,-1.0900919314191353,0.5447906023977165,500,2121.16
LiH_Reduced_8_Qubits,EfficientSU2,4,SPSA,bitflip,0.08600000000000001,-1.0900919314191353,0.6725626116741071,500,2089.21
LiH_Reduced_8_Qubits,EfficientSU2,4,SPSA,bitflip,0.08700000000000001,-1.0900919314191353,0.9340307228304163,500,1947.3
LiH_Reduced_8_Qubits,EfficientSU2,4,SPSA,bitflip,0.088,-1.0900919314191353,0.663748934958431,500,2165.56
LiH_Reduced_8_Qubits,EfficientSU2,4,SPSA,bitflip,0.089,-1.0900919314191353,0.6930665595996022,500,2074.54
LiH_Reduced_8_Qubits,EfficientSU2,4,SPSA,bitflip,0.09,-1.0900919314191353,0.7416675576087806,500,2007.26
LiH_Reduced_8_Qubits,EfficientSU2,4,SPSA,bitflip,0.091,-1.0900919314191353,0.6075687035240371,500,2478.93
LiH_Reduced_8_Qubits,EfficientSU2,4,SPSA,bitflip,0.092,-1.0900919314191353,0.7190748366561439,500,2097.65
LiH_Reduced_8_Qubits,EfficientSU2,4,SPSA,bitflip,0.093,-1.0900919314191353,0.7094694135378369,500,2209.38
LiH_Reduced_8_Qubits,EfficientSU2,4,SPSA,bitflip,0.094,-1.0900919314191353,0.9530115344910092,500,2099.21
LiH_Reduced_8_Qubits,EfficientSU2,4,SPSA,bitflip,0.095,-1.0900919314191353,0.6478006703652913,500,2039.94
LiH_Reduced_8_Qubits,EfficientSU2,4,SPSA,bitflip,0.096,-1.0900919314191353,0.6847183883957155,500,1880.01
LiH_Reduced_8_Qubits,EfficientSU2,4,SPSA,bitflip,0.098,-1.0900919314191353,0.689588389720287,500,1740.9
LiH_Reduced_8_Qubits,EfficientSU2,4,SPSA,bitflip,0.097,-1.0900919314191353,0.6911455117255603,500,1960.92
LiH_Reduced_8_Qubits,EfficientSU2,4,SPSA,bitflip,0.099,-1.0900919314191353,0.6985310056850565,500,1781.68
LiH_Reduced_8_Qubits,EfficientSU2,4,SPSA,bitflip,0.1,-1.0900919314191353,0.7006547277191253,500,1774.07
