Molekuel,Ansatz_Art,Ansatz_Tiefe,Optimierer,Fehler_Art,Fehler_Rate,Exakte_Energie_Hartree,Berechnete_Energie_Hartree,Optimierer_Schritte,Dauer_Sekunden
H2_2_Qubits,TwoLocal,1,COBYLA,noiseless,0.0,-1.8572750302023775,-1.8602384038868038,48,1.77
H2_2_Qubits,TwoLocal,1,COBYLA,depolarizing,0.001,-1.8572750302023775,-1.8524465449862826,58,1.9
H2_2_Qubits,TwoLocal,1,COBYLA,depolarizing,0.002,-1.8572750302023775,-1.8541809971897931,53,1.77
H2_2_Qubits,TwoLocal,1,COBYLA,depolarizing,0.003,-1.8572750302023775,-1.8516958743371013,53,1.76
H2_2_Qubits,TwoLocal,1,COBYLA,depolarizing,0.004,-1.8572750302023775,-1.850839033676912,51,1.73
H2_2_Qubits,TwoLocal,1,COBYLA,depolarizing,0.005,-1.8572750302023775,-1.8470369142829628,53,1.72
H2_2_Qubits,TwoLocal,1,COBYLA,depolarizing,0.006,-1.8572750302023775,-1.841029248375843,50,1.6
H2_2_Qubits,TwoLocal,1,COBYLA,depolarizing,0.007,-1.8572750302023775,-1.8421650475805604,43,1.39
H2_2_Qubits,TwoLocal,1,COBYLA,depolarizing,0.008,-1.8572750302023775,-1.8392563604351493,56,1.86
H2_2_Qubits,TwoLocal,1,COBYLA,depolarizing,0.009000000000000001,-1.8572750302023775,-1.8349216904904586,54,1.78
H2_2_Qubits,TwoLocal,1,COBYLA,depolarizing,0.01,-1.8572750302023775,-1.8345955447477507,53,1.74
H2_2_Qubits,TwoLocal,1,COBYLA,depolarizing,0.011,-1.8572750302023775,-1.8293593337082403,64,2.16
H2_2_Qubits,TwoLocal,1,COBYLA,depolarizing,0.012,-1.8572750302023775,-1.8284932009294985,50,1.66
H2_2_Qubits,TwoLocal,1,COBYLA,depolarizing,0.013000000000000001,-1.8572750302023775,-1.8268113639456849,62,2.12
H2_2_Qubits,TwoLocal,1,COBYLA,depolarizing,0.014,-1.8572750302023775,-1.822948007808547,61,2.06
H2_2_Qubits,TwoLocal,1,COBYLA,depolarizing,0.015,-1.8572750302023775,-1.8115735846726224,73,2.43
H2_2_Qubits,TwoLocal,1,COBYLA,depolarizing,0.016,-1.8572750302023775,-1.817584666740233,53,1.75
H2_2_Qubits,TwoLocal,1,COBYLA,depolarizing,0.017,-1.8572750302023775,-1.8194534995596432,45,1.49
H2_2_Qubits,TwoLocal,1,COBYLA,depolarizing,0.018000000000000002,-1.8572750302023775,-1.8153231370157787,50,1.65
H2_2_Qubits,TwoLocal,1,COBYLA,depolarizing,0.019,-1.8572750302023775,-1.8019796757143038,72,2.38
H2_2_Qubits,TwoLocal,1,COBYLA,depolarizing,0.02,-1.8572750302023775,-1.8089976505495011,37,1.25
H2_2_Qubits,TwoLocal,1,COBYLA,depolarizing,0.021,-1.8572750302023775,-1.8031799482457522,50,1.68
H2_2_Qubits,TwoLocal,1,COBYLA,depolarizing,0.022,-1.8572750302023775,-1.787865256267624,48,1.62
H2_2_Qubits,TwoLocal,1,COBYLA,depolarizing,0.023,-1.8572750302023775,-1.7982095350648026,43,1.44
H2_2_Qubits,TwoLocal,1,COBYLA,depolarizing,0.024,-1.8572750302023775,-1.8049859519609737,54,1.79
H2_2_Qubits,TwoLocal,1,COBYLA,depolarizing,0.025,-1.8572750302023775,-1.801372734748453,54,1.83
H2_2_Qubits,TwoLocal,1,COBYLA,depolarizing,0.026000000000000002,-1.8572750302023775,-1.7936165570789264,54,1.87
H2_2_Qubits,TwoLocal,1,COBYLA,depolarizing,0.027,-1.8572750302023775,-1.7880499681050177,46,1.58
H2_2_Qubits,TwoLocal,1,COBYLA,depolarizing,0.028,-1.8572750302023775,-1.788244497456514,38,1.3
H2_2_Qubits,TwoLocal,1,COBYLA,depolarizing,0.029,-1.8572750302023775,-1.7770908660076468,39,1.37
H2_2_Qubits,TwoLocal,1,COBYLA,depolarizing,0.03,-1.8572750302023775,-1.7889291752458059,42,1.45
H2_2_Qubits,TwoLocal,1,COBYLA,depolarizing,0.031,-1.8572750302023775,-1.7882361513066654,74,2.52
H2_2_Qubits,TwoLocal,1,COBYLA,depolarizing,0.032,-1.8572750302023775,-1.769941653962909,55,1.92
H2_2_Qubits,TwoLocal,1,COBYLA,depolarizing,0.033,-1.8572750302023775,-1.7824056893185019,55,2.03
H2_2_Qubits,TwoLocal,1,COBYLA,depolarizing,0.034,-1.8572750302023775,-1.7777553862384203,58,1.98
H2_2_Qubits,TwoLocal,1,COBYLA,depolarizing,0.035,-1.8572750302023775,-1.7714131623883225,37,1.24
H2_2_Qubits,TwoLocal,1,COBYLA,depolarizing,0.036000000000000004,-1.8572750302023775,-1.7708676651059982,51,1.8
H2_2_Qubits,TwoLocal,1,COBYLA,depolarizing,0.037,-1.8572750302023775,-1.7689481298098149,43,1.61
H2_2_Qubits,TwoLocal,1,COBYLA,depolarizing,0.038,-1.8572750302023775,-1.7647927909375603,86,2.98
H2_2_Qubits,TwoLocal,1,COBYLA,depolarizing,0.039,-1.8572750302023775,-1.764836186410374,44,1.6
H2_2_Qubits,TwoLocal,1,COBYLA,depolarizing,0.04,-1.8572750302023775,-1.7652375511569456,55,1.91
H2_2_Qubits,TwoLocal,1,COBYLA,depolarizing,0.041,-1.8572750302023775,-1.7523073342923319,53,1.82
H2_2_Qubits,TwoLocal,1,COBYLA,depolarizing,0.042,-1.8572750302023775,-1.7570918288536492,50,1.7
H2_2_Qubits,TwoLocal,1,COBYLA,depolarizing,0.043000000000000003,-1.8572750302023775,-1.7553907004381326,49,1.71
H2_2_Qubits,TwoLocal,1,COBYLA,depolarizing,0.044,-1.8572750302023775,-1.7467212813238184,42,1.44
H2_2_Qubits,TwoLocal,1,COBYLA,depolarizing,0.045,-1.8572750302023775,-1.7508831037744566,45,1.53
H2_2_Qubits,TwoLocal,1,COBYLA,depolarizing,0.046,-1.8572750302023775,-1.74852270148524,42,1.5
H2_2_Qubits,TwoLocal,1,COBYLA,depolarizing,0.047,-1.8572750302023775,-1.7358634693437132,53,1.84
H2_2_Qubits,TwoLocal,1,COBYLA,depolarizing,0.048,-1.8572750302023775,-1.741565793990954,40,1.37
H2_2_Qubits,TwoLocal,1,COBYLA,depolarizing,0.049,-1.8572750302023775,-1.7427823256064492,56,2.04
H2_2_Qubits,TwoLocal,1,COBYLA,depolarizing,0.05,-1.8572750302023775,-1.7306529286526788,43,1.53
H2_2_Qubits,TwoLocal,1,COBYLA,depolarizing,0.051000000000000004,-1.8572750302023775,-1.7147555863408062,100,3.36
H2_2_Qubits,TwoLocal,1,COBYLA,depolarizing,0.052000000000000005,-1.8572750302023775,-1.7356241602477123,48,1.62
H2_2_Qubits,TwoLocal,1,COBYLA,depolarizing,0.053,-1.8572750302023775,-1.7334916586499334,52,1.81
H2_2_Qubits,TwoLocal,1,COBYLA,depolarizing,0.054,-1.8572750302023775,-1.7244091383715578,44,1.58
H2_2_Qubits,TwoLocal,1,COBYLA,depolarizing,0.055,-1.8572750302023775,-1.7233572425081511,49,1.66
H2_2_Qubits,TwoLocal,1,COBYLA,depolarizing,0.056,-1.8572750302023775,-1.7185469868040566,47,1.66
H2_2_Qubits,TwoLocal,1,COBYLA,depolarizing,0.057,-1.8572750302023775,-1.7132651408456376,51,1.82
H2_2_Qubits,TwoLocal,1,COBYLA,depolarizing,0.058,-1.8572750302023775,-1.7196158040986111,51,1.74
H2_2_Qubits,TwoLocal,1,COBYLA,depolarizing,0.059000000000000004,-1.8572750302023775,-1.7213977164910608,45,1.58
H2_2_Qubits,TwoLocal,1,COBYLA,depolarizing,0.06,-1.8572750302023775,-1.7051412355854096,40,1.34
H2_2_Qubits,TwoLocal,1,COBYLA,depolarizing,0.061,-1.8572750302023775,-1.7084474132056855,53,1.75
H2_2_Qubits,TwoLocal,1,COBYLA,depolarizing,0.062,-1.8572750302023775,-1.700985562995937,44,1.47
H2_2_Qubits,TwoLocal,1,COBYLA,depolarizing,0.063,-1.8572750302023775,-1.6984321501106412,44,1.46
H2_2_Qubits,TwoLocal,1,COBYLA,depolarizing,0.064,-1.8572750302023775,-1.707471909899915,64,2.1
H2_2_Qubits,TwoLocal,1,COBYLA,depolarizing,0.065,-1.8572750302023775,-1.6987873869934802,56,1.86
H2_2_Qubits,TwoLocal,1,COBYLA,depolarizing,0.066,-1.8572750302023775,-1.7005021138568375,53,1.89
H2_2_Qubits,TwoLocal,1,COBYLA,depolarizing,0.067,-1.8572750302023775,-1.6977578486699139,58,1.93
H2_2_Qubits,TwoLocal,1,COBYLA,depolarizing,0.068,-1.8572750302023775,-1.6960136241213648,49,1.65
H2_2_Qubits,TwoLocal,1,COBYLA,depolarizing,0.069,-1.8572750302023775,-1.6814393430460628,45,1.49
H2_2_Qubits,TwoLocal,1,COBYLA,depolarizing,0.07,-1.8572750302023775,-1.6970646521678718,53,1.77
H2_2_Qubits,TwoLocal,1,COBYLA,depolarizing,0.07100000000000001,-1.8572750302023775,-1.6871724926163658,54,1.81
H2_2_Qubits,TwoLocal,1,COBYLA,depolarizing,0.07200000000000001,-1.8572750302023775,-1.6736526266187448,50,1.7
H2_2_Qubits,TwoLocal,1,COBYLA,depolarizing,0.073,-1.8572750302023775,-1.688404028449706,58,1.92
H2_2_Qubits,TwoLocal,1,COBYLA,depolarizing,0.074,-1.8572750302023775,-1.6863987963759501,47,1.59
H2_2_Qubits,TwoLocal,1,COBYLA,depolarizing,0.075,-1.8572750302023775,-1.687545972227304,57,2.46
H2_2_Qubits,TwoLocal,1,COBYLA,depolarizing,0.076,-1.8572750302023775,-1.6741164810479947,48,1.73
H2_2_Qubits,TwoLocal,1,COBYLA,depolarizing,0.077,-1.8572750302023775,-1.6820208547354862,60,2.02
H2_2_Qubits,TwoLocal,1,COBYLA,depolarizing,0.078,-1.8572750302023775,-1.6821512379195946,49,1.64
H2_2_Qubits,TwoLocal,1,COBYLA,depolarizing,0.079,-1.8572750302023775,-1.6815112200270326,61,2.04
H2_2_Qubits,TwoLocal,1,COBYLA,depolarizing,0.08,-1.8572750302023775,-1.6700138482655809,43,1.46
H2_2_Qubits,TwoLocal,1,COBYLA,depolarizing,0.081,-1.8572750302023775,-1.6767740060777057,55,1.83
H2_2_Qubits,TwoLocal,1,COBYLA,depolarizing,0.082,-1.8572750302023775,-1.6744752693527918,57,1.9
H2_2_Qubits,TwoLocal,1,COBYLA,depolarizing,0.083,-1.8572750302023775,-1.6602678569162073,55,1.83
H2_2_Qubits,TwoLocal,1,COBYLA,depolarizing,0.084,-1.8572750302023775,-1.6654674174068365,46,1.55
H2_2_Qubits,TwoLocal,1,COBYLA,depolarizing,0.085,-1.8572750302023775,-1.6650335929115907,45,1.5
H2_2_Qubits,TwoLocal,1,COBYLA,depolarizing,0.08600000000000001,-1.8572750302023775,-1.661609192334318,53,1.79
H2_2_Qubits,TwoLocal,1,COBYLA,depolarizing,0.08700000000000001,-1.8572750302023775,-1.64863374200852,47,1.66
H2_2_Qubits,TwoLocal,1,COBYLA,depolarizing,0.088,-1.8572750302023775,-1.6632845273171166,54,1.8
H2_2_Qubits,TwoLocal,1,COBYLA,depolarizing,0.089,-1.8572750302023775,-1.6542161941522582,60,2.04
H2_2_Qubits,TwoLocal,1,COBYLA,depolarizing,0.09,-1.8572750302023775,-1.6448115489121486,47,1.58
H2_2_Qubits,TwoLocal,1,COBYLA,depolarizing,0.091,-1.8572750302023775,-1.6569808058715798,47,1.58
H2_2_Qubits,TwoLocal,1,COBYLA,depolarizing,0.092,-1.8572750302023775,-1.6429949044180328,46,1.54
H2_2_Qubits,TwoLocal,1,COBYLA,depolarizing,0.093,-1.8572750302023775,-1.6305907112834235,50,1.71
H2_2_Qubits,TwoLocal,1,COBYLA,depolarizing,0.094,-1.8572750302023775,-1.6370267927797015,44,1.49
H2_2_Qubits,TwoLocal,1,COBYLA,depolarizing,0.095,-1.8572750302023775,-1.645586688992644,58,1.94
H2_2_Qubits,TwoLocal,1,COBYLA,depolarizing,0.096,-1.8572750302023775,-1.626752490085325,52,1.75
H2_2_Qubits,TwoLocal,1,COBYLA,depolarizing,0.097,-1.8572750302023775,-1.6363300436217891,46,1.56
H2_2_Qubits,TwoLocal,1,COBYLA,depolarizing,0.098,-1.8572750302023775,-1.6276755342383804,50,1.68
H2_2_Qubits,TwoLocal,1,COBYLA,depolarizing,0.099,-1.8572750302023775,-1.6231646844193994,45,1.53
H2_2_Qubits,TwoLocal,1,COBYLA,depolarizing,0.1,-1.8572750302023775,-1.6334037493489464,54,1.82
H2_2_Qubits,TwoLocal,1,COBYLA,bitflip,0.001,-1.8572750302023775,-1.8555322989383138,65,2.16
H2_2_Qubits,TwoLocal,1,COBYLA,bitflip,0.002,-1.8572750302023775,-1.8512693734175776,49,1.64
H2_2_Qubits,TwoLocal,1,COBYLA,bitflip,0.003,-1.8572750302023775,-1.8489714037013762,49,1.65
H2_2_Qubits,TwoLocal,1,COBYLA,bitflip,0.004,-1.8572750302023775,-1.8403963173723918,54,1.82
H2_2_Qubits,TwoLocal,1,COBYLA,bitflip,0.005,-1.8572750302023775,-1.8391417833112076,50,1.68
H2_2_Qubits,TwoLocal,1,COBYLA,bitflip,0.006,-1.8572750302023775,-1.832591826342077,45,1.51
H2_2_Qubits,TwoLocal,1,COBYLA,bitflip,0.007,-1.8572750302023775,-1.8235029082681253,68,2.27
H2_2_Qubits,TwoLocal,1,COBYLA,bitflip,0.008,-1.8572750302023775,-1.8287351244195125,53,1.78
H2_2_Qubits,TwoLocal,1,COBYLA,bitflip,0.009000000000000001,-1.8572750302023775,-1.827442328949973,69,2.3
H2_2_Qubits,TwoLocal,1,COBYLA,bitflip,0.01,-1.8572750302023775,-1.8222009259586,51,1.71
H2_2_Qubits,TwoLocal,1,COBYLA,bitflip,0.011,-1.8572750302023775,-1.8182095598743762,95,3.14
H2_2_Qubits,TwoLocal,1,COBYLA,bitflip,0.012,-1.8572750302023775,-1.8137758201430842,48,1.62
H2_2_Qubits,TwoLocal,1,COBYLA,bitflip,0.013000000000000001,-1.8572750302023775,-1.810528273812743,45,1.52
H2_2_Qubits,TwoLocal,1,COBYLA,bitflip,0.014,-1.8572750302023775,-1.8045785274456398,61,2.03
H2_2_Qubits,TwoLocal,1,COBYLA,bitflip,0.015,-1.8572750302023775,-1.8025975110886525,46,1.54
H2_2_Qubits,TwoLocal,1,COBYLA,bitflip,0.016,-1.8572750302023775,-1.8001099242046374,44,1.51
H2_2_Qubits,TwoLocal,1,COBYLA,bitflip,0.017,-1.8572750302023775,-1.7998931648679217,55,1.84
H2_2_Qubits,TwoLocal,1,COBYLA,bitflip,0.018000000000000002,-1.8572750302023775,-1.7949572789357957,51,1.73
H2_2_Qubits,TwoLocal,1,COBYLA,bitflip,0.019,-1.8572750302023775,-1.7856605027318584,47,1.59
H2_2_Qubits,TwoLocal,1,COBYLA,bitflip,0.02,-1.8572750302023775,-1.7849755426307188,63,2.12
H2_2_Qubits,TwoLocal,1,COBYLA,bitflip,0.021,-1.8572750302023775,-1.7836801403981701,54,1.8
H2_2_Qubits,TwoLocal,1,COBYLA,bitflip,0.022,-1.8572750302023775,-1.7795161819291356,60,2.04
H2_2_Qubits,TwoLocal,1,COBYLA,bitflip,0.023,-1.8572750302023775,-1.775231755276875,45,1.52
H2_2_Qubits,TwoLocal,1,COBYLA,bitflip,0.024,-1.8572750302023775,-1.7714291378507658,43,1.46
H2_2_Qubits,TwoLocal,1,COBYLA,bitflip,0.025,-1.8572750302023775,-1.7628013779585088,50,1.72
H2_2_Qubits,TwoLocal,1,COBYLA,bitflip,0.026000000000000002,-1.8572750302023775,-1.7624065050382813,46,1.63
H2_2_Qubits,TwoLocal,1,COBYLA,bitflip,0.027,-1.8572750302023775,-1.7604502512160831,47,1.83
H2_2_Qubits,TwoLocal,1,COBYLA,bitflip,0.028,-1.8572750302023775,-1.7489868096290349,47,1.61
H2_2_Qubits,TwoLocal,1,COBYLA,bitflip,0.029,-1.8572750302023775,-1.752057655244857,48,1.66
H2_2_Qubits,TwoLocal,1,COBYLA,bitflip,0.03,-1.8572750302023775,-1.7472218510426154,53,1.81
H2_2_Qubits,TwoLocal,1,COBYLA,bitflip,0.031,-1.8572750302023775,-1.7412784803558181,46,1.56
H2_2_Qubits,TwoLocal,1,COBYLA,bitflip,0.032,-1.8572750302023775,-1.7440549883371919,67,2.26
H2_2_Qubits,TwoLocal,1,COBYLA,bitflip,0.033,-1.8572750302023775,-1.7312916663182047,51,1.82
H2_2_Qubits,TwoLocal,1,COBYLA,bitflip,0.034,-1.8572750302023775,-1.729672547379878,54,1.81
H2_2_Qubits,TwoLocal,1,COBYLA,bitflip,0.035,-1.8572750302023775,-1.7317193370988622,56,1.88
H2_2_Qubits,TwoLocal,1,COBYLA,bitflip,0.036000000000000004,-1.8572750302023775,-1.726618042701644,62,2.11
H2_2_Qubits,TwoLocal,1,COBYLA,bitflip,0.037,-1.8572750302023775,-1.7179561419170657,54,1.84
H2_2_Qubits,TwoLocal,1,COBYLA,bitflip,0.038,-1.8572750302023775,-1.7155317019754945,63,2.14
H2_2_Qubits,TwoLocal,1,COBYLA,bitflip,0.039,-1.8572750302023775,-1.7111503205887302,49,1.67
H2_2_Qubits,TwoLocal,1,COBYLA,bitflip,0.04,-1.8572750302023775,-1.7123847258494829,53,1.82
H2_2_Qubits,TwoLocal,1,COBYLA,bitflip,0.041,-1.8572750302023775,-1.712291847078904,47,1.58
H2_2_Qubits,TwoLocal,1,COBYLA,bitflip,0.042,-1.8572750302023775,-1.7051383166793377,45,1.55
H2_2_Qubits,TwoLocal,1,COBYLA,bitflip,0.043000000000000003,-1.8572750302023775,-1.6997064255426273,65,2.21
H2_2_Qubits,TwoLocal,1,COBYLA,bitflip,0.044,-1.8572750302023775,-1.7010421083630909,59,2.01
H2_2_Qubits,TwoLocal,1,COBYLA,bitflip,0.045,-1.8572750302023775,-1.693903225571141,50,1.7
H2_2_Qubits,TwoLocal,1,COBYLA,bitflip,0.046,-1.8572750302023775,-1.6883272634028776,52,1.77
H2_2_Qubits,TwoLocal,1,COBYLA,bitflip,0.047,-1.8572750302023775,-1.6485605038005553,64,2.14
H2_2_Qubits,TwoLocal,1,COBYLA,bitflip,0.048,-1.8572750302023775,-1.6767219395177988,50,1.7
H2_2_Qubits,TwoLocal,1,COBYLA,bitflip,0.049,-1.8572750302023775,-1.6819733329665048,45,1.54
H2_2_Qubits,TwoLocal,1,COBYLA,bitflip,0.05,-1.8572750302023775,-1.67269770829791,50,1.68
H2_2_Qubits,TwoLocal,1,COBYLA,bitflip,0.051000000000000004,-1.8572750302023775,-1.668601078089654,58,1.96
H2_2_Qubits,TwoLocal,1,COBYLA,bitflip,0.052000000000000005,-1.8572750302023775,-1.6710658265145444,50,1.69
H2_2_Qubits,TwoLocal,1,COBYLA,bitflip,0.053,-1.8572750302023775,-1.6697433182564576,51,1.73
H2_2_Qubits,TwoLocal,1,COBYLA,bitflip,0.054,-1.8572750302023775,-1.6553065625890115,47,1.59
H2_2_Qubits,TwoLocal,1,COBYLA,bitflip,0.055,-1.8572750302023775,-1.6586294084670032,57,2.02
H2_2_Qubits,TwoLocal,1,COBYLA,bitflip,0.056,-1.8572750302023775,-1.654350985783597,57,1.95
H2_2_Qubits,TwoLocal,1,COBYLA,bitflip,0.057,-1.8572750302023775,-1.6522674319133623,54,1.84
H2_2_Qubits,TwoLocal,1,COBYLA,bitflip,0.058,-1.8572750302023775,-1.6489047558609244,41,1.41
H2_2_Qubits,TwoLocal,1,COBYLA,bitflip,0.059000000000000004,-1.8572750302023775,-1.6450270946133627,77,2.59
H2_2_Qubits,TwoLocal,1,COBYLA,bitflip,0.06,-1.8572750302023775,-1.641151504026575,56,1.89
H2_2_Qubits,TwoLocal,1,COBYLA,bitflip,0.061,-1.8572750302023775,-1.5638638250975272,44,1.52
H2_2_Qubits,TwoLocal,1,COBYLA,bitflip,0.062,-1.8572750302023775,-1.6392769077025018,71,2.4
H2_2_Qubits,TwoLocal,1,COBYLA,bitflip,0.063,-1.8572750302023775,-1.636553426734006,49,1.67
H2_2_Qubits,TwoLocal,1,COBYLA,bitflip,0.064,-1.8572750302023775,-1.6309354038010189,70,2.36
H2_2_Qubits,TwoLocal,1,COBYLA,bitflip,0.065,-1.8572750302023775,-1.6276605737949026,49,1.69
H2_2_Qubits,TwoLocal,1,COBYLA,bitflip,0.066,-1.8572750302023775,-1.6242343010126072,65,2.23
H2_2_Qubits,TwoLocal,1,COBYLA,bitflip,0.067,-1.8572750302023775,-1.613047187080155,39,1.37
H2_2_Qubits,TwoLocal,1,COBYLA,bitflip,0.068,-1.8572750302023775,-1.6191987171634312,56,1.92
H2_2_Qubits,TwoLocal,1,COBYLA,bitflip,0.069,-1.8572750302023775,-1.6180443427473086,60,2.05
H2_2_Qubits,TwoLocal,1,COBYLA,bitflip,0.07,-1.8572750302023775,-1.6141463445250643,64,2.18
H2_2_Qubits,TwoLocal,1,COBYLA,bitflip,0.07100000000000001,-1.8572750302023775,-1.611295738615101,54,1.85
H2_2_Qubits,TwoLocal,1,COBYLA,bitflip,0.07200000000000001,-1.8572750302023775,-1.5959610064493044,51,1.73
H2_2_Qubits,TwoLocal,1,COBYLA,bitflip,0.073,-1.8572750302023775,-1.5923256429468764,49,1.69
H2_2_Qubits,TwoLocal,1,COBYLA,bitflip,0.074,-1.8572750302023775,-1.5993014784943151,50,1.71
H2_2_Qubits,TwoLocal,1,COBYLA,bitflip,0.075,-1.8572750302023775,-1.597708091484507,77,2.63
H2_2_Qubits,TwoLocal,1,COBYLA,bitflip,0.076,-1.8572750302023775,-1.5921487664329894,47,1.62
H2_2_Qubits,TwoLocal,1,COBYLA,bitflip,0.077,-1.8572750302023775,-1.5875563936845518,60,2.05
H2_2_Qubits,TwoLocal,1,COBYLA,bitflip,0.078,-1.8572750302023775,-1.5753311521949822,53,1.8
H2_2_Qubits,TwoLocal,1,COBYLA,bitflip,0.079,-1.8572750302023775,-1.5864974489262669,59,2.03
H2_2_Qubits,TwoLocal,1,COBYLA,bitflip,0.08,-1.8572750302023775,-1.5789765284307977,46,1.68
H2_2_Qubits,TwoLocal,1,COBYLA,bitflip,0.081,-1.8572750302023775,-1.5588936084365181,49,1.74
H2_2_Qubits,TwoLocal,1,COBYLA,bitflip,0.082,-1.8572750302023775,-1.5733660814783228,51,1.74
H2_2_Qubits,TwoLocal,1,COBYLA,bitflip,0.083,-1.8572750302023775,-1.5634605798130314,60,2.04
H2_2_Qubits,TwoLocal,1,COBYLA,bitflip,0.084,-1.8572750302023775,-1.5656131170431569,58,1.99
H2_2_Qubits,TwoLocal,1,COBYLA,bitflip,0.085,-1.8572750302023775,-1.5623931030158005,51,1.74
H2_2_Qubits,TwoLocal,1,COBYLA,bitflip,0.08600000000000001,-1.8572750302023775,-1.5616524128009661,46,1.58
H2_2_Qubits,TwoLocal,1,COBYLA,bitflip,0.08700000000000001,-1.8572750302023775,-1.5436827086012108,50,1.72
H2_2_Qubits,TwoLocal,1,COBYLA,bitflip,0.088,-1.8572750302023775,-1.5555951412895799,54,1.85
H2_2_Qubits,TwoLocal,1,COBYLA,bitflip,0.089,-1.8572750302023775,-1.5482424072753587,46,1.58
H2_2_Qubits,TwoLocal,1,COBYLA,bitflip,0.09,-1.8572750302023775,-1.5349774212087344,47,1.62
H2_2_Qubits,TwoLocal,1,COBYLA,bitflip,0.091,-1.8572750302023775,-1.5393334120152025,69,2.35
H2_2_Qubits,TwoLocal,1,COBYLA,bitflip,0.092,-1.8572750302023775,-1.53631434617706,49,1.71
H2_2_Qubits,TwoLocal,1,COBYLA,bitflip,0.093,-1.8572750302023775,-1.5193568422258346,54,1.86
H2_2_Qubits,TwoLocal,1,COBYLA,bitflip,0.094,-1.8572750302023775,-1.5331207200282324,54,1.87
H2_2_Qubits,TwoLocal,1,COBYLA,bitflip,0.095,-1.8572750302023775,-1.5189230938798386,44,1.5
H2_2_Qubits,TwoLocal,1,COBYLA,bitflip,0.096,-1.8572750302023775,-1.523985792619469,50,1.73
H2_2_Qubits,TwoLocal,1,COBYLA,bitflip,0.097,-1.8572750302023775,-1.5284482745116663,52,1.79
H2_2_Qubits,TwoLocal,1,COBYLA,bitflip,0.098,-1.8572750302023775,-1.526498404693577,50,1.75
H2_2_Qubits,TwoLocal,1,COBYLA,bitflip,0.099,-1.8572750302023775,-1.523746227882211,53,1.81
H2_2_Qubits,TwoLocal,1,COBYLA,bitflip,0.1,-1.8572750302023775,-1.5085898960063109,51,1.75
H2_2_Qubits,TwoLocal,1,SPSA,noiseless,0.0,-1.8572750302023775,-1.8589364463970006,500,19.91
H2_2_Qubits,TwoLocal,1,SPSA,depolarizing,0.001,-1.8572750302023775,-1.855837656769955,500,17.54
H2_2_Qubits,TwoLocal,1,SPSA,depolarizing,0.002,-1.8572750302023775,-1.8540225842874967,500,17.06
H2_2_Qubits,TwoLocal,1,SPSA,depolarizing,0.003,-1.8572750302023775,-1.8508088838192907,500,17.12
H2_2_Qubits,TwoLocal,1,SPSA,depolarizing,0.004,-1.8572750302023775,-1.8488501780671525,500,17.23
H2_2_Qubits,TwoLocal,1,SPSA,depolarizing,0.005,-1.8572750302023775,-1.847149637700356,500,17.28
H2_2_Qubits,TwoLocal,1,SPSA,depolarizing,0.006,-1.8572750302023775,-1.8435837543560658,500,17.44
H2_2_Qubits,TwoLocal,1,SPSA,depolarizing,0.007,-1.8572750302023775,-1.8429648461511905,500,17.45
H2_2_Qubits,TwoLocal,1,SPSA,depolarizing,0.008,-1.8572750302023775,-1.8395991097707494,500,17.66
H2_2_Qubits,TwoLocal,1,SPSA,depolarizing,0.009000000000000001,-1.8572750302023775,-1.833750908630154,500,17.6
H2_2_Qubits,TwoLocal,1,SPSA,depolarizing,0.01,-1.8572750302023775,-1.8318702398189792,500,17.6
H2_2_Qubits,TwoLocal,1,SPSA,depolarizing,0.011,-1.8572750302023775,-1.8284128249681653,500,17.34
H2_2_Qubits,TwoLocal,1,SPSA,depolarizing,0.012,-1.8572750302023775,-1.8274463174410056,500,17.22
H2_2_Qubits,TwoLocal,1,SPSA,depolarizing,0.013000000000000001,-1.8572750302023775,-1.8246354097654298,500,17.55
H2_2_Qubits,TwoLocal,1,SPSA,depolarizing,0.014,-1.8572750302023775,-1.8200826692009582,500,17.68
H2_2_Qubits,TwoLocal,1,SPSA,depolarizing,0.015,-1.8572750302023775,-1.8218068771567477,500,17.49
H2_2_Qubits,TwoLocal,1,SPSA,depolarizing,0.016,-1.8572750302023775,-1.8175443728261222,500,17.82
H2_2_Qubits,TwoLocal,1,SPSA,depolarizing,0.017,-1.8572750302023775,-1.8172605783230038,500,17.66
H2_2_Qubits,TwoLocal,1,SPSA,depolarizing,0.018000000000000002,-1.8572750302023775,-1.8147101179434764,500,17.8
H2_2_Qubits,TwoLocal,1,SPSA,depolarizing,0.019,-1.8572750302023775,-1.8101890720456781,500,17.73
H2_2_Qubits,TwoLocal,1,SPSA,depolarizing,0.02,-1.8572750302023775,-1.8064509147717893,500,17.84
H2_2_Qubits,TwoLocal,1,SPSA,depolarizing,0.021,-1.8572750302023775,-1.804697804193576,500,17.27
H2_2_Qubits,TwoLocal,1,SPSA,depolarizing,0.022,-1.8572750302023775,-1.8016578475486833,500,17.43
H2_2_Qubits,TwoLocal,1,SPSA,depolarizing,0.023,-1.8572750302023775,-1.7984307847022918,500,17.54
H2_2_Qubits,TwoLocal,1,SPSA,depolarizing,0.024,-1.8572750302023775,-1.8034501127038878,500,17.59
H2_2_Qubits,TwoLocal,1,SPSA,depolarizing,0.025,-1.8572750302023775,-1.795875037883962,500,17.62
H2_2_Qubits,TwoLocal,1,SPSA,depolarizing,0.026000000000000002,-1.8572750302023775,-1.7920306490190234,500,17.63
H2_2_Qubits,TwoLocal,1,SPSA,depolarizing,0.027,-1.8572750302023775,-1.7912695672635113,500,17.87
H2_2_Qubits,TwoLocal,1,SPSA,depolarizing,0.028,-1.8572750302023775,-1.7858014772162016,500,17.82
H2_2_Qubits,TwoLocal,1,SPSA,depolarizing,0.029,-1.8572750302023775,-1.7887244054241687,500,17.89
H2_2_Qubits,TwoLocal,1,SPSA,depolarizing,0.03,-1.8572750302023775,-1.7888640648478664,500,17.41
H2_2_Qubits,TwoLocal,1,SPSA,depolarizing,0.031,-1.8572750302023775,-1.780256712299408,500,17.44
H2_2_Qubits,TwoLocal,1,SPSA,depolarizing,0.032,-1.8572750302023775,-1.7793691660228184,500,17.51
H2_2_Qubits,TwoLocal,1,SPSA,depolarizing,0.033,-1.8572750302023775,-1.7794364086615733,500,17.66
H2_2_Qubits,TwoLocal,1,SPSA,depolarizing,0.034,-1.8572750302023775,-1.780610311812967,500,17.64
H2_2_Qubits,TwoLocal,1,SPSA,depolarizing,0.035,-1.8572750302023775,-1.769288868754928,500,17.69
H2_2_Qubits,TwoLocal,1,SPSA,depolarizing,0.036000000000000004,-1.8572750302023775,-1.7692063902990522,500,17.95
H2_2_Qubits,TwoLocal,1,SPSA,depolarizing,0.037,-1.8572750302023775,-1.767901495565488,500,17.78
H2_2_Qubits,TwoLocal,1,SPSA,depolarizing,0.038,-1.8572750302023775,-1.7692267869270653,500,17.83
H2_2_Qubits,TwoLocal,1,SPSA,depolarizing,0.039,-1.8572750302023775,-1.7683437670946123,500,17.26
H2_2_Qubits,TwoLocal,1,SPSA,depolarizing,0.04,-1.8572750302023775,-1.7647629442731434,500,17.42
H2_2_Qubits,TwoLocal,1,SPSA,depolarizing,0.041,-1.8572750302023775,-1.7619063343943249,500,17.48
H2_2_Qubits,TwoLocal,1,SPSA,depolarizing,0.042,-1.8572750302023775,-1.7591504507868179,500,17.52
H2_2_Qubits,TwoLocal,1,SPSA,depolarizing,0.043000000000000003,-1.8572750302023775,-1.7511128112374519,500,17.64
H2_2_Qubits,TwoLocal,1,SPSA,depolarizing,0.044,-1.8572750302023775,-1.7450677487390374,500,17.64
H2_2_Qubits,TwoLocal,1,SPSA,depolarizing,0.045,-1.8572750302023775,-1.7491576498932249,500,17.68
H2_2_Qubits,TwoLocal,1,SPSA,depolarizing,0.046,-1.8572750302023775,-1.7482941530917508,500,17.7
H2_2_Qubits,TwoLocal,1,SPSA,depolarizing,0.047,-1.8572750302023775,-1.7397035956537314,500,17.82
H2_2_Qubits,TwoLocal,1,SPSA,depolarizing,0.048,-1.8572750302023775,-1.7440434860626453,500,17.77
H2_2_Qubits,TwoLocal,1,SPSA,depolarizing,0.049,-1.8572750302023775,-1.7412229228050249,500,17.32
H2_2_Qubits,TwoLocal,1,SPSA,depolarizing,0.05,-1.8572750302023775,-1.7351046809833344,500,17.54
H2_2_Qubits,TwoLocal,1,SPSA,depolarizing,0.051000000000000004,-1.8572750302023775,-1.728769487529641,500,17.54
H2_2_Qubits,TwoLocal,1,SPSA,depolarizing,0.052000000000000005,-1.8572750302023775,-1.724505515848969,500,18.34
H2_2_Qubits,TwoLocal,1,SPSA,depolarizing,0.053,-1.8572750302023775,-1.721037189932953,500,17.59
H2_2_Qubits,TwoLocal,1,SPSA,depolarizing,0.054,-1.8572750302023775,-1.7210784177143859,500,17.8
H2_2_Qubits,TwoLocal,1,SPSA,depolarizing,0.055,-1.8572750302023775,-1.7145687280737176,500,17.81
H2_2_Qubits,TwoLocal,1,SPSA,depolarizing,0.056,-1.8572750302023775,-1.7219555477973096,500,18.1
H2_2_Qubits,TwoLocal,1,SPSA,depolarizing,0.057,-1.8572750302023775,-1.7229988958186497,500,18.31
H2_2_Qubits,TwoLocal,1,SPSA,depolarizing,0.058,-1.8572750302023775,-1.7213793943772442,500,18.02
H2_2_Qubits,TwoLocal,1,SPSA,depolarizing,0.059000000000000004,-1.8572750302023775,-1.7137613098240503,500,17.98
H2_2_Qubits,TwoLocal,1,SPSA,depolarizing,0.06,-1.8572750302023775,-1.7182610740882165,500,18.03
H2_2_Qubits,TwoLocal,1,SPSA,depolarizing,0.061,-1.8572750302023775,-1.7069013233037875,500,18.15
H2_2_Qubits,TwoLocal,1,SPSA,depolarizing,0.062,-1.8572750302023775,-1.6996424919440265,500,18.15
H2_2_Qubits,TwoLocal,1,SPSA,depolarizing,0.063,-1.8572750302023775,-1.7096716617674521,500,18.24
H2_2_Qubits,TwoLocal,1,SPSA,depolarizing,0.064,-1.8572750302023775,-1.7091863030460535,500,18.37
H2_2_Qubits,TwoLocal,1,SPSA,depolarizing,0.065,-1.8572750302023775,-1.7040131495493833,500,18.29
H2_2_Qubits,TwoLocal,1,SPSA,depolarizing,0.066,-1.8572750302023775,-1.7031037214890592,500,18.38
H2_2_Qubits,TwoLocal,1,SPSA,depolarizing,0.067,-1.8572750302023775,-1.701241429974652,500,18.1
H2_2_Qubits,TwoLocal,1,SPSA,depolarizing,0.068,-1.8572750302023775,-1.6996160368570061,500,17.61
H2_2_Qubits,TwoLocal,1,SPSA,depolarizing,0.069,-1.8572750302023775,-1.6954260641476055,500,17.68
H2_2_Qubits,TwoLocal,1,SPSA,depolarizing,0.07,-1.8572750302023775,-1.6960748602475975,500,17.69
H2_2_Qubits,TwoLocal,1,SPSA,depolarizing,0.07100000000000001,-1.8572750302023775,-1.69314272439413,500,17.7
H2_2_Qubits,TwoLocal,1,SPSA,depolarizing,0.07200000000000001,-1.8572750302023775,-1.6922433902946796,500,17.8
H2_2_Qubits,TwoLocal,1,SPSA,depolarizing,0.073,-1.8572750302023775,-1.6911598498602147,500,17.99
H2_2_Qubits,TwoLocal,1,SPSA,depolarizing,0.074,-1.8572750302023775,-1.690816178758676,500,17.88
H2_2_Qubits,TwoLocal,1,SPSA,depolarizing,0.075,-1.8572750302023775,-1.686620424121981,500,17.89
H2_2_Qubits,TwoLocal,1,SPSA,depolarizing,0.076,-1.8572750302023775,-1.685926807046785,500,17.47
H2_2_Qubits,TwoLocal,1,SPSA,depolarizing,0.077,-1.8572750302023775,-1.6847561742394146,500,17.43
H2_2_Qubits,TwoLocal,1,SPSA,depolarizing,0.078,-1.8572750302023775,-1.6819188107840193,500,17.49
H2_2_Qubits,TwoLocal,1,SPSA,depolarizing,0.079,-1.8572750302023775,-1.6761776685134726,500,17.53
H2_2_Qubits,TwoLocal,1,SPSA,depolarizing,0.08,-1.8572750302023775,-1.6769702698290891,500,17.56
H2_2_Qubits,TwoLocal,1,SPSA,depolarizing,0.081,-1.8572750302023775,-1.6567286443792502,500,17.75
H2_2_Qubits,TwoLocal,1,SPSA,depolarizing,0.082,-1.8572750302023775,-1.6614787887250242,500,17.71
H2_2_Qubits,TwoLocal,1,SPSA,depolarizing,0.083,-1.8572750302023775,-1.66894436993368,500,17.86
H2_2_Qubits,TwoLocal,1,SPSA,depolarizing,0.084,-1.8572750302023775,-1.671689718657816,500,17.81
H2_2_Qubits,TwoLocal,1,SPSA,depolarizing,0.085,-1.8572750302023775,-1.663230604591935,500,17.82
H2_2_Qubits,TwoLocal,1,SPSA,depolarizing,0.08600000000000001,-1.8572750302023775,-1.6620120923322264,500,17.43
H2_2_Qubits,TwoLocal,1,SPSA,depolarizing,0.08700000000000001,-1.8572750302023775,-1.6629336500198053,500,17.68
H2_2_Qubits,TwoLocal,1,SPSA,depolarizing,0.088,-1.8572750302023775,-1.6630928401054854,500,17.49
H2_2_Qubits,TwoLocal,1,SPSA,depolarizing,0.089,-1.8572750302023775,-1.6559482496087798,500,17.61
H2_2_Qubits,TwoLocal,1,SPSA,depolarizing,0.09,-1.8572750302023775,-1.6586447540330704,500,17.61
H2_2_Qubits,TwoLocal,1,SPSA,depolarizing,0.091,-1.8572750302023775,-1.6533110876832289,500,17.77
H2_2_Qubits,TwoLocal,1,SPSA,depolarizing,0.092,-1.8572750302023775,-1.6533115279887696,500,17.82
H2_2_Qubits,TwoLocal,1,SPSA,depolarizing,0.093,-1.8572750302023775,-1.6491651753374112,500,17.74
H2_2_Qubits,TwoLocal,1,SPSA,depolarizing,0.094,-1.8572750302023775,-1.6487277627357295,500,18.0
H2_2_Qubits,TwoLocal,1,SPSA,depolarizing,0.095,-1.8572750302023775,-1.6473851326063162,500,17.76
H2_2_Qubits,TwoLocal,1,SPSA,depolarizing,0.096,-1.8572750302023775,-1.6419975809085694,500,17.56
H2_2_Qubits,TwoLocal,1,SPSA,depolarizing,0.097,-1.8572750302023775,-1.621817638211752,500,17.62
H2_2_Qubits,TwoLocal,1,SPSA,depolarizing,0.098,-1.8572750302023775,-1.6224252585526382,500,17.66
H2_2_Qubits,TwoLocal,1,SPSA,depolarizing,0.099,-1.8572750302023775,-1.6199844650400814,500,17.72
H2_2_Qubits,TwoLocal,1,SPSA,depolarizing,0.1,-1.8572750302023775,-1.6379387102230853,500,17.76
H2_2_Qubits,TwoLocal,1,SPSA,bitflip,0.001,-1.8572750302023775,-1.8545185203568784,500,18.07
H2_2_Qubits,TwoLocal,1,SPSA,bitflip,0.002,-1.8572750302023775,-1.8518639529961138,500,17.95
H2_2_Qubits,TwoLocal,1,SPSA,bitflip,0.003,-1.8572750302023775,-1.8480203285962198,500,17.99
H2_2_Qubits,TwoLocal,1,SPSA,bitflip,0.004,-1.8572750302023775,-1.8438170455309606,500,18.08
H2_2_Qubits,TwoLocal,1,SPSA,bitflip,0.005,-1.8572750302023775,-1.8390240931441364,500,18.07
H2_2_Qubits,TwoLocal,1,SPSA,bitflip,0.006,-1.8572750302023775,-1.8331274111671867,500,17.36
H2_2_Qubits,TwoLocal,1,SPSA,bitflip,0.007,-1.8572750302023775,-1.8320379847607733,500,17.43
H2_2_Qubits,TwoLocal,1,SPSA,bitflip,0.008,-1.8572750302023775,-1.8288086818513305,500,17.48
H2_2_Qubits,TwoLocal,1,SPSA,bitflip,0.009000000000000001,-1.8572750302023775,-1.823593191599337,500,17.56
H2_2_Qubits,TwoLocal,1,SPSA,bitflip,0.01,-1.8572750302023775,-1.8215226886661235,500,18.17
H2_2_Qubits,TwoLocal,1,SPSA,bitflip,0.011,-1.8572750302023775,-1.8175773571926057,500,17.57
H2_2_Qubits,TwoLocal,1,SPSA,bitflip,0.012,-1.8572750302023775,-1.8156189832309741,500,17.57
H2_2_Qubits,TwoLocal,1,SPSA,bitflip,0.013000000000000001,-1.8572750302023775,-1.811936176111369,500,17.6
H2_2_Qubits,TwoLocal,1,SPSA,bitflip,0.014,-1.8572750302023775,-1.8069428046235194,500,17.69
H2_2_Qubits,TwoLocal,1,SPSA,bitflip,0.015,-1.8572750302023775,-1.8018110203302131,500,17.65
H2_2_Qubits,TwoLocal,1,SPSA,bitflip,0.016,-1.8572750302023775,-1.7988799159916309,500,17.65
H2_2_Qubits,TwoLocal,1,SPSA,bitflip,0.017,-1.8572750302023775,-1.7982362515732147,500,17.58
H2_2_Qubits,TwoLocal,1,SPSA,bitflip,0.018000000000000002,-1.8572750302023775,-1.7915807304474716,500,17.6
H2_2_Qubits,TwoLocal,1,SPSA,bitflip,0.019,-1.8572750302023775,-1.7906976668406516,500,17.61
H2_2_Qubits,TwoLocal,1,SPSA,bitflip,0.02,-1.8572750302023775,-1.7843442039882678,500,17.78
H2_2_Qubits,TwoLocal,1,SPSA,bitflip,0.021,-1.8572750302023775,-1.7823654848039943,500,17.63
H2_2_Qubits,TwoLocal,1,SPSA,bitflip,0.022,-1.8572750302023775,-1.7731428642552667,500,17.7
H2_2_Qubits,TwoLocal,1,SPSA,bitflip,0.023,-1.8572750302023775,-1.767033340987675,500,17.71
H2_2_Qubits,TwoLocal,1,SPSA,bitflip,0.024,-1.8572750302023775,-1.7721697722656926,500,17.86
H2_2_Qubits,TwoLocal,1,SPSA,bitflip,0.025,-1.8572750302023775,-1.7613044172878147,500,17.78
H2_2_Qubits,TwoLocal,1,SPSA,bitflip,0.026000000000000002,-1.8572750302023775,-1.7639364716587136,500,17.81
H2_2_Qubits,TwoLocal,1,SPSA,bitflip,0.027,-1.8572750302023775,-1.7521041085778484,500,17.85
H2_2_Qubits,TwoLocal,1,SPSA,bitflip,0.028,-1.8572750302023775,-1.7530851870313602,500,17.57
H2_2_Qubits,TwoLocal,1,SPSA,bitflip,0.029,-1.8572750302023775,-1.7538010106667503,500,17.55
H2_2_Qubits,TwoLocal,1,SPSA,bitflip,0.03,-1.8572750302023775,-1.7383527024528254,500,17.46
H2_2_Qubits,TwoLocal,1,SPSA,bitflip,0.031,-1.8572750302023775,-1.7403682936105844,500,17.61
H2_2_Qubits,TwoLocal,1,SPSA,bitflip,0.032,-1.8572750302023775,-1.7417281737251853,500,17.6
H2_2_Qubits,TwoLocal,1,SPSA,bitflip,0.033,-1.8572750302023775,-1.7323612055373487,500,17.7
H2_2_Qubits,TwoLocal,1,SPSA,bitflip,0.034,-1.8572750302023775,-1.7245629582381823,500,17.64
H2_2_Qubits,TwoLocal,1,SPSA,bitflip,0.035,-1.8572750302023775,-1.726759122540397,500,17.69
H2_2_Qubits,TwoLocal,1,SPSA,bitflip,0.036000000000000004,-1.8572750302023775,-1.7220475186692596,500,17.72
H2_2_Qubits,TwoLocal,1,SPSA,bitflip,0.037,-1.8572750302023775,-1.7172013274026687,500,17.72
H2_2_Qubits,TwoLocal,1,SPSA,bitflip,0.038,-1.8572750302023775,-1.7179338471911798,500,17.82
H2_2_Qubits,TwoLocal,1,SPSA,bitflip,0.039,-1.8572750302023775,-1.7163420030637122,500,17.73
H2_2_Qubits,TwoLocal,1,SPSA,bitflip,0.04,-1.8572750302023775,-1.7105721091503876,500,17.59
H2_2_Qubits,TwoLocal,1,SPSA,bitflip,0.041,-1.8572750302023775,-1.7108946312602515,500,17.48
H2_2_Qubits,TwoLocal,1,SPSA,bitflip,0.042,-1.8572750302023775,-1.7000877794007314,500,17.56
H2_2_Qubits,TwoLocal,1,SPSA,bitflip,0.043000000000000003,-1.8572750302023775,-1.7051141764948632,500,17.55
H2_2_Qubits,TwoLocal,1,SPSA,bitflip,0.044,-1.8572750302023775,-1.7012836905048825,500,17.61
H2_2_Qubits,TwoLocal,1,SPSA,bitflip,0.045,-1.8572750302023775,-1.6960313288963598,500,17.69
H2_2_Qubits,TwoLocal,1,SPSA,bitflip,0.046,-1.8572750302023775,-1.6932293097941167,500,17.66
H2_2_Qubits,TwoLocal,1,SPSA,bitflip,0.047,-1.8572750302023775,-1.6854843483097082,500,17.73
H2_2_Qubits,TwoLocal,1,SPSA,bitflip,0.048,-1.8572750302023775,-1.676833188571098,500,17.69
H2_2_Qubits,TwoLocal,1,SPSA,bitflip,0.049,-1.8572750302023775,-1.6804093345857405,500,17.66
H2_2_Qubits,TwoLocal,1,SPSA,bitflip,0.05,-1.8572750302023775,-1.6735612463300837,500,17.68
H2_2_Qubits,TwoLocal,1,SPSA,bitflip,0.051000000000000004,-1.8572750302023775,-1.6656116717079763,500,18.08
H2_2_Qubits,TwoLocal,1,SPSA,bitflip,0.052000000000000005,-1.8572750302023775,-1.6690457165436519,500,17.7
H2_2_Qubits,TwoLocal,1,SPSA,bitflip,0.053,-1.8572750302023775,-1.666404037655836,500,17.79
H2_2_Qubits,TwoLocal,1,SPSA,bitflip,0.054,-1.8572750302023775,-1.665397717058007,500,17.76
H2_2_Qubits,TwoLocal,1,SPSA,bitflip,0.055,-1.8572750302023775,-1.653257277782676,500,17.88
H2_2_Qubits,TwoLocal,1,SPSA,bitflip,0.056,-1.8572750302023775,-1.6553800489680142,500,17.86
H2_2_Qubits,TwoLocal,1,SPSA,bitflip,0.057,-1.8572750302023775,-1.6518143737130326,500,17.9
H2_2_Qubits,TwoLocal,1,SPSA,bitflip,0.058,-1.8572750302023775,-1.6435276121847266,500,18.07
H2_2_Qubits,TwoLocal,1,SPSA,bitflip,0.059000000000000004,-1.8572750302023775,-1.6472275024309107,500,17.95
H2_2_Qubits,TwoLocal,1,SPSA,bitflip,0.06,-1.8572750302023775,-1.6446624920913304,500,17.93
H2_2_Qubits,TwoLocal,1,SPSA,bitflip,0.061,-1.8572750302023775,-1.6426307719478142,500,18.11
H2_2_Qubits,TwoLocal,1,SPSA,bitflip,0.062,-1.8572750302023775,-1.6376899573360864,500,17.88
H2_2_Qubits,TwoLocal,1,SPSA,bitflip,0.063,-1.8572750302023775,-1.63520025601693,500,17.91
H2_2_Qubits,TwoLocal,1,SPSA,bitflip,0.064,-1.8572750302023775,-1.631489478832467,500,17.92
H2_2_Qubits,TwoLocal,1,SPSA,bitflip,0.065,-1.8572750302023775,-1.6130974747639089,500,18.17
H2_2_Qubits,TwoLocal,1,SPSA,bitflip,0.066,-1.8572750302023775,-1.6252969639756172,500,18.1
H2_2_Qubits,TwoLocal,1,SPSA,bitflip,0.067,-1.8572750302023775,-1.621472030240367,500,18.09
H2_2_Qubits,TwoLocal,1,SPSA,bitflip,0.068,-1.8572750302023775,-1.6152842422859597,500,18.24
H2_2_Qubits,TwoLocal,1,SPSA,bitflip,0.069,-1.8572750302023775,-1.616063503423602,500,18.18
H2_2_Qubits,TwoLocal,1,SPSA,bitflip,0.07,-1.8572750302023775,-1.6125476761637902,500,18.26
H2_2_Qubits,TwoLocal,1,SPSA,bitflip,0.07100000000000001,-1.8572750302023775,-1.610491580458943,500,17.8
H2_2_Qubits,TwoLocal,1,SPSA,bitflip,0.07200000000000001,-1.8572750302023775,-1.6075617810821776,500,17.67
H2_2_Qubits,TwoLocal,1,SPSA,bitflip,0.073,-1.8572750302023775,-1.6025174241129074,500,17.88
H2_2_Qubits,TwoLocal,1,SPSA,bitflip,0.074,-1.8572750302023775,-1.5998168284626857,500,17.76
H2_2_Qubits,TwoLocal,1,SPSA,bitflip,0.075,-1.8572750302023775,-1.595016229650391,500,17.99
H2_2_Qubits,TwoLocal,1,SPSA,bitflip,0.076,-1.8572750302023775,-1.5934828474105807,500,17.87
H2_2_Qubits,TwoLocal,1,SPSA,bitflip,0.077,-1.8572750302023775,-1.5782962908375642,500,17.86
H2_2_Qubits,TwoLocal,1,SPSA,bitflip,0.078,-1.8572750302023775,-1.5837194082372243,500,18.03
H2_2_Qubits,TwoLocal,1,SPSA,bitflip,0.079,-1.8572750302023775,-1.570289912046422,500,17.89
H2_2_Qubits,TwoLocal,1,SPSA,bitflip,0.08,-1.8572750302023775,-1.5819864919020072,500,17.9
H2_2_Qubits,TwoLocal,1,SPSA,bitflip,0.081,-1.8572750302023775,-1.5744468083702245,500,17.86
H2_2_Qubits,TwoLocal,1,SPSA,bitflip,0.082,-1.8572750302023775,-1.5681382807123714,500,17.94
H2_2_Qubits,TwoLocal,1,SPSA,bitflip,0.083,-1.8572750302023775,-1.5712233343230677,500,17.77
H2_2_Qubits,TwoLocal,1,SPSA,bitflip,0.084,-1.8572750302023775,-1.5653548444525367,500,17.6
H2_2_Qubits,TwoLocal,1,SPSA,bitflip,0.085,-1.8572750302023775,-1.5616854162070366,500,17.71
H2_2_Qubits,TwoLocal,1,SPSA,bitflip,0.08600000000000001,-1.8572750302023775,-1.5602525737233846,500,17.54
H2_2_Qubits,TwoLocal,1,SPSA,bitflip,0.08700000000000001,-1.8572750302023775,-1.5579079305593428,500,17.63
H2_2_Qubits,TwoLocal,1,SPSA,bitflip,0.088,-1.8572750302023775,-1.5520133757358734,500,17.63
H2_2_Qubits,TwoLocal,1,SPSA,bitflip,0.089,-1.8572750302023775,-1.551804246945665,500,17.71
H2_2_Qubits,TwoLocal,1,SPSA,bitflip,0.09,-1.8572750302023775,-1.5473258930187224,500,17.7
H2_2_Qubits,TwoLocal,1,SPSA,bitflip,0.091,-1.8572750302023775,-1.5459853386374185,500,17.9
H2_2_Qubits,TwoLocal,1,SPSA,bitflip,0.092,-1.8572750302023775,-1.5381187245485413,500,17.85
H2_2_Qubits,TwoLocal,1,SPSA,bitflip,0.093,-1.8572750302023775,-1.5327565888677692,500,17.85
H2_2_Qubits,TwoLocal,1,SPSA,bitflip,0.094,-1.8572750302023775,-1.5180085957179812,500,17.86
H2_2_Qubits,TwoLocal,1,SPSA,bitflip,0.095,-1.8572750302023775,-1.5353743419816674,500,17.81
H2_2_Qubits,TwoLocal,1,SPSA,bitflip,0.096,-1.8572750302023775,-1.5260679742435526,500,17.65
H2_2_Qubits,TwoLocal,1,SPSA,bitflip,0.097,-1.8572750302023775,-1.5272553438177865,500,17.75
H2_2_Qubits,TwoLocal,1,SPSA,bitflip,0.098,-1.8572750302023775,-1.518758642099236,500,17.86
H2_2_Qubits,TwoLocal,1,SPSA,bitflip,0.099,-1.8572750302023775,-1.5232439148227677,500,18.02
H2_2_Qubits,TwoLocal,1,SPSA,bitflip,0.1,-1.8572750302023775,-1.5205204757019275,500,18.01
H2_2_Qubits,EfficientSU2,1,COBYLA,noiseless,0.0,-1.8572750302023775,-1.8549686622797459,84,3.39
H2_2_Qubits,EfficientSU2,1,COBYLA,depolarizing,0.001,-1.8572750302023775,-1.8508093374601273,88,3.15
H2_2_Qubits,EfficientSU2,1,COBYLA,depolarizing,0.002,-1.8572750302023775,-1.8334202548659402,90,3.2
H2_2_Qubits,EfficientSU2,1,COBYLA,depolarizing,0.003,-1.8572750302023775,-1.845187982603074,77,2.75
H2_2_Qubits,EfficientSU2,1,COBYLA,depolarizing,0.004,-1.8572750302023775,-1.831729615547774,90,3.2
H2_2_Qubits,EfficientSU2,1,COBYLA,depolarizing,0.005,-1.8572750302023775,-1.8350234007247068,94,3.35
H2_2_Qubits,EfficientSU2,1,COBYLA,depolarizing,0.006,-1.8572750302023775,-1.8305504183265753,77,2.76
H2_2_Qubits,EfficientSU2,1,COBYLA,depolarizing,0.007,-1.8572750302023775,-1.8272472090060887,114,4.13
H2_2_Qubits,EfficientSU2,1,COBYLA,depolarizing,0.008,-1.8572750302023775,-1.8138410428336376,76,2.73
H2_2_Qubits,EfficientSU2,1,COBYLA,depolarizing,0.009000000000000001,-1.8572750302023775,-1.8128646336408913,99,3.54
H2_2_Qubits,EfficientSU2,1,COBYLA,depolarizing,0.01,-1.8572750302023775,-1.8062935994347995,101,3.56
H2_2_Qubits,EfficientSU2,1,COBYLA,depolarizing,0.011,-1.8572750302023775,-1.7989443730681691,75,2.68
H2_2_Qubits,EfficientSU2,1,COBYLA,depolarizing,0.012,-1.8572750302023775,-1.795919388883195,73,2.61
H2_2_Qubits,EfficientSU2,1,COBYLA,depolarizing,0.013000000000000001,-1.8572750302023775,-1.8032346430669821,92,3.26
H2_2_Qubits,EfficientSU2,1,COBYLA,depolarizing,0.014,-1.8572750302023775,-1.7976391312820907,75,2.68
H2_2_Qubits,EfficientSU2,1,COBYLA,depolarizing,0.015,-1.8572750302023775,-1.7925880483435337,78,2.78
H2_2_Qubits,EfficientSU2,1,COBYLA,depolarizing,0.016,-1.8572750302023775,-1.7776285741328142,73,2.61
H2_2_Qubits,EfficientSU2,1,COBYLA,depolarizing,0.017,-1.8572750302023775,-1.7833321192688187,83,3.01
H2_2_Qubits,EfficientSU2,1,COBYLA,depolarizing,0.018000000000000002,-1.8572750302023775,-1.7687387110767552,87,3.04
H2_2_Qubits,EfficientSU2,1,COBYLA,depolarizing,0.019,-1.8572750302023775,-1.7742915296568784,101,3.47
H2_2_Qubits,EfficientSU2,1,COBYLA,depolarizing,0.02,-1.8572750302023775,-1.764659304268038,75,2.6
H2_2_Qubits,EfficientSU2,1,COBYLA,depolarizing,0.021,-1.8572750302023775,-1.764205846375911,76,2.61
H2_2_Qubits,EfficientSU2,1,COBYLA,depolarizing,0.022,-1.8572750302023775,-1.7700625871106133,83,2.9
H2_2_Qubits,EfficientSU2,1,COBYLA,depolarizing,0.023,-1.8572750302023775,-1.7554491559286993,92,3.19
H2_2_Qubits,EfficientSU2,1,COBYLA,depolarizing,0.024,-1.8572750302023775,-1.758396954569533,102,3.53
H2_2_Qubits,EfficientSU2,1,COBYLA,depolarizing,0.025,-1.8572750302023775,-1.7324639442107999,82,2.85
H2_2_Qubits,EfficientSU2,1,COBYLA,depolarizing,0.026000000000000002,-1.8572750302023775,-1.748147307897466,72,2.51
H2_2_Qubits,EfficientSU2,1,COBYLA,depolarizing,0.027,-1.8572750302023775,-1.7452002230091046,87,3.01
H2_2_Qubits,EfficientSU2,1,COBYLA,depolarizing,0.028,-1.8572750302023775,-1.7392142675567306,107,3.83
H2_2_Qubits,EfficientSU2,1,COBYLA,depolarizing,0.029,-1.8572750302023775,-1.7352985499144409,89,3.08
H2_2_Qubits,EfficientSU2,1,COBYLA,depolarizing,0.03,-1.8572750302023775,-1.7185353182878573,78,2.69
H2_2_Qubits,EfficientSU2,1,COBYLA,depolarizing,0.031,-1.8572750302023775,-1.727548263304199,71,2.47
H2_2_Qubits,EfficientSU2,1,COBYLA,depolarizing,0.032,-1.8572750302023775,-1.7209274672660746,88,3.07
H2_2_Qubits,EfficientSU2,1,COBYLA,depolarizing,0.033,-1.8572750302023775,-1.7067725305539678,87,3.02
H2_2_Qubits,EfficientSU2,1,COBYLA,depolarizing,0.034,-1.8572750302023775,-1.7202787917824995,62,2.17
H2_2_Qubits,EfficientSU2,1,COBYLA,depolarizing,0.035,-1.8572750302023775,-1.7070542860692968,96,3.32
H2_2_Qubits,EfficientSU2,1,COBYLA,depolarizing,0.036000000000000004,-1.8572750302023775,-1.7034756976065866,62,2.17
H2_2_Qubits,EfficientSU2,1,COBYLA,depolarizing,0.037,-1.8572750302023775,-1.6854602963758665,77,2.7
H2_2_Qubits,EfficientSU2,1,COBYLA,depolarizing,0.038,-1.8572750302023775,-1.6969585315596813,108,3.73
H2_2_Qubits,EfficientSU2,1,COBYLA,depolarizing,0.039,-1.8572750302023775,-1.6996157133144585,68,2.38
H2_2_Qubits,EfficientSU2,1,COBYLA,depolarizing,0.04,-1.8572750302023775,-1.7006982241607502,81,2.82
H2_2_Qubits,EfficientSU2,1,COBYLA,depolarizing,0.041,-1.8572750302023775,-1.6836955812443795,79,2.75
H2_2_Qubits,EfficientSU2,1,COBYLA,depolarizing,0.042,-1.8572750302023775,-1.6916303332281444,69,2.41
H2_2_Qubits,EfficientSU2,1,COBYLA,depolarizing,0.043000000000000003,-1.8572750302023775,-1.6733326757454823,84,2.93
H2_2_Qubits,EfficientSU2,1,COBYLA,depolarizing,0.044,-1.8572750302023775,-1.6698273890733337,96,3.4
H2_2_Qubits,EfficientSU2,1,COBYLA,depolarizing,0.045,-1.8572750302023775,-1.678804576633588,73,2.56
H2_2_Qubits,EfficientSU2,1,COBYLA,depolarizing,0.046,-1.8572750302023775,-1.6611886178488007,77,2.79
H2_2_Qubits,EfficientSU2,1,COBYLA,depolarizing,0.047,-1.8572750302023775,-1.6780202264397668,74,2.6
H2_2_Qubits,EfficientSU2,1,COBYLA,depolarizing,0.048,-1.8572750302023775,-1.6615375766988971,84,2.98
H2_2_Qubits,EfficientSU2,1,COBYLA,depolarizing,0.049,-1.8572750302023775,-1.6713745162702516,87,3.08
H2_2_Qubits,EfficientSU2,1,COBYLA,depolarizing,0.05,-1.8572750302023775,-1.644418845610013,70,2.46
H2_2_Qubits,EfficientSU2,1,COBYLA,depolarizing,0.051000000000000004,-1.8572750302023775,-1.6651276238134713,95,3.34
H2_2_Qubits,EfficientSU2,1,COBYLA,depolarizing,0.052000000000000005,-1.8572750302023775,-1.6634061431612652,81,2.87
H2_2_Qubits,EfficientSU2,1,COBYLA,depolarizing,0.053,-1.8572750302023775,-1.659014444462311,73,2.58
H2_2_Qubits,EfficientSU2,1,COBYLA,depolarizing,0.054,-1.8572750302023775,-1.6451456285553525,87,3.08
H2_2_Qubits,EfficientSU2,1,COBYLA,depolarizing,0.055,-1.8572750302023775,-1.6318875942013138,77,2.7
H2_2_Qubits,EfficientSU2,1,COBYLA,depolarizing,0.056,-1.8572750302023775,-1.6275589999801916,76,2.69
H2_2_Qubits,EfficientSU2,1,COBYLA,depolarizing,0.057,-1.8572750302023775,-1.6251581787659102,54,1.93
H2_2_Qubits,EfficientSU2,1,COBYLA,depolarizing,0.058,-1.8572750302023775,-1.6389069763528983,74,2.62
H2_2_Qubits,EfficientSU2,1,COBYLA,depolarizing,0.059000000000000004,-1.8572750302023775,-1.6300878628903863,99,3.48
H2_2_Qubits,EfficientSU2,1,COBYLA,depolarizing,0.06,-1.8572750302023775,-1.6076625854294504,94,3.33
H2_2_Qubits,EfficientSU2,1,COBYLA,depolarizing,0.061,-1.8572750302023775,-1.611066978971679,73,2.59
H2_2_Qubits,EfficientSU2,1,COBYLA,depolarizing,0.062,-1.8572750302023775,-1.6170558158679063,88,3.12
H2_2_Qubits,EfficientSU2,1,COBYLA,depolarizing,0.063,-1.8572750302023775,-1.627818688667173,78,2.76
H2_2_Qubits,EfficientSU2,1,COBYLA,depolarizing,0.064,-1.8572750302023775,-1.6154719208180004,89,3.24
H2_2_Qubits,EfficientSU2,1,COBYLA,depolarizing,0.065,-1.8572750302023775,-1.6226222881546644,74,2.59
H2_2_Qubits,EfficientSU2,1,COBYLA,depolarizing,0.066,-1.8572750302023775,-1.6110272630074591,74,2.57
H2_2_Qubits,EfficientSU2,1,COBYLA,depolarizing,0.067,-1.8572750302023775,-1.613761884096765,99,3.46
H2_2_Qubits,EfficientSU2,1,COBYLA,depolarizing,0.068,-1.8572750302023775,-1.5825923746065393,66,2.31
H2_2_Qubits,EfficientSU2,1,COBYLA,depolarizing,0.069,-1.8572750302023775,-1.611674807477717,70,2.47
H2_2_Qubits,EfficientSU2,1,COBYLA,depolarizing,0.07,-1.8572750302023775,-1.5961772259911464,100,3.6
H2_2_Qubits,EfficientSU2,1,COBYLA,depolarizing,0.07100000000000001,-1.8572750302023775,-1.5926529587115024,88,3.09
H2_2_Qubits,EfficientSU2,1,COBYLA,depolarizing,0.07200000000000001,-1.8572750302023775,-1.6012730011163738,75,2.63
H2_2_Qubits,EfficientSU2,1,COBYLA,depolarizing,0.073,-1.8572750302023775,-1.57137331799716,81,2.82
H2_2_Qubits,EfficientSU2,1,COBYLA,depolarizing,0.074,-1.8572750302023775,-1.5593898763055059,83,2.88
H2_2_Qubits,EfficientSU2,1,COBYLA,depolarizing,0.075,-1.8572750302023775,-1.5545699771207493,84,2.92
H2_2_Qubits,EfficientSU2,1,COBYLA,depolarizing,0.076,-1.8572750302023775,-1.581658191101316,132,4.61
H2_2_Qubits,EfficientSU2,1,COBYLA,depolarizing,0.077,-1.8572750302023775,-1.58567082486692,92,3.26
H2_2_Qubits,EfficientSU2,1,COBYLA,depolarizing,0.078,-1.8572750302023775,-1.5831812250487505,86,3.05
H2_2_Qubits,EfficientSU2,1,COBYLA,depolarizing,0.079,-1.8572750302023775,-1.5806316344128344,81,2.81
H2_2_Qubits,EfficientSU2,1,COBYLA,depolarizing,0.08,-1.8572750302023775,-1.5726779355820553,104,3.63
H2_2_Qubits,EfficientSU2,1,COBYLA,depolarizing,0.081,-1.8572750302023775,-1.5754839400147072,81,2.85
H2_2_Qubits,EfficientSU2,1,COBYLA,depolarizing,0.082,-1.8572750302023775,-1.5700115975871487,98,3.41
H2_2_Qubits,EfficientSU2,1,COBYLA,depolarizing,0.083,-1.8572750302023775,-1.5258903701007842,84,2.94
H2_2_Qubits,EfficientSU2,1,COBYLA,depolarizing,0.084,-1.8572750302023775,-1.5353215078810338,84,2.93
H2_2_Qubits,EfficientSU2,1,COBYLA,depolarizing,0.085,-1.8572750302023775,-1.5623396118070862,75,2.63
H2_2_Qubits,EfficientSU2,1,COBYLA,depolarizing,0.08600000000000001,-1.8572750302023775,-1.555324487815886,88,3.07
H2_2_Qubits,EfficientSU2,1,COBYLA,depolarizing,0.08700000000000001,-1.8572750302023775,-1.5567917833258231,100,3.49
H2_2_Qubits,EfficientSU2,1,COBYLA,depolarizing,0.088,-1.8572750302023775,-1.5445152677308367,90,3.17
H2_2_Qubits,EfficientSU2,1,COBYLA,depolarizing,0.089,-1.8572750302023775,-1.5095592805918865,89,3.15
H2_2_Qubits,EfficientSU2,1,COBYLA,depolarizing,0.09,-1.8572750302023775,-1.5008392712934127,86,3.08
H2_2_Qubits,EfficientSU2,1,COBYLA,depolarizing,0.091,-1.8572750302023775,-1.5403715339438706,131,4.59
H2_2_Qubits,EfficientSU2,1,COBYLA,depolarizing,0.092,-1.8572750302023775,-1.495215970169583,77,2.73
H2_2_Qubits,EfficientSU2,1,COBYLA,depolarizing,0.093,-1.8572750302023775,-1.4939252954564333,82,2.89
H2_2_Qubits,EfficientSU2,1,COBYLA,depolarizing,0.094,-1.8572750302023775,-1.5348309636807067,74,2.61
H2_2_Qubits,EfficientSU2,1,COBYLA,depolarizing,0.095,-1.8572750302023775,-1.5230721370744602,109,3.85
H2_2_Qubits,EfficientSU2,1,COBYLA,depolarizing,0.096,-1.8572750302023775,-1.5324236582710855,106,3.74
H2_2_Qubits,EfficientSU2,1,COBYLA,depolarizing,0.097,-1.8572750302023775,-1.5129584994468137,85,3.01
H2_2_Qubits,EfficientSU2,1,COBYLA,depolarizing,0.098,-1.8572750302023775,-1.4853959253587856,69,2.54
H2_2_Qubits,EfficientSU2,1,COBYLA,depolarizing,0.099,-1.8572750302023775,-1.4798268933198526,72,2.56
H2_2_Qubits,EfficientSU2,1,COBYLA,depolarizing,0.1,-1.8572750302023775,-1.5154055487919016,76,2.69
H2_2_Qubits,EfficientSU2,1,COBYLA,bitflip,0.001,-1.8572750302023775,-1.8422208590066838,93,3.26
H2_2_Qubits,EfficientSU2,1,COBYLA,bitflip,0.002,-1.8572750302023775,-1.8408479761239653,85,3.01
H2_2_Qubits,EfficientSU2,1,COBYLA,bitflip,0.003,-1.8572750302023775,-1.8308418249535696,82,2.89
H2_2_Qubits,EfficientSU2,1,COBYLA,bitflip,0.004,-1.8572750302023775,-1.8263494615633464,106,3.75
H2_2_Qubits,EfficientSU2,1,COBYLA,bitflip,0.005,-1.8572750302023775,-1.8214442336956735,99,3.55
H2_2_Qubits,EfficientSU2,1,COBYLA,bitflip,0.006,-1.8572750302023775,-1.8096926202992465,99,3.5
H2_2_Qubits,EfficientSU2,1,COBYLA,bitflip,0.007,-1.8572750302023775,-1.8064347966535024,75,2.74
H2_2_Qubits,EfficientSU2,1,COBYLA,bitflip,0.008,-1.8572750302023775,-1.7918766343892862,105,3.71
H2_2_Qubits,EfficientSU2,1,COBYLA,bitflip,0.009000000000000001,-1.8572750302023775,-1.7666204644937844,87,3.08
H2_2_Qubits,EfficientSU2,1,COBYLA,bitflip,0.01,-1.8572750302023775,-1.8226234600461895,85,3.0
H2_2_Qubits,EfficientSU2,1,COBYLA,bitflip,0.011,-1.8572750302023775,-1.7802885719738222,71,2.56
H2_2_Qubits,EfficientSU2,1,COBYLA,bitflip,0.012,-1.8572750302023775,-1.7527307177741893,80,2.83
H2_2_Qubits,EfficientSU2,1,COBYLA,bitflip,0.013000000000000001,-1.8572750302023775,-1.7349885279943122,97,3.61
H2_2_Qubits,EfficientSU2,1,COBYLA,bitflip,0.014,-1.8572750302023775,-1.7792212010630153,92,3.19
H2_2_Qubits,EfficientSU2,1,COBYLA,bitflip,0.015,-1.8572750302023775,-1.7694532513244852,100,3.47
H2_2_Qubits,EfficientSU2,1,COBYLA,bitflip,0.016,-1.8572750302023775,-1.760147516187199,95,3.3
H2_2_Qubits,EfficientSU2,1,COBYLA,bitflip,0.017,-1.8572750302023775,-1.7189409798060016,78,2.71
H2_2_Qubits,EfficientSU2,1,COBYLA,bitflip,0.018000000000000002,-1.8572750302023775,-1.7498170893916216,86,3.01
H2_2_Qubits,EfficientSU2,1,COBYLA,bitflip,0.019,-1.8572750302023775,-1.7958519584195316,88,3.06
H2_2_Qubits,EfficientSU2,1,COBYLA,bitflip,0.02,-1.8572750302023775,-1.680220797879457,89,3.11
H2_2_Qubits,EfficientSU2,1,COBYLA,bitflip,0.021,-1.8572750302023775,-1.683419530890138,86,3.06
H2_2_Qubits,EfficientSU2,1,COBYLA,bitflip,0.022,-1.8572750302023775,-1.7848716171531416,87,3.09
H2_2_Qubits,EfficientSU2,1,COBYLA,bitflip,0.023,-1.8572750302023775,-1.7267635698354442,91,3.16
H2_2_Qubits,EfficientSU2,1,COBYLA,bitflip,0.024,-1.8572750302023775,-1.718248213595614,86,3.0
H2_2_Qubits,EfficientSU2,1,COBYLA,bitflip,0.025,-1.8572750302023775,-1.7758834423784353,82,2.84
H2_2_Qubits,EfficientSU2,1,COBYLA,bitflip,0.026000000000000002,-1.8572750302023775,-1.6329443795161778,80,2.78
H2_2_Qubits,EfficientSU2,1,COBYLA,bitflip,0.027,-1.8572750302023775,-1.659875943430853,98,3.41
H2_2_Qubits,EfficientSU2,1,COBYLA,bitflip,0.028,-1.8572750302023775,-1.75980385895297,85,2.99
H2_2_Qubits,EfficientSU2,1,COBYLA,bitflip,0.029,-1.8572750302023775,-1.7183509940317792,130,4.51
H2_2_Qubits,EfficientSU2,1,COBYLA,bitflip,0.03,-1.8572750302023775,-1.6883995394586884,99,3.45
H2_2_Qubits,EfficientSU2,1,COBYLA,bitflip,0.031,-1.8572750302023775,-1.6074537452632387,92,3.21
H2_2_Qubits,EfficientSU2,1,COBYLA,bitflip,0.032,-1.8572750302023775,-1.744129853967293,150,5.2
H2_2_Qubits,EfficientSU2,1,COBYLA,bitflip,0.033,-1.8572750302023775,-1.7421432352599604,116,4.05
H2_2_Qubits,EfficientSU2,1,COBYLA,bitflip,0.034,-1.8572750302023775,-1.7353229711768507,89,3.13
H2_2_Qubits,EfficientSU2,1,COBYLA,bitflip,0.035,-1.8572750302023775,-1.7247169811917218,84,2.96
H2_2_Qubits,EfficientSU2,1,COBYLA,bitflip,0.036000000000000004,-1.8572750302023775,-1.6660257360294604,97,3.39
H2_2_Qubits,EfficientSU2,1,COBYLA,bitflip,0.037,-1.8572750302023775,-1.5685767178907337,85,2.98
H2_2_Qubits,EfficientSU2,1,COBYLA,bitflip,0.038,-1.8572750302023775,-1.6543367689996495,75,2.63
H2_2_Qubits,EfficientSU2,1,COBYLA,bitflip,0.039,-1.8572750302023775,-1.7314063742332348,92,3.23
H2_2_Qubits,EfficientSU2,1,COBYLA,bitflip,0.04,-1.8572750302023775,-1.7301603226564946,115,4.0
H2_2_Qubits,EfficientSU2,1,COBYLA,bitflip,0.041,-1.8572750302023775,-1.729247255084363,82,2.89
H2_2_Qubits,EfficientSU2,1,COBYLA,bitflip,0.042,-1.8572750302023775,-1.7287109178955915,74,2.61
H2_2_Qubits,EfficientSU2,1,COBYLA,bitflip,0.043000000000000003,-1.8572750302023775,-1.7230143162151128,122,4.27
H2_2_Qubits,EfficientSU2,1,COBYLA,bitflip,0.044,-1.8572750302023775,-1.6226761024406549,104,3.65
H2_2_Qubits,EfficientSU2,1,COBYLA,bitflip,0.045,-1.8572750302023775,-1.7175289971489143,115,4.12
H2_2_Qubits,EfficientSU2,1,COBYLA,bitflip,0.046,-1.8572750302023775,-1.7128464760941053,108,3.74
H2_2_Qubits,EfficientSU2,1,COBYLA,bitflip,0.047,-1.8572750302023775,-1.6188864655066082,76,2.66
H2_2_Qubits,EfficientSU2,1,COBYLA,bitflip,0.048,-1.8572750302023775,-1.7088584437848156,81,2.84
H2_2_Qubits,EfficientSU2,1,COBYLA,bitflip,0.049,-1.8572750302023775,-1.4879025213626562,74,2.61
H2_2_Qubits,EfficientSU2,1,COBYLA,bitflip,0.05,-1.8572750302023775,-1.4820048611270615,78,2.72
H2_2_Qubits,EfficientSU2,1,COBYLA,bitflip,0.051000000000000004,-1.8572750302023775,-1.5971298136063146,81,2.84
H2_2_Qubits,EfficientSU2,1,COBYLA,bitflip,0.052000000000000005,-1.8572750302023775,-1.6853359615428376,154,5.34
H2_2_Qubits,EfficientSU2,1,COBYLA,bitflip,0.053,-1.8572750302023775,-1.593204336337326,107,3.73
H2_2_Qubits,EfficientSU2,1,COBYLA,bitflip,0.054,-1.8572750302023775,-1.6866553694761346,109,3.81
H2_2_Qubits,EfficientSU2,1,COBYLA,bitflip,0.055,-1.8572750302023775,-1.448435907831884,68,2.39
H2_2_Qubits,EfficientSU2,1,COBYLA,bitflip,0.056,-1.8572750302023775,-1.5809691995034179,84,2.96
H2_2_Qubits,EfficientSU2,1,COBYLA,bitflip,0.057,-1.8572750302023775,-1.6838784878565984,125,4.38
H2_2_Qubits,EfficientSU2,1,COBYLA,bitflip,0.058,-1.8572750302023775,-1.679936703334659,123,4.3
H2_2_Qubits,EfficientSU2,1,COBYLA,bitflip,0.059000000000000004,-1.8572750302023775,-1.5731428837990316,82,2.91
H2_2_Qubits,EfficientSU2,1,COBYLA,bitflip,0.06,-1.8572750302023775,-1.5709286308331447,90,3.18
H2_2_Qubits,EfficientSU2,1,COBYLA,bitflip,0.061,-1.8572750302023775,-1.673933135050562,88,3.11
H2_2_Qubits,EfficientSU2,1,COBYLA,bitflip,0.062,-1.8572750302023775,-1.4190503998084136,80,2.83
H2_2_Qubits,EfficientSU2,1,COBYLA,bitflip,0.063,-1.8572750302023775,-1.6675397652575255,116,4.17
H2_2_Qubits,EfficientSU2,1,COBYLA,bitflip,0.064,-1.8572750302023775,-1.5544870522656125,113,3.99
H2_2_Qubits,EfficientSU2,1,COBYLA,bitflip,0.065,-1.8572750302023775,-1.6628528198765222,85,3.02
H2_2_Qubits,EfficientSU2,1,COBYLA,bitflip,0.066,-1.8572750302023775,-1.6574083453958783,76,2.72
H2_2_Qubits,EfficientSU2,1,COBYLA,bitflip,0.067,-1.8572750302023775,-1.5462143192401743,78,2.78
H2_2_Qubits,EfficientSU2,1,COBYLA,bitflip,0.068,-1.8572750302023775,-1.6520216723825016,157,5.79
H2_2_Qubits,EfficientSU2,1,COBYLA,bitflip,0.069,-1.8572750302023775,-1.6497570264542942,135,4.76
H2_2_Qubits,EfficientSU2,1,COBYLA,bitflip,0.07,-1.8572750302023775,-1.6453924928172527,128,4.51
H2_2_Qubits,EfficientSU2,1,COBYLA,bitflip,0.07100000000000001,-1.8572750302023775,-1.6440180659032229,78,2.78
H2_2_Qubits,EfficientSU2,1,COBYLA,bitflip,0.07200000000000001,-1.8572750302023775,-1.639954228468061,130,4.54
H2_2_Qubits,EfficientSU2,1,COBYLA,bitflip,0.073,-1.8572750302023775,-1.6376453026783775,143,5.06
H2_2_Qubits,EfficientSU2,1,COBYLA,bitflip,0.074,-1.8572750302023775,-1.6283856103148147,133,4.71
H2_2_Qubits,EfficientSU2,1,COBYLA,bitflip,0.075,-1.8572750302023775,-1.629918841574979,110,3.91
H2_2_Qubits,EfficientSU2,1,COBYLA,bitflip,0.076,-1.8572750302023775,-1.6300671783220761,87,3.07
H2_2_Qubits,EfficientSU2,1,COBYLA,bitflip,0.077,-1.8572750302023775,-1.5141311801736324,99,3.51
H2_2_Qubits,EfficientSU2,1,COBYLA,bitflip,0.078,-1.8572750302023775,-1.5087784837376363,86,3.24
H2_2_Qubits,EfficientSU2,1,COBYLA,bitflip,0.079,-1.8572750302023775,-1.6173510499833013,84,3.0
H2_2_Qubits,EfficientSU2,1,COBYLA,bitflip,0.08,-1.8572750302023775,-1.6143600087760115,108,3.82
H2_2_Qubits,EfficientSU2,1,COBYLA,bitflip,0.081,-1.8572750302023775,-1.6147627444589783,113,4.04
H2_2_Qubits,EfficientSU2,1,COBYLA,bitflip,0.082,-1.8572750302023775,-1.492373607124356,70,2.51
H2_2_Qubits,EfficientSU2,1,COBYLA,bitflip,0.083,-1.8572750302023775,-1.6104224791779893,101,3.61
H2_2_Qubits,EfficientSU2,1,COBYLA,bitflip,0.084,-1.8572750302023775,-1.4890631612448681,85,3.02
H2_2_Qubits,EfficientSU2,1,COBYLA,bitflip,0.085,-1.8572750302023775,-1.48250841902972,91,3.28
H2_2_Qubits,EfficientSU2,1,COBYLA,bitflip,0.08600000000000001,-1.8572750302023775,-1.4841263985550839,89,3.17
H2_2_Qubits,EfficientSU2,1,COBYLA,bitflip,0.08700000000000001,-1.8572750302023775,-1.5988563643600542,167,5.92
H2_2_Qubits,EfficientSU2,1,COBYLA,bitflip,0.088,-1.8572750302023775,-1.595052605670113,108,3.85
H2_2_Qubits,EfficientSU2,1,COBYLA,bitflip,0.089,-1.8572750302023775,-1.5903485885711153,107,3.85
H2_2_Qubits,EfficientSU2,1,COBYLA,bitflip,0.09,-1.8572750302023775,-1.5887477956000284,98,3.5
H2_2_Qubits,EfficientSU2,1,COBYLA,bitflip,0.091,-1.8572750302023775,-1.5862316353404284,137,4.86
H2_2_Qubits,EfficientSU2,1,COBYLA,bitflip,0.092,-1.8572750302023775,-1.4619456925778709,79,2.84
H2_2_Qubits,EfficientSU2,1,COBYLA,bitflip,0.093,-1.8572750302023775,-1.573986354450031,121,4.4
H2_2_Qubits,EfficientSU2,1,COBYLA,bitflip,0.094,-1.8572750302023775,-1.4546280726272809,84,3.02
H2_2_Qubits,EfficientSU2,1,COBYLA,bitflip,0.095,-1.8572750302023775,-1.5758588477475468,108,3.87
H2_2_Qubits,EfficientSU2,1,COBYLA,bitflip,0.096,-1.8572750302023775,-1.5746176487011585,118,4.21
H2_2_Qubits,EfficientSU2,1,COBYLA,bitflip,0.097,-1.8572750302023775,-1.5708647689043158,114,4.08
H2_2_Qubits,EfficientSU2,1,COBYLA,bitflip,0.098,-1.8572750302023775,-1.568480317139983,89,3.21
H2_2_Qubits,EfficientSU2,1,COBYLA,bitflip,0.099,-1.8572750302023775,-1.5664705605488018,143,5.1
H2_2_Qubits,EfficientSU2,1,COBYLA,bitflip,0.1,-1.8572750302023775,-1.5612868645377573,122,4.39
H2_2_Qubits,EfficientSU2,1,SPSA,noiseless,0.0,-1.8572750302023775,-1.8550585244208466,500,20.83
H2_2_Qubits,EfficientSU2,1,SPSA,depolarizing,0.001,-1.8572750302023775,-1.8503542954549597,500,18.41
H2_2_Qubits,EfficientSU2,1,SPSA,depolarizing,0.002,-1.8572750302023775,-1.8441027160166816,500,18.3
H2_2_Qubits,EfficientSU2,1,SPSA,depolarizing,0.003,-1.8572750302023775,-1.8399973792798667,500,18.37
H2_2_Qubits,EfficientSU2,1,SPSA,depolarizing,0.004,-1.8572750302023775,-1.823874640845779,500,18.31
H2_2_Qubits,EfficientSU2,1,SPSA,depolarizing,0.005,-1.8572750302023775,-1.8336925038521594,500,18.33
H2_2_Qubits,EfficientSU2,1,SPSA,depolarizing,0.006,-1.8572750302023775,-1.8302944251029938,500,18.36
H2_2_Qubits,EfficientSU2,1,SPSA,depolarizing,0.007,-1.8572750302023775,-1.8270873185790744,500,18.43
H2_2_Qubits,EfficientSU2,1,SPSA,depolarizing,0.008,-1.8572750302023775,-1.810373819655206,500,18.64
H2_2_Qubits,EfficientSU2,1,SPSA,depolarizing,0.009000000000000001,-1.8572750302023775,-1.8137397545672407,500,18.86
H2_2_Qubits,EfficientSU2,1,SPSA,depolarizing,0.01,-1.8572750302023775,-1.7941450392209042,500,18.68
H2_2_Qubits,EfficientSU2,1,SPSA,depolarizing,0.011,-1.8572750302023775,-1.8119352067934824,500,18.83
H2_2_Qubits,EfficientSU2,1,SPSA,depolarizing,0.012,-1.8572750302023775,-1.8056815496803837,500,18.12
H2_2_Qubits,EfficientSU2,1,SPSA,depolarizing,0.013000000000000001,-1.8572750302023775,-1.8022873375719213,500,18.36
H2_2_Qubits,EfficientSU2,1,SPSA,depolarizing,0.014,-1.8572750302023775,-1.8002650979038808,500,18.29
H2_2_Qubits,EfficientSU2,1,SPSA,depolarizing,0.015,-1.8572750302023775,-1.795253618712772,500,18.26
H2_2_Qubits,EfficientSU2,1,SPSA,depolarizing,0.016,-1.8572750302023775,-1.7939094609630253,500,18.31
H2_2_Qubits,EfficientSU2,1,SPSA,depolarizing,0.017,-1.8572750302023775,-1.787744590084818,500,18.33
H2_2_Qubits,EfficientSU2,1,SPSA,depolarizing,0.018000000000000002,-1.8572750302023775,-1.775136684155978,500,18.43
H2_2_Qubits,EfficientSU2,1,SPSA,depolarizing,0.019,-1.8572750302023775,-1.777222877696119,500,18.48
H2_2_Qubits,EfficientSU2,1,SPSA,depolarizing,0.02,-1.8572750302023775,-1.7706597289849921,500,18.5
H2_2_Qubits,EfficientSU2,1,SPSA,depolarizing,0.021,-1.8572750302023775,-1.7705645099601313,500,18.65
H2_2_Qubits,EfficientSU2,1,SPSA,depolarizing,0.022,-1.8572750302023775,-1.7598187357011357,500,18.47
H2_2_Qubits,EfficientSU2,1,SPSA,depolarizing,0.023,-1.8572750302023775,-1.7634125243696173,500,18.24
H2_2_Qubits,EfficientSU2,1,SPSA,depolarizing,0.024,-1.8572750302023775,-1.7640797947969844,500,18.43
H2_2_Qubits,EfficientSU2,1,SPSA,depolarizing,0.025,-1.8572750302023775,-1.7462182037993308,500,18.39
H2_2_Qubits,EfficientSU2,1,SPSA,depolarizing,0.026000000000000002,-1.8572750302023775,-1.7435815303482245,500,18.4
H2_2_Qubits,EfficientSU2,1,SPSA,depolarizing,0.027,-1.8572750302023775,-1.7362459695529846,500,18.67
H2_2_Qubits,EfficientSU2,1,SPSA,depolarizing,0.028,-1.8572750302023775,-1.7390918435490126,500,18.49
H2_2_Qubits,EfficientSU2,1,SPSA,depolarizing,0.029,-1.8572750302023775,-1.728495018051973,500,18.52
H2_2_Qubits,EfficientSU2,1,SPSA,depolarizing,0.03,-1.8572750302023775,-1.736805761229947,500,18.6
H2_2_Qubits,EfficientSU2,1,SPSA,depolarizing,0.031,-1.8572750302023775,-1.7260338311478698,500,18.65
H2_2_Qubits,EfficientSU2,1,SPSA,depolarizing,0.032,-1.8572750302023775,-1.7325337701025978,500,17.96
H2_2_Qubits,EfficientSU2,1,SPSA,depolarizing,0.033,-1.8572750302023775,-1.7122098470835863,500,17.99
H2_2_Qubits,EfficientSU2,1,SPSA,depolarizing,0.034,-1.8572750302023775,-1.7202076901340446,500,18.28
H2_2_Qubits,EfficientSU2,1,SPSA,depolarizing,0.035,-1.8572750302023775,-1.7049409865036176,500,18.47
H2_2_Qubits,EfficientSU2,1,SPSA,depolarizing,0.036000000000000004,-1.8572750302023775,-1.7045919045692797,500,18.34
H2_2_Qubits,EfficientSU2,1,SPSA,depolarizing,0.037,-1.8572750302023775,-1.7004747895673191,500,18.48
H2_2_Qubits,EfficientSU2,1,SPSA,depolarizing,0.038,-1.8572750302023775,-1.6954718792604186,500,18.37
H2_2_Qubits,EfficientSU2,1,SPSA,depolarizing,0.039,-1.8572750302023775,-1.7075669678463012,500,18.48
H2_2_Qubits,EfficientSU2,1,SPSA,depolarizing,0.04,-1.8572750302023775,-1.6867677286613945,500,19.5
H2_2_Qubits,EfficientSU2,1,SPSA,depolarizing,0.041,-1.8572750302023775,-1.673874282345122,500,17.97
H2_2_Qubits,EfficientSU2,1,SPSA,depolarizing,0.042,-1.8572750302023775,-1.693551741963263,500,17.79
H2_2_Qubits,EfficientSU2,1,SPSA,depolarizing,0.043000000000000003,-1.8572750302023775,-1.6744449570310977,500,18.75
H2_2_Qubits,EfficientSU2,1,SPSA,depolarizing,0.044,-1.8572750302023775,-1.686568353869436,500,18.22
H2_2_Qubits,EfficientSU2,1,SPSA,depolarizing,0.045,-1.8572750302023775,-1.677665800264165,500,18.28
H2_2_Qubits,EfficientSU2,1,SPSA,depolarizing,0.046,-1.8572750302023775,-1.6613701038942792,500,18.27
H2_2_Qubits,EfficientSU2,1,SPSA,depolarizing,0.047,-1.8572750302023775,-1.6772412063832727,500,18.49
H2_2_Qubits,EfficientSU2,1,SPSA,depolarizing,0.048,-1.8572750302023775,-1.6457748641712464,500,18.4
H2_2_Qubits,EfficientSU2,1,SPSA,depolarizing,0.049,-1.8572750302023775,-1.65066951407398,500,18.47
H2_2_Qubits,EfficientSU2,1,SPSA,depolarizing,0.05,-1.8572750302023775,-1.6695931083070525,500,18.01
H2_2_Qubits,EfficientSU2,1,SPSA,depolarizing,0.051000000000000004,-1.8572750302023775,-1.6539288507708494,500,17.66
H2_2_Qubits,EfficientSU2,1,SPSA,depolarizing,0.052000000000000005,-1.8572750302023775,-1.6385306322501976,500,17.78
H2_2_Qubits,EfficientSU2,1,SPSA,depolarizing,0.053,-1.8572750302023775,-1.6602862438465331,500,17.8
H2_2_Qubits,EfficientSU2,1,SPSA,depolarizing,0.054,-1.8572750302023775,-1.6582909433454214,500,17.86
H2_2_Qubits,EfficientSU2,1,SPSA,depolarizing,0.055,-1.8572750302023775,-1.6297291874951596,500,17.93
H2_2_Qubits,EfficientSU2,1,SPSA,depolarizing,0.056,-1.8572750302023775,-1.6411195386174222,500,17.95
H2_2_Qubits,EfficientSU2,1,SPSA,depolarizing,0.057,-1.8572750302023775,-1.6490202301677102,500,18.13
H2_2_Qubits,EfficientSU2,1,SPSA,depolarizing,0.058,-1.8572750302023775,-1.6184169412909934,500,18.04
H2_2_Qubits,EfficientSU2,1,SPSA,depolarizing,0.059000000000000004,-1.8572750302023775,-1.6386545205231808,500,18.1
H2_2_Qubits,EfficientSU2,1,SPSA,depolarizing,0.06,-1.8572750302023775,-1.6105593249074386,500,17.7
H2_2_Qubits,EfficientSU2,1,SPSA,depolarizing,0.061,-1.8572750302023775,-1.6306041803257743,500,17.55
H2_2_Qubits,EfficientSU2,1,SPSA,depolarizing,0.062,-1.8572750302023775,-1.6319861420654591,500,17.7
H2_2_Qubits,EfficientSU2,1,SPSA,depolarizing,0.063,-1.8572750302023775,-1.6092536022779187,500,17.84
H2_2_Qubits,EfficientSU2,1,SPSA,depolarizing,0.064,-1.8572750302023775,-1.6005959189641377,500,17.82
H2_2_Qubits,EfficientSU2,1,SPSA,depolarizing,0.065,-1.8572750302023775,-1.6208232063966563,500,17.87
H2_2_Qubits,EfficientSU2,1,SPSA,depolarizing,0.066,-1.8572750302023775,-1.592627106166567,500,18.04
H2_2_Qubits,EfficientSU2,1,SPSA,depolarizing,0.067,-1.8572750302023775,-1.6143449715754263,500,18.04
H2_2_Qubits,EfficientSU2,1,SPSA,depolarizing,0.068,-1.8572750302023775,-1.5943798868809853,500,18.0
H2_2_Qubits,EfficientSU2,1,SPSA,depolarizing,0.069,-1.8572750302023775,-1.6011440865162248,500,18.16
H2_2_Qubits,EfficientSU2,1,SPSA,depolarizing,0.07,-1.8572750302023775,-1.608445841446117,500,17.76
H2_2_Qubits,EfficientSU2,1,SPSA,depolarizing,0.07100000000000001,-1.8572750302023775,-1.574923720057744,500,17.65
H2_2_Qubits,EfficientSU2,1,SPSA,depolarizing,0.07200000000000001,-1.8572750302023775,-1.5668532072005963,500,17.94
H2_2_Qubits,EfficientSU2,1,SPSA,depolarizing,0.073,-1.8572750302023775,-1.565399918610272,500,18.07
H2_2_Qubits,EfficientSU2,1,SPSA,depolarizing,0.074,-1.8572750302023775,-1.5936456390896776,500,17.99
H2_2_Qubits,EfficientSU2,1,SPSA,depolarizing,0.075,-1.8572750302023775,-1.5910341037382352,500,18.0
H2_2_Qubits,EfficientSU2,1,SPSA,depolarizing,0.076,-1.8572750302023775,-1.5875542215986342,500,18.03
H2_2_Qubits,EfficientSU2,1,SPSA,depolarizing,0.077,-1.8572750302023775,-1.586244526357045,500,18.2
H2_2_Qubits,EfficientSU2,1,SPSA,depolarizing,0.078,-1.8572750302023775,-1.5818868036185147,500,18.17
H2_2_Qubits,EfficientSU2,1,SPSA,depolarizing,0.079,-1.8572750302023775,-1.5794255107430455,500,18.12
H2_2_Qubits,EfficientSU2,1,SPSA,depolarizing,0.08,-1.8572750302023775,-1.5513757330919866,500,17.67
H2_2_Qubits,EfficientSU2,1,SPSA,depolarizing,0.081,-1.8572750302023775,-1.5761513849316873,500,17.87
H2_2_Qubits,EfficientSU2,1,SPSA,depolarizing,0.082,-1.8572750302023775,-1.5730935965741342,500,17.86
H2_2_Qubits,EfficientSU2,1,SPSA,depolarizing,0.083,-1.8572750302023775,-1.570110298205966,500,17.94
H2_2_Qubits,EfficientSU2,1,SPSA,depolarizing,0.084,-1.8572750302023775,-1.526486479226366,500,18.1
H2_2_Qubits,EfficientSU2,1,SPSA,depolarizing,0.085,-1.8572750302023775,-1.5624640589236303,500,18.2
H2_2_Qubits,EfficientSU2,1,SPSA,depolarizing,0.08600000000000001,-1.8572750302023775,-1.5613260894838643,500,18.32
H2_2_Qubits,EfficientSU2,1,SPSA,depolarizing,0.08700000000000001,-1.8572750302023775,-1.5578366659815444,500,19.13
H2_2_Qubits,EfficientSU2,1,SPSA,depolarizing,0.088,-1.8572750302023775,-1.5561081479188865,500,18.47
H2_2_Qubits,EfficientSU2,1,SPSA,depolarizing,0.089,-1.8572750302023775,-1.5530329091178408,500,17.53
H2_2_Qubits,EfficientSU2,1,SPSA,depolarizing,0.09,-1.8572750302023775,-1.5498515459310234,500,17.75
H2_2_Qubits,EfficientSU2,1,SPSA,depolarizing,0.091,-1.8572750302023775,-1.546534174933698,500,17.75
H2_2_Qubits,EfficientSU2,1,SPSA,depolarizing,0.092,-1.8572750302023775,-1.5003144699788835,500,17.76
H2_2_Qubits,EfficientSU2,1,SPSA,depolarizing,0.093,-1.8572750302023775,-1.5414447679336156,500,17.81
H2_2_Qubits,EfficientSU2,1,SPSA,depolarizing,0.094,-1.8572750302023775,-1.5378808474278645,500,17.91
H2_2_Qubits,EfficientSU2,1,SPSA,depolarizing,0.095,-1.8572750302023775,-1.5354878312497031,500,18.01
H2_2_Qubits,EfficientSU2,1,SPSA,depolarizing,0.096,-1.8572750302023775,-1.5313830946629914,500,17.87
H2_2_Qubits,EfficientSU2,1,SPSA,depolarizing,0.097,-1.8572750302023775,-1.5297075851905801,500,18.05
H2_2_Qubits,EfficientSU2,1,SPSA,depolarizing,0.098,-1.8572750302023775,-1.4828783021436762,500,17.79
H2_2_Qubits,EfficientSU2,1,SPSA,depolarizing,0.099,-1.8572750302023775,-1.4794313625229025,500,17.61
H2_2_Qubits,EfficientSU2,1,SPSA,depolarizing,0.1,-1.8572750302023775,-1.5210850159404308,500,17.82
H2_2_Qubits,EfficientSU2,1,SPSA,bitflip,0.001,-1.8572750302023775,-1.8562979718786292,500,17.77
H2_2_Qubits,EfficientSU2,1,SPSA,bitflip,0.002,-1.8572750302023775,-1.8388027566507117,500,17.85
H2_2_Qubits,EfficientSU2,1,SPSA,bitflip,0.003,-1.8572750302023775,-1.8317717479064273,500,17.88
H2_2_Qubits,EfficientSU2,1,SPSA,bitflip,0.004,-1.8572750302023775,-1.8303025035860458,500,17.86
H2_2_Qubits,EfficientSU2,1,SPSA,bitflip,0.005,-1.8572750302023775,-1.8145989673154812,500,17.89
H2_2_Qubits,EfficientSU2,1,SPSA,bitflip,0.006,-1.8572750302023775,-1.8122437778594842,500,17.91
H2_2_Qubits,EfficientSU2,1,SPSA,bitflip,0.007,-1.8572750302023775,-1.7982952692196514,500,18.03
H2_2_Qubits,EfficientSU2,1,SPSA,bitflip,0.008,-1.8572750302023775,-1.7903495765002542,500,17.99
H2_2_Qubits,EfficientSU2,1,SPSA,bitflip,0.009000000000000001,-1.8572750302023775,-1.7849742554745769,500,18.09
H2_2_Qubits,EfficientSU2,1,SPSA,bitflip,0.01,-1.8572750302023775,-1.808398378977974,500,17.97
H2_2_Qubits,EfficientSU2,1,SPSA,bitflip,0.011,-1.8572750302023775,-1.7940513471144786,500,18.04
H2_2_Qubits,EfficientSU2,1,SPSA,bitflip,0.012,-1.8572750302023775,-1.786034988581788,500,18.05
H2_2_Qubits,EfficientSU2,1,SPSA,bitflip,0.013000000000000001,-1.8572750302023775,-1.7682545825626206,500,18.1
H2_2_Qubits,EfficientSU2,1,SPSA,bitflip,0.014,-1.8572750302023775,-1.7383250698827666,500,18.13
H2_2_Qubits,EfficientSU2,1,SPSA,bitflip,0.015,-1.8572750302023775,-1.760154880300822,500,18.18
H2_2_Qubits,EfficientSU2,1,SPSA,bitflip,0.016,-1.8572750302023775,-1.766124276551627,500,18.18
H2_2_Qubits,EfficientSU2,1,SPSA,bitflip,0.017,-1.8572750302023775,-1.7819412671049326,500,18.15
H2_2_Qubits,EfficientSU2,1,SPSA,bitflip,0.018000000000000002,-1.8572750302023775,-1.752226417910069,500,18.21
H2_2_Qubits,EfficientSU2,1,SPSA,bitflip,0.019,-1.8572750302023775,-1.747851575901596,500,18.09
H2_2_Qubits,EfficientSU2,1,SPSA,bitflip,0.02,-1.8572750302023775,-1.7421199191938608,500,18.23
H2_2_Qubits,EfficientSU2,1,SPSA,bitflip,0.021,-1.8572750302023775,-1.7856303471699446,500,17.93
H2_2_Qubits,EfficientSU2,1,SPSA,bitflip,0.022,-1.8572750302023775,-1.787421582044177,500,18.0
H2_2_Qubits,EfficientSU2,1,SPSA,bitflip,0.023,-1.8572750302023775,-1.7350030260078801,500,18.05
H2_2_Qubits,EfficientSU2,1,SPSA,bitflip,0.024,-1.8572750302023775,-1.7356357768174269,500,18.19
H2_2_Qubits,EfficientSU2,1,SPSA,bitflip,0.025,-1.8572750302023775,-1.7170713103865047,500,18.2
H2_2_Qubits,EfficientSU2,1,SPSA,bitflip,0.026000000000000002,-1.8572750302023775,-1.7743288997383666,500,18.22
H2_2_Qubits,EfficientSU2,1,SPSA,bitflip,0.027,-1.8572750302023775,-1.708388916560262,500,18.37
H2_2_Qubits,EfficientSU2,1,SPSA,bitflip,0.028,-1.8572750302023775,-1.7043326595759916,500,18.31
H2_2_Qubits,EfficientSU2,1,SPSA,bitflip,0.029,-1.8572750302023775,-1.7616346956479387,500,18.16
H2_2_Qubits,EfficientSU2,1,SPSA,bitflip,0.03,-1.8572750302023775,-1.7634639348945715,500,18.28
H2_2_Qubits,EfficientSU2,1,SPSA,bitflip,0.031,-1.8572750302023775,-1.7223518932307627,500,18.26
H2_2_Qubits,EfficientSU2,1,SPSA,bitflip,0.032,-1.8572750302023775,-1.7553963637515646,500,18.34
H2_2_Qubits,EfficientSU2,1,SPSA,bitflip,0.033,-1.8572750302023775,-1.5983506723657108,500,18.49
H2_2_Qubits,EfficientSU2,1,SPSA,bitflip,0.034,-1.8572750302023775,-1.5859668333945025,500,18.47
H2_2_Qubits,EfficientSU2,1,SPSA,bitflip,0.035,-1.8572750302023775,-1.6703809034103523,500,18.59
H2_2_Qubits,EfficientSU2,1,SPSA,bitflip,0.036000000000000004,-1.8572750302023775,-1.6655560965122924,500,18.6
H2_2_Qubits,EfficientSU2,1,SPSA,bitflip,0.037,-1.8572750302023775,-1.6640857438349765,500,18.85
H2_2_Qubits,EfficientSU2,1,SPSA,bitflip,0.038,-1.8572750302023775,-1.6551990103179661,500,18.73
H2_2_Qubits,EfficientSU2,1,SPSA,bitflip,0.039,-1.8572750302023775,-1.7351971619888273,500,18.76
H2_2_Qubits,EfficientSU2,1,SPSA,bitflip,0.04,-1.8572750302023775,-1.731567199144527,500,17.75
H2_2_Qubits,EfficientSU2,1,SPSA,bitflip,0.041,-1.8572750302023775,-1.5405042586161737,500,18.02
H2_2_Qubits,EfficientSU2,1,SPSA,bitflip,0.042,-1.8572750302023775,-1.6444073916560564,500,18.14
H2_2_Qubits,EfficientSU2,1,SPSA,bitflip,0.043000000000000003,-1.8572750302023775,-1.7253253196796172,500,18.26
H2_2_Qubits,EfficientSU2,1,SPSA,bitflip,0.044,-1.8572750302023775,-1.6299497165936567,500,18.46
H2_2_Qubits,EfficientSU2,1,SPSA,bitflip,0.045,-1.8572750302023775,-1.7202478552596223,500,18.39
H2_2_Qubits,EfficientSU2,1,SPSA,bitflip,0.046,-1.8572750302023775,-1.6220544688589076,500,17.92
H2_2_Qubits,EfficientSU2,1,SPSA,bitflip,0.047,-1.8572750302023775,-1.7077076004413088,500,17.91
H2_2_Qubits,EfficientSU2,1,SPSA,bitflip,0.048,-1.8572750302023775,-1.7080655132223599,500,18.18
H2_2_Qubits,EfficientSU2,1,SPSA,bitflip,0.049,-1.8572750302023775,-1.6101559181641394,500,18.39
H2_2_Qubits,EfficientSU2,1,SPSA,bitflip,0.05,-1.8572750302023775,-1.7026253406006244,500,18.43
H2_2_Qubits,EfficientSU2,1,SPSA,bitflip,0.051000000000000004,-1.8572750302023775,-1.691990017862202,500,18.48
H2_2_Qubits,EfficientSU2,1,SPSA,bitflip,0.052000000000000005,-1.8572750302023775,-1.6707196566239164,500,18.5
H2_2_Qubits,EfficientSU2,1,SPSA,bitflip,0.053,-1.8572750302023775,-1.5926500506729009,500,18.02
H2_2_Qubits,EfficientSU2,1,SPSA,bitflip,0.054,-1.8572750302023775,-1.6909922071122065,500,18.25
H2_2_Qubits,EfficientSU2,1,SPSA,bitflip,0.055,-1.8572750302023775,-1.5847017968915735,500,18.25
H2_2_Qubits,EfficientSU2,1,SPSA,bitflip,0.056,-1.8572750302023775,-1.66970046150539,500,18.28
H2_2_Qubits,EfficientSU2,1,SPSA,bitflip,0.057,-1.8572750302023775,-1.6237547275308128,500,18.4
H2_2_Qubits,EfficientSU2,1,SPSA,bitflip,0.058,-1.8572750302023775,-1.6789386185207755,500,18.44
H2_2_Qubits,EfficientSU2,1,SPSA,bitflip,0.059000000000000004,-1.8572750302023775,-1.6765187754682997,500,18.59
H2_2_Qubits,EfficientSU2,1,SPSA,bitflip,0.06,-1.8572750302023775,-1.674475044843406,500,17.99
H2_2_Qubits,EfficientSU2,1,SPSA,bitflip,0.061,-1.8572750302023775,-1.67131800773926,500,17.98
H2_2_Qubits,EfficientSU2,1,SPSA,bitflip,0.062,-1.8572750302023775,-1.669027680670949,500,18.14
H2_2_Qubits,EfficientSU2,1,SPSA,bitflip,0.063,-1.8572750302023775,-1.5631137095810694,500,18.36
H2_2_Qubits,EfficientSU2,1,SPSA,bitflip,0.064,-1.8572750302023775,-1.6645577794821769,500,18.39
H2_2_Qubits,EfficientSU2,1,SPSA,bitflip,0.065,-1.8572750302023775,-1.662731860675183,500,18.46
H2_2_Qubits,EfficientSU2,1,SPSA,bitflip,0.066,-1.8572750302023775,-1.6580497158022047,500,18.65
H2_2_Qubits,EfficientSU2,1,SPSA,bitflip,0.067,-1.8572750302023775,-1.651796932903097,500,18.33
H2_2_Qubits,EfficientSU2,1,SPSA,bitflip,0.068,-1.8572750302023775,-1.6518432955267293,500,18.4
H2_2_Qubits,EfficientSU2,1,SPSA,bitflip,0.069,-1.8572750302023775,-1.5395739044502195,500,18.72
H2_2_Qubits,EfficientSU2,1,SPSA,bitflip,0.07,-1.8572750302023775,-1.5357362763881766,500,18.83
H2_2_Qubits,EfficientSU2,1,SPSA,bitflip,0.07100000000000001,-1.8572750302023775,-1.6418743817200223,500,18.84
H2_2_Qubits,EfficientSU2,1,SPSA,bitflip,0.07200000000000001,-1.8572750302023775,-1.6392862455979769,500,18.88
H2_2_Qubits,EfficientSU2,1,SPSA,bitflip,0.073,-1.8572750302023775,-1.638960672641982,500,19.1
H2_2_Qubits,EfficientSU2,1,SPSA,bitflip,0.074,-1.8572750302023775,-1.6355029862709483,500,17.83
H2_2_Qubits,EfficientSU2,1,SPSA,bitflip,0.075,-1.8572750302023775,-1.633769667700266,500,17.93
H2_2_Qubits,EfficientSU2,1,SPSA,bitflip,0.076,-1.8572750302023775,-1.3813997055257587,500,18.22
H2_2_Qubits,EfficientSU2,1,SPSA,bitflip,0.077,-1.8572750302023775,-1.512366343969557,500,18.42
H2_2_Qubits,EfficientSU2,1,SPSA,bitflip,0.078,-1.8572750302023775,-1.6240660638946305,500,18.42
H2_2_Qubits,EfficientSU2,1,SPSA,bitflip,0.079,-1.8572750302023775,-1.6198717315997022,500,18.55
H2_2_Qubits,EfficientSU2,1,SPSA,bitflip,0.08,-1.8572750302023775,-1.6173038233203494,500,18.61
H2_2_Qubits,EfficientSU2,1,SPSA,bitflip,0.081,-1.8572750302023775,-1.6136847169752557,500,17.91
H2_2_Qubits,EfficientSU2,1,SPSA,bitflip,0.082,-1.8572750302023775,-1.6133572357467174,500,18.06
H2_2_Qubits,EfficientSU2,1,SPSA,bitflip,0.083,-1.8572750302023775,-1.490924578545284,500,18.31
H2_2_Qubits,EfficientSU2,1,SPSA,bitflip,0.084,-1.8572750302023775,-1.5509783156724914,500,18.62
H2_2_Qubits,EfficientSU2,1,SPSA,bitflip,0.085,-1.8572750302023775,-1.486204042943403,500,18.53
H2_2_Qubits,EfficientSU2,1,SPSA,bitflip,0.08600000000000001,-1.8572750302023775,-1.6003789637062398,500,18.59
H2_2_Qubits,EfficientSU2,1,SPSA,bitflip,0.08700000000000001,-1.8572750302023775,-1.594423446820426,500,18.73
H2_2_Qubits,EfficientSU2,1,SPSA,bitflip,0.088,-1.8572750302023775,-1.594663016028063,500,17.82
H2_2_Qubits,EfficientSU2,1,SPSA,bitflip,0.089,-1.8572750302023775,-1.5904362341591316,500,17.98
H2_2_Qubits,EfficientSU2,1,SPSA,bitflip,0.09,-1.8572750302023775,-1.5900483282043973,500,18.18
H2_2_Qubits,EfficientSU2,1,SPSA,bitflip,0.091,-1.8572750302023775,-1.5876224266170713,500,18.4
H2_2_Qubits,EfficientSU2,1,SPSA,bitflip,0.092,-1.8572750302023775,-1.584380641247726,500,18.55
H2_2_Qubits,EfficientSU2,1,SPSA,bitflip,0.093,-1.8572750302023775,-1.582340186671147,500,18.5
H2_2_Qubits,EfficientSU2,1,SPSA,bitflip,0.094,-1.8572750302023775,-1.5709911185891114,500,18.5
H2_2_Qubits,EfficientSU2,1,SPSA,bitflip,0.095,-1.8572750302023775,-1.312178498779714,500,18.0
H2_2_Qubits,EfficientSU2,1,SPSA,bitflip,0.096,-1.8572750302023775,-1.5747191920767976,500,18.07
H2_2_Qubits,EfficientSU2,1,SPSA,bitflip,0.097,-1.8572750302023775,-1.5711690152183984,500,18.21
H2_2_Qubits,EfficientSU2,1,SPSA,bitflip,0.098,-1.8572750302023775,-1.5688384938102509,500,18.47
H2_2_Qubits,EfficientSU2,1,SPSA,bitflip,0.099,-1.8572750302023775,-1.4620550333586262,500,18.66
H2_2_Qubits,EfficientSU2,1,SPSA,bitflip,0.1,-1.8572750302023775,-1.438829618598349,500,18.66
H2_2_Qubits,TwoLocal,2,COBYLA,noiseless,0.0,-1.8572750302023802,-1.860105885918212,63,2.26
H2_2_Qubits,TwoLocal,2,COBYLA,depolarizing,0.001,-1.8572750302023802,-1.8555505690298029,66,2.1
H2_2_Qubits,TwoLocal,2,COBYLA,depolarizing,0.002,-1.8572750302023802,-1.8505945021899763,75,2.49
H2_2_Qubits,TwoLocal,2,COBYLA,depolarizing,0.003,-1.8572750302023802,-1.842502490744972,59,1.95
H2_2_Qubits,TwoLocal,2,COBYLA,depolarizing,0.004,-1.8572750302023802,-1.842815473418829,60,2.01
H2_2_Qubits,TwoLocal,2,COBYLA,depolarizing,0.005,-1.8572750302023802,-1.8356064215359902,68,2.22
H2_2_Qubits,TwoLocal,2,COBYLA,depolarizing,0.006,-1.8572750302023802,-1.833909934400893,68,2.31
H2_2_Qubits,TwoLocal,2,COBYLA,depolarizing,0.007,-1.8572750302023802,-1.8296758308829506,66,2.2
H2_2_Qubits,TwoLocal,2,COBYLA,depolarizing,0.008,-1.8572750302023802,-1.8237209122205285,67,2.23
H2_2_Qubits,TwoLocal,2,COBYLA,depolarizing,0.009000000000000001,-1.8572750302023802,-1.8212452203646525,57,1.88
H2_2_Qubits,TwoLocal,2,COBYLA,depolarizing,0.01,-1.8572750302023802,-1.8154955778039872,62,2.06
H2_2_Qubits,TwoLocal,2,COBYLA,depolarizing,0.011,-1.8572750302023802,-1.8126149685456687,60,2.02
H2_2_Qubits,TwoLocal,2,COBYLA,depolarizing,0.012,-1.8572750302023802,-1.8082179231376252,59,2.01
H2_2_Qubits,TwoLocal,2,COBYLA,depolarizing,0.013000000000000001,-1.8572750302023802,-1.8071870747649068,55,1.9
H2_2_Qubits,TwoLocal,2,COBYLA,depolarizing,0.014,-1.8572750302023802,-1.7996947295717338,60,2.08
H2_2_Qubits,TwoLocal,2,COBYLA,depolarizing,0.015,-1.8572750302023802,-1.7973852486402278,61,2.03
H2_2_Qubits,TwoLocal,2,COBYLA,depolarizing,0.016,-1.8572750302023802,-1.7926246309911242,72,2.42
H2_2_Qubits,TwoLocal,2,COBYLA,depolarizing,0.017,-1.8572750302023802,-1.7946837280634425,75,2.54
H2_2_Qubits,TwoLocal,2,COBYLA,depolarizing,0.018000000000000002,-1.8572750302023802,-1.786578419597875,58,2.01
H2_2_Qubits,TwoLocal,2,COBYLA,depolarizing,0.019,-1.8572750302023802,-1.7705283892013368,52,1.8
H2_2_Qubits,TwoLocal,2,COBYLA,depolarizing,0.02,-1.8572750302023802,-1.7759717895416989,73,2.44
H2_2_Qubits,TwoLocal,2,COBYLA,depolarizing,0.021,-1.8572750302023802,-1.7669547286404876,61,2.01
H2_2_Qubits,TwoLocal,2,COBYLA,depolarizing,0.022,-1.8572750302023802,-1.7681315715793104,56,1.85
H2_2_Qubits,TwoLocal,2,COBYLA,depolarizing,0.023,-1.8572750302023802,-1.757290773590581,66,2.17
H2_2_Qubits,TwoLocal,2,COBYLA,depolarizing,0.024,-1.8572750302023802,-1.757768872859967,78,2.59
H2_2_Qubits,TwoLocal,2,COBYLA,depolarizing,0.025,-1.8572750302023802,-1.7626361624056606,64,2.13
H2_2_Qubits,TwoLocal,2,COBYLA,depolarizing,0.026000000000000002,-1.8572750302023802,-1.747772965320336,53,1.76
H2_2_Qubits,TwoLocal,2,COBYLA,depolarizing,0.027,-1.8572750302023802,-1.7479635981240715,60,1.97
H2_2_Qubits,TwoLocal,2,COBYLA,depolarizing,0.028,-1.8572750302023802,-1.7349916250826354,65,2.15
H2_2_Qubits,TwoLocal,2,COBYLA,depolarizing,0.029,-1.8572750302023802,-1.7405984103230923,63,2.14
H2_2_Qubits,TwoLocal,2,COBYLA,depolarizing,0.03,-1.8572750302023802,-1.7281117533776573,61,2.19
H2_2_Qubits,TwoLocal,2,COBYLA,depolarizing,0.031,-1.8572750302023802,-1.7208013275214569,64,2.21
H2_2_Qubits,TwoLocal,2,COBYLA,depolarizing,0.032,-1.8572750302023802,-1.7309525457877257,78,2.68
H2_2_Qubits,TwoLocal,2,COBYLA,depolarizing,0.033,-1.8572750302023802,-1.7193297707663546,58,2.0
H2_2_Qubits,TwoLocal,2,COBYLA,depolarizing,0.034,-1.8572750302023802,-1.7199607338439313,76,2.51
H2_2_Qubits,TwoLocal,2,COBYLA,depolarizing,0.035,-1.8572750302023802,-1.7108050457267068,59,1.95
H2_2_Qubits,TwoLocal,2,COBYLA,depolarizing,0.036000000000000004,-1.8572750302023802,-1.7081391263782426,69,2.31
H2_2_Qubits,TwoLocal,2,COBYLA,depolarizing,0.037,-1.8572750302023802,-1.7164962232390906,76,2.56
H2_2_Qubits,TwoLocal,2,COBYLA,depolarizing,0.038,-1.8572750302023802,-1.7091852150384619,89,3.11
H2_2_Qubits,TwoLocal,2,COBYLA,depolarizing,0.039,-1.8572750302023802,-1.6970523219215274,55,1.86
H2_2_Qubits,TwoLocal,2,COBYLA,depolarizing,0.04,-1.8572750302023802,-1.6897580961129988,70,2.52
H2_2_Qubits,TwoLocal,2,COBYLA,depolarizing,0.041,-1.8572750302023802,-1.1987129860813648,52,1.83
H2_2_Qubits,TwoLocal,2,COBYLA,depolarizing,0.042,-1.8572750302023802,-1.6952316445450555,88,2.9
H2_2_Qubits,TwoLocal,2,COBYLA,depolarizing,0.043000000000000003,-1.8572750302023802,-1.670457023679127,64,2.09
H2_2_Qubits,TwoLocal,2,COBYLA,depolarizing,0.044,-1.8572750302023802,-1.675768006402913,63,2.08
H2_2_Qubits,TwoLocal,2,COBYLA,depolarizing,0.045,-1.8572750302023802,-1.6782061836705882,59,1.94
H2_2_Qubits,TwoLocal,2,COBYLA,depolarizing,0.046,-1.8572750302023802,-1.6872290715073732,64,2.12
H2_2_Qubits,TwoLocal,2,COBYLA,depolarizing,0.047,-1.8572750302023802,-1.6581548687916925,77,2.52
H2_2_Qubits,TwoLocal,2,COBYLA,depolarizing,0.048,-1.8572750302023802,-1.6631063590917665,63,2.09
H2_2_Qubits,TwoLocal,2,COBYLA,depolarizing,0.049,-1.8572750302023802,-1.6769303450827615,82,2.7
H2_2_Qubits,TwoLocal,2,COBYLA,depolarizing,0.05,-1.8572750302023802,-1.6637633909757044,62,2.04
H2_2_Qubits,TwoLocal,2,COBYLA,depolarizing,0.051000000000000004,-1.8572750302023802,-1.6693891891135968,50,1.66
H2_2_Qubits,TwoLocal,2,COBYLA,depolarizing,0.052000000000000005,-1.8572750302023802,-1.6620937103655788,68,2.23
H2_2_Qubits,TwoLocal,2,COBYLA,depolarizing,0.053,-1.8572750302023802,-1.6498637045204476,57,1.87
H2_2_Qubits,TwoLocal,2,COBYLA,depolarizing,0.054,-1.8572750302023802,-1.641467077593577,52,1.73
H2_2_Qubits,TwoLocal,2,COBYLA,depolarizing,0.055,-1.8572750302023802,-1.6373737931857955,50,1.66
H2_2_Qubits,TwoLocal,2,COBYLA,depolarizing,0.056,-1.8572750302023802,-1.6439569330530033,73,2.41
H2_2_Qubits,TwoLocal,2,COBYLA,depolarizing,0.057,-1.8572750302023802,-1.6289592698055986,51,1.69
H2_2_Qubits,TwoLocal,2,COBYLA,depolarizing,0.058,-1.8572750302023802,-1.6271754549207396,48,1.59
H2_2_Qubits,TwoLocal,2,COBYLA,depolarizing,0.059000000000000004,-1.8572750302023802,-1.6301006713606618,66,2.21
H2_2_Qubits,TwoLocal,2,COBYLA,depolarizing,0.06,-1.8572750302023802,-1.628934026427368,64,2.14
H2_2_Qubits,TwoLocal,2,COBYLA,depolarizing,0.061,-1.8572750302023802,-1.6259566641267638,63,2.19
H2_2_Qubits,TwoLocal,2,COBYLA,depolarizing,0.062,-1.8572750302023802,-1.6185485825019266,61,2.09
H2_2_Qubits,TwoLocal,2,COBYLA,depolarizing,0.063,-1.8572750302023802,-1.6024809962225435,72,2.52
H2_2_Qubits,TwoLocal,2,COBYLA,depolarizing,0.064,-1.8572750302023802,-1.6060924237763827,66,2.26
H2_2_Qubits,TwoLocal,2,COBYLA,depolarizing,0.065,-1.8572750302023802,-1.615081074383038,57,1.99
H2_2_Qubits,TwoLocal,2,COBYLA,depolarizing,0.066,-1.8572750302023802,-1.5988527221528939,59,2.0
H2_2_Qubits,TwoLocal,2,COBYLA,depolarizing,0.067,-1.8572750302023802,-1.5904591510836465,66,2.29
H2_2_Qubits,TwoLocal,2,COBYLA,depolarizing,0.068,-1.8572750302023802,-1.5965342112261238,49,1.71
H2_2_Qubits,TwoLocal,2,COBYLA,depolarizing,0.069,-1.8572750302023802,-1.6058973939249013,64,2.17
H2_2_Qubits,TwoLocal,2,COBYLA,depolarizing,0.07,-1.8572750302023802,-1.5776322209353175,59,1.97
H2_2_Qubits,TwoLocal,2,COBYLA,depolarizing,0.07100000000000001,-1.8572750302023802,-1.5982411203350222,71,2.36
H2_2_Qubits,TwoLocal,2,COBYLA,depolarizing,0.07200000000000001,-1.8572750302023802,-1.5717510297239468,62,2.08
H2_2_Qubits,TwoLocal,2,COBYLA,depolarizing,0.073,-1.8572750302023802,-1.5894810188146553,64,2.16
H2_2_Qubits,TwoLocal,2,COBYLA,depolarizing,0.074,-1.8572750302023802,-1.5766630216309823,59,1.97
H2_2_Qubits,TwoLocal,2,COBYLA,depolarizing,0.075,-1.8572750302023802,-1.5934276520893658,48,1.62
H2_2_Qubits,TwoLocal,2,COBYLA,depolarizing,0.076,-1.8572750302023802,-1.5800138306356273,67,2.24
H2_2_Qubits,TwoLocal,2,COBYLA,depolarizing,0.077,-1.8572750302023802,-1.5641354192918053,65,2.18
H2_2_Qubits,TwoLocal,2,COBYLA,depolarizing,0.078,-1.8572750302023802,-1.5759675426012778,67,2.24
H2_2_Qubits,TwoLocal,2,COBYLA,depolarizing,0.079,-1.8572750302023802,-1.5625340838972346,64,2.17
H2_2_Qubits,TwoLocal,2,COBYLA,depolarizing,0.08,-1.8572750302023802,-1.565679561000215,71,2.38
H2_2_Qubits,TwoLocal,2,COBYLA,depolarizing,0.081,-1.8572750302023802,-1.5537960620752398,58,1.96
H2_2_Qubits,TwoLocal,2,COBYLA,depolarizing,0.082,-1.8572750302023802,-1.5414591242977247,57,1.9
H2_2_Qubits,TwoLocal,2,COBYLA,depolarizing,0.083,-1.8572750302023802,-1.55272556109337,49,1.64
H2_2_Qubits,TwoLocal,2,COBYLA,depolarizing,0.084,-1.8572750302023802,-1.562072226599019,67,2.23
H2_2_Qubits,TwoLocal,2,COBYLA,depolarizing,0.085,-1.8572750302023802,-1.5335409670419362,55,1.88
H2_2_Qubits,TwoLocal,2,COBYLA,depolarizing,0.08600000000000001,-1.8572750302023802,-1.5343543538857363,67,2.25
H2_2_Qubits,TwoLocal,2,COBYLA,depolarizing,0.08700000000000001,-1.8572750302023802,-1.5504579639691491,68,2.3
H2_2_Qubits,TwoLocal,2,COBYLA,depolarizing,0.088,-1.8572750302023802,-1.5341465655837523,82,2.74
H2_2_Qubits,TwoLocal,2,COBYLA,depolarizing,0.089,-1.8572750302023802,-1.5450688973694082,53,1.86
H2_2_Qubits,TwoLocal,2,COBYLA,depolarizing,0.09,-1.8572750302023802,-1.5206150495684057,57,2.0
H2_2_Qubits,TwoLocal,2,COBYLA,depolarizing,0.091,-1.8572750302023802,-1.5377339341806033,58,1.95
H2_2_Qubits,TwoLocal,2,COBYLA,depolarizing,0.092,-1.8572750302023802,-1.5354217970832713,53,1.78
H2_2_Qubits,TwoLocal,2,COBYLA,depolarizing,0.093,-1.8572750302023802,-1.5142569619315225,52,1.74
H2_2_Qubits,TwoLocal,2,COBYLA,depolarizing,0.094,-1.8572750302023802,-1.495096470687287,76,2.53
H2_2_Qubits,TwoLocal,2,COBYLA,depolarizing,0.095,-1.8572750302023802,-1.5116449406493027,59,2.07
H2_2_Qubits,TwoLocal,2,COBYLA,depolarizing,0.096,-1.8572750302023802,-1.4976788280426627,59,2.0
H2_2_Qubits,TwoLocal,2,COBYLA,depolarizing,0.097,-1.8572750302023802,-1.522157543732864,57,1.94
H2_2_Qubits,TwoLocal,2,COBYLA,depolarizing,0.098,-1.8572750302023802,-1.5167149749810958,50,1.73
H2_2_Qubits,TwoLocal,2,COBYLA,depolarizing,0.099,-1.8572750302023802,-1.483833413291813,54,1.96
H2_2_Qubits,TwoLocal,2,COBYLA,depolarizing,0.1,-1.8572750302023802,-1.4840721057417914,63,2.07
H2_2_Qubits,TwoLocal,2,COBYLA,bitflip,0.001,-1.8572750302023802,-1.8531016121049702,51,1.77
H2_2_Qubits,TwoLocal,2,COBYLA,bitflip,0.002,-1.8572750302023802,-1.8439794025329659,84,2.78
H2_2_Qubits,TwoLocal,2,COBYLA,bitflip,0.003,-1.8572750302023802,-1.8377084363983045,56,1.86
H2_2_Qubits,TwoLocal,2,COBYLA,bitflip,0.004,-1.8572750302023802,-1.8371064483148216,60,1.98
H2_2_Qubits,TwoLocal,2,COBYLA,bitflip,0.005,-1.8572750302023802,-1.8273532661075258,56,1.83
H2_2_Qubits,TwoLocal,2,COBYLA,bitflip,0.006,-1.8572750302023802,-1.8232566657304847,56,1.83
H2_2_Qubits,TwoLocal,2,COBYLA,bitflip,0.007,-1.8572750302023802,-1.8147727173751012,68,2.23
H2_2_Qubits,TwoLocal,2,COBYLA,bitflip,0.008,-1.8572750302023802,-1.8111033252729647,76,2.5
H2_2_Qubits,TwoLocal,2,COBYLA,bitflip,0.009000000000000001,-1.8572750302023802,-1.8048476006597163,66,2.18
H2_2_Qubits,TwoLocal,2,COBYLA,bitflip,0.01,-1.8572750302023802,-1.8048152570570797,59,1.96
H2_2_Qubits,TwoLocal,2,COBYLA,bitflip,0.011,-1.8572750302023802,-1.7874168715527123,60,2.0
H2_2_Qubits,TwoLocal,2,COBYLA,bitflip,0.012,-1.8572750302023802,-1.8037373837136266,62,2.09
H2_2_Qubits,TwoLocal,2,COBYLA,bitflip,0.013000000000000001,-1.8572750302023802,-1.7716652680049014,57,1.89
H2_2_Qubits,TwoLocal,2,COBYLA,bitflip,0.014,-1.8572750302023802,-1.755785735053791,53,1.75
H2_2_Qubits,TwoLocal,2,COBYLA,bitflip,0.015,-1.8572750302023802,-1.765723066562282,65,2.16
H2_2_Qubits,TwoLocal,2,COBYLA,bitflip,0.016,-1.8572750302023802,-1.7811335626141518,81,2.67
H2_2_Qubits,TwoLocal,2,COBYLA,bitflip,0.017,-1.8572750302023802,-1.7677949302572196,54,1.79
H2_2_Qubits,TwoLocal,2,COBYLA,bitflip,0.018000000000000002,-1.8572750302023802,-1.74889907972875,66,2.18
H2_2_Qubits,TwoLocal,2,COBYLA,bitflip,0.019,-1.8572750302023802,-1.7252011154101488,59,1.94
H2_2_Qubits,TwoLocal,2,COBYLA,bitflip,0.02,-1.8572750302023802,-1.7641324068560573,67,2.21
H2_2_Qubits,TwoLocal,2,COBYLA,bitflip,0.021,-1.8572750302023802,-1.7528612595689472,73,2.42
H2_2_Qubits,TwoLocal,2,COBYLA,bitflip,0.022,-1.8572750302023802,-1.7287783145229314,62,2.05
H2_2_Qubits,TwoLocal,2,COBYLA,bitflip,0.023,-1.8572750302023802,-1.7326226514413852,65,2.16
H2_2_Qubits,TwoLocal,2,COBYLA,bitflip,0.024,-1.8572750302023802,-1.706745829839577,63,2.12
H2_2_Qubits,TwoLocal,2,COBYLA,bitflip,0.025,-1.8572750302023802,-1.713517291470497,78,2.57
H2_2_Qubits,TwoLocal,2,COBYLA,bitflip,0.026000000000000002,-1.8572750302023802,-1.730715137950221,63,2.12
H2_2_Qubits,TwoLocal,2,COBYLA,bitflip,0.027,-1.8572750302023802,-1.7295140774437614,48,1.59
H2_2_Qubits,TwoLocal,2,COBYLA,bitflip,0.028,-1.8572750302023802,-1.706133556192732,62,2.06
H2_2_Qubits,TwoLocal,2,COBYLA,bitflip,0.029,-1.8572750302023802,-1.6868923838672472,55,1.84
H2_2_Qubits,TwoLocal,2,COBYLA,bitflip,0.03,-1.8572750302023802,-1.7014729226259495,61,2.06
H2_2_Qubits,TwoLocal,2,COBYLA,bitflip,0.031,-1.8572750302023802,-1.696049532396314,69,2.29
H2_2_Qubits,TwoLocal,2,COBYLA,bitflip,0.032,-1.8572750302023802,-1.6684565477220723,71,2.35
H2_2_Qubits,TwoLocal,2,COBYLA,bitflip,0.033,-1.8572750302023802,-1.6858346774792434,62,2.05
H2_2_Qubits,TwoLocal,2,COBYLA,bitflip,0.034,-1.8572750302023802,-1.6744816983651805,68,2.26
H2_2_Qubits,TwoLocal,2,COBYLA,bitflip,0.035,-1.8572750302023802,-1.656964277810981,63,2.08
H2_2_Qubits,TwoLocal,2,COBYLA,bitflip,0.036000000000000004,-1.8572750302023802,-1.6861985307982383,72,2.4
H2_2_Qubits,TwoLocal,2,COBYLA,bitflip,0.037,-1.8572750302023802,-1.6795752847568857,72,2.38
H2_2_Qubits,TwoLocal,2,COBYLA,bitflip,0.038,-1.8572750302023802,-1.6267147909086828,102,3.36
H2_2_Qubits,TwoLocal,2,COBYLA,bitflip,0.039,-1.8572750302023802,-1.6701991101574616,62,2.04
H2_2_Qubits,TwoLocal,2,COBYLA,bitflip,0.04,-1.8572750302023802,-1.6664067599479262,74,2.59
H2_2_Qubits,TwoLocal,2,COBYLA,bitflip,0.041,-1.8572750302023802,-1.6643102960305869,113,3.7
H2_2_Qubits,TwoLocal,2,COBYLA,bitflip,0.042,-1.8572750302023802,-1.6701430533405954,60,1.99
H2_2_Qubits,TwoLocal,2,COBYLA,bitflip,0.043000000000000003,-1.8572750302023802,-1.6383499733987765,54,1.8
H2_2_Qubits,TwoLocal,2,COBYLA,bitflip,0.044,-1.8572750302023802,-1.604350696934696,72,2.38
H2_2_Qubits,TwoLocal,2,COBYLA,bitflip,0.045,-1.8572750302023802,-1.6496555883572226,82,2.74
H2_2_Qubits,TwoLocal,2,COBYLA,bitflip,0.046,-1.8572750302023802,-1.6522634644644716,49,1.65
H2_2_Qubits,TwoLocal,2,COBYLA,bitflip,0.047,-1.8572750302023802,-1.5875493632881477,84,3.09
H2_2_Qubits,TwoLocal,2,COBYLA,bitflip,0.048,-1.8572750302023802,-1.6393683712212042,51,1.75
H2_2_Qubits,TwoLocal,2,COBYLA,bitflip,0.049,-1.8572750302023802,-1.61599489878921,63,2.14
H2_2_Qubits,TwoLocal,2,COBYLA,bitflip,0.05,-1.8572750302023802,-1.5663809685423233,61,2.05
H2_2_Qubits,TwoLocal,2,COBYLA,bitflip,0.051000000000000004,-1.8572750302023802,-1.5763211941371638,63,2.11
H2_2_Qubits,TwoLocal,2,COBYLA,bitflip,0.052000000000000005,-1.8572750302023802,-1.6214919764640108,67,2.25
H2_2_Qubits,TwoLocal,2,COBYLA,bitflip,0.053,-1.8572750302023802,-1.5547522156057318,52,1.75
H2_2_Qubits,TwoLocal,2,COBYLA,bitflip,0.054,-1.8572750302023802,-1.6203926312791348,54,1.82
H2_2_Qubits,TwoLocal,2,COBYLA,bitflip,0.055,-1.8572750302023802,-1.5694622112363819,60,2.01
H2_2_Qubits,TwoLocal,2,COBYLA,bitflip,0.056,-1.8572750302023802,-1.5843373838845336,57,1.92
H2_2_Qubits,TwoLocal,2,COBYLA,bitflip,0.057,-1.8572750302023802,-1.5971635013989138,78,2.61
H2_2_Qubits,TwoLocal,2,COBYLA,bitflip,0.058,-1.8572750302023802,-1.5934119316512234,86,2.87
H2_2_Qubits,TwoLocal,2,COBYLA,bitflip,0.059000000000000004,-1.8572750302023802,-1.590984174430637,69,2.3
H2_2_Qubits,TwoLocal,2,COBYLA,bitflip,0.06,-1.8572750302023802,-1.5928504512754527,106,3.53
H2_2_Qubits,TwoLocal,2,COBYLA,bitflip,0.061,-1.8572750302023802,-1.5949518774720906,55,1.84
H2_2_Qubits,TwoLocal,2,COBYLA,bitflip,0.062,-1.8572750302023802,-1.5742272843435499,75,2.55
H2_2_Qubits,TwoLocal,2,COBYLA,bitflip,0.063,-1.8572750302023802,-1.5862238360086005,72,2.41
H2_2_Qubits,TwoLocal,2,COBYLA,bitflip,0.064,-1.8572750302023802,-1.583162500082512,58,1.94
H2_2_Qubits,TwoLocal,2,COBYLA,bitflip,0.065,-1.8572750302023802,-1.576109323550007,65,2.2
H2_2_Qubits,TwoLocal,2,COBYLA,bitflip,0.066,-1.8572750302023802,-1.53547000393158,85,2.84
H2_2_Qubits,TwoLocal,2,COBYLA,bitflip,0.067,-1.8572750302023802,-1.5621800816829394,65,2.18
H2_2_Qubits,TwoLocal,2,COBYLA,bitflip,0.068,-1.8572750302023802,-1.56433662512483,88,2.94
H2_2_Qubits,TwoLocal,2,COBYLA,bitflip,0.069,-1.8572750302023802,-1.5586247281346848,85,2.88
H2_2_Qubits,TwoLocal,2,COBYLA,bitflip,0.07,-1.8572750302023802,-1.5504660671869812,71,2.42
H2_2_Qubits,TwoLocal,2,COBYLA,bitflip,0.07100000000000001,-1.8572750302023802,-1.5597335100965117,108,3.79
H2_2_Qubits,TwoLocal,2,COBYLA,bitflip,0.07200000000000001,-1.8572750302023802,-1.5483943684239412,80,2.98
H2_2_Qubits,TwoLocal,2,COBYLA,bitflip,0.073,-1.8572750302023802,-1.5497877791819328,93,3.55
H2_2_Qubits,TwoLocal,2,COBYLA,bitflip,0.074,-1.8572750302023802,-1.5232859425956526,83,3.02
H2_2_Qubits,TwoLocal,2,COBYLA,bitflip,0.075,-1.8572750302023802,-1.5219934288210049,69,2.49
H2_2_Qubits,TwoLocal,2,COBYLA,bitflip,0.076,-1.8572750302023802,-1.4490308490230426,91,3.59
H2_2_Qubits,TwoLocal,2,COBYLA,bitflip,0.077,-1.8572750302023802,-1.489808540833183,74,2.82
H2_2_Qubits,TwoLocal,2,COBYLA,bitflip,0.078,-1.8572750302023802,-1.5201922212192716,82,2.99
H2_2_Qubits,TwoLocal,2,COBYLA,bitflip,0.079,-1.8572750302023802,-1.4995747466141107,70,2.75
H2_2_Qubits,TwoLocal,2,COBYLA,bitflip,0.08,-1.8572750302023802,-1.503912828324756,89,3.81
H2_2_Qubits,TwoLocal,2,COBYLA,bitflip,0.081,-1.8572750302023802,-1.5039867721130762,99,3.59
H2_2_Qubits,TwoLocal,2,COBYLA,bitflip,0.082,-1.8572750302023802,-1.5096585059801986,105,3.54
H2_2_Qubits,TwoLocal,2,COBYLA,bitflip,0.083,-1.8572750302023802,-1.485435103360802,64,2.17
H2_2_Qubits,TwoLocal,2,COBYLA,bitflip,0.084,-1.8572750302023802,-1.4984180744841609,75,2.56
H2_2_Qubits,TwoLocal,2,COBYLA,bitflip,0.085,-1.8572750302023802,-1.4926831943673933,71,2.47
H2_2_Qubits,TwoLocal,2,COBYLA,bitflip,0.08600000000000001,-1.8572750302023802,-1.4971236993719605,109,3.74
H2_2_Qubits,TwoLocal,2,COBYLA,bitflip,0.08700000000000001,-1.8572750302023802,-1.4439368057540347,82,2.76
H2_2_Qubits,TwoLocal,2,COBYLA,bitflip,0.088,-1.8572750302023802,-1.4788545811240736,58,1.98
H2_2_Qubits,TwoLocal,2,COBYLA,bitflip,0.089,-1.8572750302023802,-1.491562843539485,70,2.39
H2_2_Qubits,TwoLocal,2,COBYLA,bitflip,0.09,-1.8572750302023802,-1.4822231494697087,73,2.49
H2_2_Qubits,TwoLocal,2,COBYLA,bitflip,0.091,-1.8572750302023802,-1.479181615725823,63,2.16
H2_2_Qubits,TwoLocal,2,COBYLA,bitflip,0.092,-1.8572750302023802,-1.4701239170186111,81,2.78
H2_2_Qubits,TwoLocal,2,COBYLA,bitflip,0.093,-1.8572750302023802,-1.42943398941035,59,2.0
H2_2_Qubits,TwoLocal,2,COBYLA,bitflip,0.094,-1.8572750302023802,-1.4619875711461356,80,2.71
H2_2_Qubits,TwoLocal,2,COBYLA,bitflip,0.095,-1.8572750302023802,-1.4387239235748057,66,2.26
H2_2_Qubits,TwoLocal,2,COBYLA,bitflip,0.096,-1.8572750302023802,-1.4628644887452138,59,2.03
H2_2_Qubits,TwoLocal,2,COBYLA,bitflip,0.097,-1.8572750302023802,-1.3036666907344745,52,1.78
H2_2_Qubits,TwoLocal,2,COBYLA,bitflip,0.098,-1.8572750302023802,-1.4433201370710964,75,2.59
H2_2_Qubits,TwoLocal,2,COBYLA,bitflip,0.099,-1.8572750302023802,-1.4450172352237673,66,2.27
H2_2_Qubits,TwoLocal,2,COBYLA,bitflip,0.1,-1.8572750302023802,-1.4433238946556524,93,3.15
H2_2_Qubits,TwoLocal,2,SPSA,noiseless,0.0,-1.8572750302023802,-1.8588778201944018,500,19.94
H2_2_Qubits,TwoLocal,2,SPSA,depolarizing,0.001,-1.8572750302023802,-1.8555316017576038,500,17.38
H2_2_Qubits,TwoLocal,2,SPSA,depolarizing,0.002,-1.8572750302023802,-1.8490548990270868,500,17.41
H2_2_Qubits,TwoLocal,2,SPSA,depolarizing,0.003,-1.8572750302023802,-1.8470947182938982,500,17.62
H2_2_Qubits,TwoLocal,2,SPSA,depolarizing,0.004,-1.8572750302023802,-1.8423883621745307,500,17.7
H2_2_Qubits,TwoLocal,2,SPSA,depolarizing,0.005,-1.8572750302023802,-1.8346844235428705,500,17.37
H2_2_Qubits,TwoLocal,2,SPSA,depolarizing,0.006,-1.8572750302023802,-1.8331096923640975,500,18.84
H2_2_Qubits,TwoLocal,2,SPSA,depolarizing,0.007,-1.8572750302023802,-1.825539091349025,500,17.42
H2_2_Qubits,TwoLocal,2,SPSA,depolarizing,0.008,-1.8572750302023802,-1.8206792192490366,500,17.81
H2_2_Qubits,TwoLocal,2,SPSA,depolarizing,0.009000000000000001,-1.8572750302023802,-1.8185648183404701,500,17.85
H2_2_Qubits,TwoLocal,2,SPSA,depolarizing,0.01,-1.8572750302023802,-1.8190125951893337,500,17.84
H2_2_Qubits,TwoLocal,2,SPSA,depolarizing,0.011,-1.8572750302023802,-1.8103853954503928,500,18.29
H2_2_Qubits,TwoLocal,2,SPSA,depolarizing,0.012,-1.8572750302023802,-1.8059936980611937,500,18.62
H2_2_Qubits,TwoLocal,2,SPSA,depolarizing,0.013000000000000001,-1.8572750302023802,-1.8011048725503667,500,18.16
H2_2_Qubits,TwoLocal,2,SPSA,depolarizing,0.014,-1.8572750302023802,-1.8052771201354298,500,17.7
H2_2_Qubits,TwoLocal,2,SPSA,depolarizing,0.015,-1.8572750302023802,-1.802807643498342,500,17.32
H2_2_Qubits,TwoLocal,2,SPSA,depolarizing,0.016,-1.8572750302023802,-1.7908425105852084,500,17.43
H2_2_Qubits,TwoLocal,2,SPSA,depolarizing,0.017,-1.8572750302023802,-1.785602590205889,500,17.77
H2_2_Qubits,TwoLocal,2,SPSA,depolarizing,0.018000000000000002,-1.8572750302023802,-1.780160841719073,500,17.92
H2_2_Qubits,TwoLocal,2,SPSA,depolarizing,0.019,-1.8572750302023802,-1.7789255889149205,500,18.47
H2_2_Qubits,TwoLocal,2,SPSA,depolarizing,0.02,-1.8572750302023802,-1.781128167660316,500,19.72
H2_2_Qubits,TwoLocal,2,SPSA,depolarizing,0.021,-1.8572750302023802,-1.7686781194919496,500,18.42
H2_2_Qubits,TwoLocal,2,SPSA,depolarizing,0.022,-1.8572750302023802,-1.7703591888500945,500,18.12
H2_2_Qubits,TwoLocal,2,SPSA,depolarizing,0.023,-1.8572750302023802,-1.7620071608568675,500,18.03
H2_2_Qubits,TwoLocal,2,SPSA,depolarizing,0.024,-1.8572750302023802,-1.7543257504012375,500,17.94
H2_2_Qubits,TwoLocal,2,SPSA,depolarizing,0.025,-1.8572750302023802,-1.7524936709414503,500,18.48
H2_2_Qubits,TwoLocal,2,SPSA,depolarizing,0.026000000000000002,-1.8572750302023802,-1.747554555896001,500,18.43
H2_2_Qubits,TwoLocal,2,SPSA,depolarizing,0.027,-1.8572750302023802,-1.7419163222331968,500,18.35
H2_2_Qubits,TwoLocal,2,SPSA,depolarizing,0.028,-1.8572750302023802,-1.7438176040096536,500,18.34
H2_2_Qubits,TwoLocal,2,SPSA,depolarizing,0.029,-1.8572750302023802,-1.7427636202967547,500,18.41
H2_2_Qubits,TwoLocal,2,SPSA,depolarizing,0.03,-1.8572750302023802,-1.7436411291051768,500,18.48
H2_2_Qubits,TwoLocal,2,SPSA,depolarizing,0.031,-1.8572750302023802,-1.724255579233526,500,18.55
H2_2_Qubits,TwoLocal,2,SPSA,depolarizing,0.032,-1.8572750302023802,-1.732953949215011,500,18.72
H2_2_Qubits,TwoLocal,2,SPSA,depolarizing,0.033,-1.8572750302023802,-1.716903713112047,500,18.72
H2_2_Qubits,TwoLocal,2,SPSA,depolarizing,0.034,-1.8572750302023802,-1.7214020195838817,500,18.25
H2_2_Qubits,TwoLocal,2,SPSA,depolarizing,0.035,-1.8572750302023802,-1.7050342807600152,500,17.94
H2_2_Qubits,TwoLocal,2,SPSA,depolarizing,0.036000000000000004,-1.8572750302023802,-1.7190253620640419,500,18.08
H2_2_Qubits,TwoLocal,2,SPSA,depolarizing,0.037,-1.8572750302023802,-1.7089180474774182,500,18.17
H2_2_Qubits,TwoLocal,2,SPSA,depolarizing,0.038,-1.8572750302023802,-1.6969381901146194,500,18.21
H2_2_Qubits,TwoLocal,2,SPSA,depolarizing,0.039,-1.8572750302023802,-1.7081890854321138,500,18.47
H2_2_Qubits,TwoLocal,2,SPSA,depolarizing,0.04,-1.8572750302023802,-1.687317869767805,500,18.36
H2_2_Qubits,TwoLocal,2,SPSA,depolarizing,0.041,-1.8572750302023802,-1.6977569122589244,500,18.4
H2_2_Qubits,TwoLocal,2,SPSA,depolarizing,0.042,-1.8572750302023802,-1.7007152241240315,500,18.46
H2_2_Qubits,TwoLocal,2,SPSA,depolarizing,0.043000000000000003,-1.8572750302023802,-1.6838196020834768,500,17.95
H2_2_Qubits,TwoLocal,2,SPSA,depolarizing,0.044,-1.8572750302023802,-1.6806026807499068,500,18.04
H2_2_Qubits,TwoLocal,2,SPSA,depolarizing,0.045,-1.8572750302023802,-1.6724130034374372,500,18.2
H2_2_Qubits,TwoLocal,2,SPSA,depolarizing,0.046,-1.8572750302023802,-1.6697358235125312,500,18.16
H2_2_Qubits,TwoLocal,2,SPSA,depolarizing,0.047,-1.8572750302023802,-1.6785225241613604,500,18.24
H2_2_Qubits,TwoLocal,2,SPSA,depolarizing,0.048,-1.8572750302023802,-1.669807579260128,500,18.23
H2_2_Qubits,TwoLocal,2,SPSA,depolarizing,0.049,-1.8572750302023802,-1.6795701842162805,500,18.39
H2_2_Qubits,TwoLocal,2,SPSA,depolarizing,0.05,-1.8572750302023802,-1.650781687436886,500,18.64
H2_2_Qubits,TwoLocal,2,SPSA,depolarizing,0.051000000000000004,-1.8572750302023802,-1.6473821851120412,500,18.59
H2_2_Qubits,TwoLocal,2,SPSA,depolarizing,0.052000000000000005,-1.8572750302023802,-1.6556029455324979,500,18.72
H2_2_Qubits,TwoLocal,2,SPSA,depolarizing,0.053,-1.8572750302023802,-1.6656396367704402,500,18.49
H2_2_Qubits,TwoLocal,2,SPSA,depolarizing,0.054,-1.8572750302023802,-1.6633184943367818,500,18.17
H2_2_Qubits,TwoLocal,2,SPSA,depolarizing,0.055,-1.8572750302023802,-1.6513463893708193,500,18.29
H2_2_Qubits,TwoLocal,2,SPSA,depolarizing,0.056,-1.8572750302023802,-1.6371788819481765,500,18.29
H2_2_Qubits,TwoLocal,2,SPSA,depolarizing,0.057,-1.8572750302023802,-1.6247066399379546,500,18.53
H2_2_Qubits,TwoLocal,2,SPSA,depolarizing,0.058,-1.8572750302023802,-1.6494465204542572,500,18.45
H2_2_Qubits,TwoLocal,2,SPSA,depolarizing,0.059000000000000004,-1.8572750302023802,-1.648101812650023,500,18.4
H2_2_Qubits,TwoLocal,2,SPSA,depolarizing,0.06,-1.8572750302023802,-1.631587823618796,500,18.49
H2_2_Qubits,TwoLocal,2,SPSA,depolarizing,0.061,-1.8572750302023802,-1.6110055614176293,500,18.69
H2_2_Qubits,TwoLocal,2,SPSA,depolarizing,0.062,-1.8572750302023802,-1.6246392837726724,500,18.35
H2_2_Qubits,TwoLocal,2,SPSA,depolarizing,0.063,-1.8572750302023802,-1.6103899406696531,500,17.87
H2_2_Qubits,TwoLocal,2,SPSA,depolarizing,0.064,-1.8572750302023802,-1.6183722693687235,500,17.95
H2_2_Qubits,TwoLocal,2,SPSA,depolarizing,0.065,-1.8572750302023802,-1.6003112463936058,500,18.18
H2_2_Qubits,TwoLocal,2,SPSA,depolarizing,0.066,-1.8572750302023802,-1.5941385660847418,500,18.23
H2_2_Qubits,TwoLocal,2,SPSA,depolarizing,0.067,-1.8572750302023802,-1.5914445859620616,500,18.4
H2_2_Qubits,TwoLocal,2,SPSA,depolarizing,0.068,-1.8572750302023802,-1.5910275090253068,500,18.51
H2_2_Qubits,TwoLocal,2,SPSA,depolarizing,0.069,-1.8572750302023802,-1.6007746219061254,500,18.43
H2_2_Qubits,TwoLocal,2,SPSA,depolarizing,0.07,-1.8572750302023802,-1.6085380520894594,500,18.68
H2_2_Qubits,TwoLocal,2,SPSA,depolarizing,0.07100000000000001,-1.8572750302023802,-1.5942966135968353,500,18.51
H2_2_Qubits,TwoLocal,2,SPSA,depolarizing,0.07200000000000001,-1.8572750302023802,-1.5901162939258118,500,17.94
H2_2_Qubits,TwoLocal,2,SPSA,depolarizing,0.073,-1.8572750302023802,-1.5907541186903145,500,18.06
H2_2_Qubits,TwoLocal,2,SPSA,depolarizing,0.074,-1.8572750302023802,-1.5882367080348931,500,18.16
H2_2_Qubits,TwoLocal,2,SPSA,depolarizing,0.075,-1.8572750302023802,-1.5900132146818793,500,18.34
H2_2_Qubits,TwoLocal,2,SPSA,depolarizing,0.076,-1.8572750302023802,-1.5637373857765005,500,18.3
H2_2_Qubits,TwoLocal,2,SPSA,depolarizing,0.077,-1.8572750302023802,-1.58930307085584,500,18.36
H2_2_Qubits,TwoLocal,2,SPSA,depolarizing,0.078,-1.8572750302023802,-1.585185188845167,500,18.41
H2_2_Qubits,TwoLocal,2,SPSA,depolarizing,0.079,-1.8572750302023802,-1.565589962748331,500,18.53
H2_2_Qubits,TwoLocal,2,SPSA,depolarizing,0.08,-1.8572750302023802,-1.5520935080814897,500,18.08
H2_2_Qubits,TwoLocal,2,SPSA,depolarizing,0.081,-1.8572750302023802,-1.5780964059970044,500,17.95
H2_2_Qubits,TwoLocal,2,SPSA,depolarizing,0.082,-1.8572750302023802,-1.5405628435880727,500,18.09
H2_2_Qubits,TwoLocal,2,SPSA,depolarizing,0.083,-1.8572750302023802,-1.5726748250825942,500,18.03
H2_2_Qubits,TwoLocal,2,SPSA,depolarizing,0.084,-1.8572750302023802,-1.5452146146351573,500,18.27
H2_2_Qubits,TwoLocal,2,SPSA,depolarizing,0.085,-1.8572750302023802,-1.5594500593335978,500,18.45
H2_2_Qubits,TwoLocal,2,SPSA,depolarizing,0.08600000000000001,-1.8572750302023802,-1.5640796904878655,500,18.28
H2_2_Qubits,TwoLocal,2,SPSA,depolarizing,0.08700000000000001,-1.8572750302023802,-1.5557270103222087,500,18.23
H2_2_Qubits,TwoLocal,2,SPSA,depolarizing,0.088,-1.8572750302023802,-1.555341451018847,500,18.3
H2_2_Qubits,TwoLocal,2,SPSA,depolarizing,0.089,-1.8572750302023802,-1.5566440581374126,500,18.38
H2_2_Qubits,TwoLocal,2,SPSA,depolarizing,0.09,-1.8572750302023802,-1.541294257022204,500,17.99
H2_2_Qubits,TwoLocal,2,SPSA,depolarizing,0.091,-1.8572750302023802,-1.541505464721146,500,18.04
H2_2_Qubits,TwoLocal,2,SPSA,depolarizing,0.092,-1.8572750302023802,-1.526517941059851,500,18.0
H2_2_Qubits,TwoLocal,2,SPSA,depolarizing,0.093,-1.8572750302023802,-1.5440810619664243,500,18.11
H2_2_Qubits,TwoLocal,2,SPSA,depolarizing,0.094,-1.8572750302023802,-1.5103445133235007,500,18.21
H2_2_Qubits,TwoLocal,2,SPSA,depolarizing,0.095,-1.8572750302023802,-1.5216067536146474,500,18.18
H2_2_Qubits,TwoLocal,2,SPSA,depolarizing,0.096,-1.8572750302023802,-1.5159878735805448,500,18.32
H2_2_Qubits,TwoLocal,2,SPSA,depolarizing,0.097,-1.8572750302023802,-1.5303346783909866,500,18.43
H2_2_Qubits,TwoLocal,2,SPSA,depolarizing,0.098,-1.8572750302023802,-1.5274493809172576,500,18.45
H2_2_Qubits,TwoLocal,2,SPSA,depolarizing,0.099,-1.8572750302023802,-1.4987989594485207,500,18.61
H2_2_Qubits,TwoLocal,2,SPSA,depolarizing,0.1,-1.8572750302023802,-1.500394195077542,500,17.88
H2_2_Qubits,TwoLocal,2,SPSA,bitflip,0.001,-1.8572750302023802,-1.852690803026287,500,17.96
H2_2_Qubits,TwoLocal,2,SPSA,bitflip,0.002,-1.8572750302023802,-1.8480363617852822,500,18.02
H2_2_Qubits,TwoLocal,2,SPSA,bitflip,0.003,-1.8572750302023802,-1.844097626182762,500,18.09
H2_2_Qubits,TwoLocal,2,SPSA,bitflip,0.004,-1.8572750302023802,-1.830097765437393,500,18.25
H2_2_Qubits,TwoLocal,2,SPSA,bitflip,0.005,-1.8572750302023802,-1.82636757242723,500,18.23
H2_2_Qubits,TwoLocal,2,SPSA,bitflip,0.006,-1.8572750302023802,-1.8280707278049952,500,18.21
H2_2_Qubits,TwoLocal,2,SPSA,bitflip,0.007,-1.8572750302023802,-1.8206804170055748,500,18.23
H2_2_Qubits,TwoLocal,2,SPSA,bitflip,0.008,-1.8572750302023802,-1.7978033672665386,500,18.15
H2_2_Qubits,TwoLocal,2,SPSA,bitflip,0.009000000000000001,-1.8572750302023802,-1.807914608147196,500,18.24
H2_2_Qubits,TwoLocal,2,SPSA,bitflip,0.01,-1.8572750302023802,-1.795864287973077,500,18.47
H2_2_Qubits,TwoLocal,2,SPSA,bitflip,0.011,-1.8572750302023802,-1.8085780164042393,500,18.45
H2_2_Qubits,TwoLocal,2,SPSA,bitflip,0.012,-1.8572750302023802,-1.8018702517702507,500,17.94
H2_2_Qubits,TwoLocal,2,SPSA,bitflip,0.013000000000000001,-1.8572750302023802,-1.7893541567929556,500,18.02
H2_2_Qubits,TwoLocal,2,SPSA,bitflip,0.014,-1.8572750302023802,-1.7784936657540138,500,18.04
H2_2_Qubits,TwoLocal,2,SPSA,bitflip,0.015,-1.8572750302023802,-1.7899270399448404,500,18.07
H2_2_Qubits,TwoLocal,2,SPSA,bitflip,0.016,-1.8572750302023802,-1.7598050693520044,500,18.14
H2_2_Qubits,TwoLocal,2,SPSA,bitflip,0.017,-1.8572750302023802,-1.7692889428925251,500,18.38
H2_2_Qubits,TwoLocal,2,SPSA,bitflip,0.018000000000000002,-1.8572750302023802,-1.7733868057667705,500,18.18
H2_2_Qubits,TwoLocal,2,SPSA,bitflip,0.019,-1.8572750302023802,-1.7632936224937565,500,18.19
H2_2_Qubits,TwoLocal,2,SPSA,bitflip,0.02,-1.8572750302023802,-1.75673223115137,500,18.2
H2_2_Qubits,TwoLocal,2,SPSA,bitflip,0.021,-1.8572750302023802,-1.7409097263375672,500,18.19
H2_2_Qubits,TwoLocal,2,SPSA,bitflip,0.022,-1.8572750302023802,-1.756620319134013,500,18.41
H2_2_Qubits,TwoLocal,2,SPSA,bitflip,0.023,-1.8572750302023802,-1.7440237282717668,500,18.11
H2_2_Qubits,TwoLocal,2,SPSA,bitflip,0.024,-1.8572750302023802,-1.7468932736343685,500,18.14
H2_2_Qubits,TwoLocal,2,SPSA,bitflip,0.025,-1.8572750302023802,-1.7442067477177137,500,18.22
H2_2_Qubits,TwoLocal,2,SPSA,bitflip,0.026000000000000002,-1.8572750302023802,-1.699571755685775,500,18.27
H2_2_Qubits,TwoLocal,2,SPSA,bitflip,0.027,-1.8572750302023802,-1.7345776460028455,500,18.31
H2_2_Qubits,TwoLocal,2,SPSA,bitflip,0.028,-1.8572750302023802,-1.7271626259248756,500,18.49
H2_2_Qubits,TwoLocal,2,SPSA,bitflip,0.029,-1.8572750302023802,-1.723302799550598,500,18.3
H2_2_Qubits,TwoLocal,2,SPSA,bitflip,0.03,-1.8572750302023802,-1.7223743509618343,500,18.33
H2_2_Qubits,TwoLocal,2,SPSA,bitflip,0.031,-1.8572750302023802,-1.7183564897938028,500,18.38
H2_2_Qubits,TwoLocal,2,SPSA,bitflip,0.032,-1.8572750302023802,-1.7124002084429444,500,18.42
H2_2_Qubits,TwoLocal,2,SPSA,bitflip,0.033,-1.8572750302023802,-1.663110380565539,500,18.3
H2_2_Qubits,TwoLocal,2,SPSA,bitflip,0.034,-1.8572750302023802,-1.6958318969947386,500,18.35
H2_2_Qubits,TwoLocal,2,SPSA,bitflip,0.035,-1.8572750302023802,-1.6977976947233233,500,18.6
H2_2_Qubits,TwoLocal,2,SPSA,bitflip,0.036000000000000004,-1.8572750302023802,-1.6666852571447721,500,18.51
H2_2_Qubits,TwoLocal,2,SPSA,bitflip,0.037,-1.8572750302023802,-1.690650978382893,500,18.47
H2_2_Qubits,TwoLocal,2,SPSA,bitflip,0.038,-1.8572750302023802,-1.6506672518107175,500,18.57
H2_2_Qubits,TwoLocal,2,SPSA,bitflip,0.039,-1.8572750302023802,-1.6250986162281644,500,18.7
H2_2_Qubits,TwoLocal,2,SPSA,bitflip,0.04,-1.8572750302023802,-1.6814330061286311,500,18.37
H2_2_Qubits,TwoLocal,2,SPSA,bitflip,0.041,-1.8572750302023802,-1.6558496872512696,500,18.5
H2_2_Qubits,TwoLocal,2,SPSA,bitflip,0.042,-1.8572750302023802,-1.6700903239015727,500,18.31
H2_2_Qubits,TwoLocal,2,SPSA,bitflip,0.043000000000000003,-1.8572750302023802,-1.6675543690907744,500,18.49
H2_2_Qubits,TwoLocal,2,SPSA,bitflip,0.044,-1.8572750302023802,-1.6422328901049543,500,18.56
H2_2_Qubits,TwoLocal,2,SPSA,bitflip,0.045,-1.8572750302023802,-1.6518706019347302,500,18.59
H2_2_Qubits,TwoLocal,2,SPSA,bitflip,0.046,-1.8572750302023802,-1.6048082910610348,500,18.66
H2_2_Qubits,TwoLocal,2,SPSA,bitflip,0.047,-1.8572750302023802,-1.6167160095562019,500,18.05
H2_2_Qubits,TwoLocal,2,SPSA,bitflip,0.048,-1.8572750302023802,-1.6409469588660093,500,18.3
H2_2_Qubits,TwoLocal,2,SPSA,bitflip,0.049,-1.8572750302023802,-1.5919576476984767,500,18.31
H2_2_Qubits,TwoLocal,2,SPSA,bitflip,0.05,-1.8572750302023802,-1.5798203753394713,500,18.5
H2_2_Qubits,TwoLocal,2,SPSA,bitflip,0.051000000000000004,-1.8572750302023802,-1.5864950965706015,500,18.43
H2_2_Qubits,TwoLocal,2,SPSA,bitflip,0.052000000000000005,-1.8572750302023802,-1.627729500813772,500,18.53
H2_2_Qubits,TwoLocal,2,SPSA,bitflip,0.053,-1.8572750302023802,-1.6202827436045162,500,18.68
H2_2_Qubits,TwoLocal,2,SPSA,bitflip,0.054,-1.8572750302023802,-1.57061006153622,500,18.13
H2_2_Qubits,TwoLocal,2,SPSA,bitflip,0.055,-1.8572750302023802,-1.5944649562209072,500,18.0
H2_2_Qubits,TwoLocal,2,SPSA,bitflip,0.056,-1.8572750302023802,-1.5285156637355308,500,18.2
H2_2_Qubits,TwoLocal,2,SPSA,bitflip,0.057,-1.8572750302023802,-1.6089983076206453,500,18.38
H2_2_Qubits,TwoLocal,2,SPSA,bitflip,0.058,-1.8572750302023802,-1.606967346237882,500,18.38
H2_2_Qubits,TwoLocal,2,SPSA,bitflip,0.059000000000000004,-1.8572750302023802,-1.6030261022127148,500,18.43
H2_2_Qubits,TwoLocal,2,SPSA,bitflip,0.06,-1.8572750302023802,-1.5669935574837563,500,18.53
H2_2_Qubits,TwoLocal,2,SPSA,bitflip,0.061,-1.8572750302023802,-1.5955473338082853,500,18.19
H2_2_Qubits,TwoLocal,2,SPSA,bitflip,0.062,-1.8572750302023802,-1.5904175687703819,500,18.03
H2_2_Qubits,TwoLocal,2,SPSA,bitflip,0.063,-1.8572750302023802,-1.5813918311627277,500,18.27
H2_2_Qubits,TwoLocal,2,SPSA,bitflip,0.064,-1.8572750302023802,-1.5815558712350923,500,18.48
H2_2_Qubits,TwoLocal,2,SPSA,bitflip,0.065,-1.8572750302023802,-1.5783559118705708,500,18.53
H2_2_Qubits,TwoLocal,2,SPSA,bitflip,0.066,-1.8572750302023802,-1.5773857489526408,500,18.62
H2_2_Qubits,TwoLocal,2,SPSA,bitflip,0.067,-1.8572750302023802,-1.5727747704687838,500,18.62
H2_2_Qubits,TwoLocal,2,SPSA,bitflip,0.068,-1.8572750302023802,-1.5681162918750433,500,18.11
H2_2_Qubits,TwoLocal,2,SPSA,bitflip,0.069,-1.8572750302023802,-1.5658188221177136,500,18.12
H2_2_Qubits,TwoLocal,2,SPSA,bitflip,0.07,-1.8572750302023802,-1.5397688663245677,500,18.28
H2_2_Qubits,TwoLocal,2,SPSA,bitflip,0.07100000000000001,-1.8572750302023802,-1.5569386857056138,500,18.42
H2_2_Qubits,TwoLocal,2,SPSA,bitflip,0.07200000000000001,-1.8572750302023802,-1.5545764297098483,500,18.51
H2_2_Qubits,TwoLocal,2,SPSA,bitflip,0.073,-1.8572750302023802,-1.5522820621281772,500,18.56
H2_2_Qubits,TwoLocal,2,SPSA,bitflip,0.074,-1.8572750302023802,-1.5172039072397228,500,18.64
H2_2_Qubits,TwoLocal,2,SPSA,bitflip,0.075,-1.8572750302023802,-1.5427591920043586,500,17.99
H2_2_Qubits,TwoLocal,2,SPSA,bitflip,0.076,-1.8572750302023802,-1.53525179118797,500,18.09
H2_2_Qubits,TwoLocal,2,SPSA,bitflip,0.077,-1.8572750302023802,-1.4541662836197835,500,18.24
H2_2_Qubits,TwoLocal,2,SPSA,bitflip,0.078,-1.8572750302023802,-1.5314127452545403,500,18.42
H2_2_Qubits,TwoLocal,2,SPSA,bitflip,0.079,-1.8572750302023802,-1.5310668892729018,500,18.45
H2_2_Qubits,TwoLocal,2,SPSA,bitflip,0.08,-1.8572750302023802,-1.459836617269508,500,18.66
H2_2_Qubits,TwoLocal,2,SPSA,bitflip,0.081,-1.8572750302023802,-1.5164219944066335,500,18.54
H2_2_Qubits,TwoLocal,2,SPSA,bitflip,0.082,-1.8572750302023802,-1.5172631876173057,500,18.24
H2_2_Qubits,TwoLocal,2,SPSA,bitflip,0.083,-1.8572750302023802,-1.512188999245626,500,18.38
H2_2_Qubits,TwoLocal,2,SPSA,bitflip,0.084,-1.8572750302023802,-1.5000627063942262,500,18.44
H2_2_Qubits,TwoLocal,2,SPSA,bitflip,0.085,-1.8572750302023802,-1.5036918559876218,500,18.6
H2_2_Qubits,TwoLocal,2,SPSA,bitflip,0.08600000000000001,-1.8572750302023802,-1.499155915620925,500,18.68
H2_2_Qubits,TwoLocal,2,SPSA,bitflip,0.08700000000000001,-1.8572750302023802,-1.4670744817491115,500,18.9
H2_2_Qubits,TwoLocal,2,SPSA,bitflip,0.088,-1.8572750302023802,-1.4920027721948173,500,18.73
H2_2_Qubits,TwoLocal,2,SPSA,bitflip,0.089,-1.8572750302023802,-1.4655563530471554,500,18.12
H2_2_Qubits,TwoLocal,2,SPSA,bitflip,0.09,-1.8572750302023802,-1.4790584773486763,500,18.16
H2_2_Qubits,TwoLocal,2,SPSA,bitflip,0.091,-1.8572750302023802,-1.4803532845184575,500,18.34
H2_2_Qubits,TwoLocal,2,SPSA,bitflip,0.092,-1.8572750302023802,-1.4786736844370707,500,18.5
H2_2_Qubits,TwoLocal,2,SPSA,bitflip,0.093,-1.8572750302023802,-1.4589954470185897,500,18.59
H2_2_Qubits,TwoLocal,2,SPSA,bitflip,0.094,-1.8572750302023802,-1.4725250034318642,500,18.71
H2_2_Qubits,TwoLocal,2,SPSA,bitflip,0.095,-1.8572750302023802,-1.4590600137591325,500,18.62
H2_2_Qubits,TwoLocal,2,SPSA,bitflip,0.096,-1.8572750302023802,-1.4336708017334012,500,18.06
H2_2_Qubits,TwoLocal,2,SPSA,bitflip,0.097,-1.8572750302023802,-1.461407224382196,500,18.03
H2_2_Qubits,TwoLocal,2,SPSA,bitflip,0.098,-1.8572750302023802,-1.4562535196181232,500,18.22
H2_2_Qubits,TwoLocal,2,SPSA,bitflip,0.099,-1.8572750302023802,-1.451780026469492,500,18.4
H2_2_Qubits,TwoLocal,2,SPSA,bitflip,0.1,-1.8572750302023802,-1.4510470867247829,500,18.68
H2_2_Qubits,EfficientSU2,2,COBYLA,noiseless,0.0,-1.8572750302023802,-1.8598782465723227,140,5.77
H2_2_Qubits,EfficientSU2,2,COBYLA,depolarizing,0.001,-1.8572750302023802,-1.850518154023664,124,4.57
H2_2_Qubits,EfficientSU2,2,COBYLA,depolarizing,0.002,-1.8572750302023802,-1.8446432427717472,94,3.47
H2_2_Qubits,EfficientSU2,2,COBYLA,depolarizing,0.003,-1.8572750302023802,-1.8378960482629672,113,4.16
H2_2_Qubits,EfficientSU2,2,COBYLA,depolarizing,0.004,-1.8572750302023802,-1.8291309844633017,136,5.01
H2_2_Qubits,EfficientSU2,2,COBYLA,depolarizing,0.005,-1.8572750302023802,-1.8233415732232903,120,4.45
H2_2_Qubits,EfficientSU2,2,COBYLA,depolarizing,0.006,-1.8572750302023802,-1.8147483919093856,102,3.8
H2_2_Qubits,EfficientSU2,2,COBYLA,depolarizing,0.007,-1.8572750302023802,-1.801917502560126,133,4.93
H2_2_Qubits,EfficientSU2,2,COBYLA,depolarizing,0.008,-1.8572750302023802,-1.7983131433969235,126,4.65
H2_2_Qubits,EfficientSU2,2,COBYLA,depolarizing,0.009000000000000001,-1.8572750302023802,-1.7976900526398012,117,4.32
H2_2_Qubits,EfficientSU2,2,COBYLA,depolarizing,0.01,-1.8572750302023802,-1.7885550808397135,112,4.15
H2_2_Qubits,EfficientSU2,2,COBYLA,depolarizing,0.011,-1.8572750302023802,-1.776890637114413,126,4.63
H2_2_Qubits,EfficientSU2,2,COBYLA,depolarizing,0.012,-1.8572750302023802,-1.7674113420403565,122,4.3
H2_2_Qubits,EfficientSU2,2,COBYLA,depolarizing,0.013000000000000001,-1.8572750302023802,-1.7651844315079976,119,4.22
H2_2_Qubits,EfficientSU2,2,COBYLA,depolarizing,0.014,-1.8572750302023802,-1.7572230323027094,153,5.42
H2_2_Qubits,EfficientSU2,2,COBYLA,depolarizing,0.015,-1.8572750302023802,-1.7504624335680878,116,4.1
H2_2_Qubits,EfficientSU2,2,COBYLA,depolarizing,0.016,-1.8572750302023802,-1.7371032828086552,122,4.31
H2_2_Qubits,EfficientSU2,2,COBYLA,depolarizing,0.017,-1.8572750302023802,-1.7330403297621553,151,5.34
H2_2_Qubits,EfficientSU2,2,COBYLA,depolarizing,0.018000000000000002,-1.8572750302023802,-1.7294820351167166,149,5.31
H2_2_Qubits,EfficientSU2,2,COBYLA,depolarizing,0.019,-1.8572750302023802,-1.7217862117284284,124,4.39
H2_2_Qubits,EfficientSU2,2,COBYLA,depolarizing,0.02,-1.8572750302023802,-1.7022619166438573,113,3.99
H2_2_Qubits,EfficientSU2,2,COBYLA,depolarizing,0.021,-1.8572750302023802,-1.720867852013203,99,3.52
H2_2_Qubits,EfficientSU2,2,COBYLA,depolarizing,0.022,-1.8572750302023802,-1.6991726677625745,137,4.89
H2_2_Qubits,EfficientSU2,2,COBYLA,depolarizing,0.023,-1.8572750302023802,-1.6953247313291007,117,4.24
H2_2_Qubits,EfficientSU2,2,COBYLA,depolarizing,0.024,-1.8572750302023802,-1.68452303458528,137,4.94
H2_2_Qubits,EfficientSU2,2,COBYLA,depolarizing,0.025,-1.8572750302023802,-1.6731269143299048,174,6.18
H2_2_Qubits,EfficientSU2,2,COBYLA,depolarizing,0.026000000000000002,-1.8572750302023802,-1.6902796657705363,112,4.03
H2_2_Qubits,EfficientSU2,2,COBYLA,depolarizing,0.027,-1.8572750302023802,-1.6863702230003652,109,3.9
H2_2_Qubits,EfficientSU2,2,COBYLA,depolarizing,0.028,-1.8572750302023802,-1.6651471739712127,139,4.94
H2_2_Qubits,EfficientSU2,2,COBYLA,depolarizing,0.029,-1.8572750302023802,-1.6590992262513644,133,4.75
H2_2_Qubits,EfficientSU2,2,COBYLA,depolarizing,0.03,-1.8572750302023802,-1.6709690887342659,114,4.06
H2_2_Qubits,EfficientSU2,2,COBYLA,depolarizing,0.031,-1.8572750302023802,-1.643984691175129,119,4.24
H2_2_Qubits,EfficientSU2,2,COBYLA,depolarizing,0.032,-1.8572750302023802,-1.668524221184496,139,4.92
H2_2_Qubits,EfficientSU2,2,COBYLA,depolarizing,0.033,-1.8572750302023802,-1.6470359351428974,109,3.87
H2_2_Qubits,EfficientSU2,2,COBYLA,depolarizing,0.034,-1.8572750302023802,-1.6366284051978355,114,4.09
H2_2_Qubits,EfficientSU2,2,COBYLA,depolarizing,0.035,-1.8572750302023802,-1.6547859611003897,106,3.82
H2_2_Qubits,EfficientSU2,2,COBYLA,depolarizing,0.036000000000000004,-1.8572750302023802,-1.6254980853446888,115,4.15
H2_2_Qubits,EfficientSU2,2,COBYLA,depolarizing,0.037,-1.8572750302023802,-1.6163180723787052,110,3.96
H2_2_Qubits,EfficientSU2,2,COBYLA,depolarizing,0.038,-1.8572750302023802,-1.6137234310950206,108,3.88
H2_2_Qubits,EfficientSU2,2,COBYLA,depolarizing,0.039,-1.8572750302023802,-1.620499364604082,113,4.08
H2_2_Qubits,EfficientSU2,2,COBYLA,depolarizing,0.04,-1.8572750302023802,-1.62282983275599,125,4.49
H2_2_Qubits,EfficientSU2,2,COBYLA,depolarizing,0.041,-1.8572750302023802,-1.5911161721759568,133,4.78
H2_2_Qubits,EfficientSU2,2,COBYLA,depolarizing,0.042,-1.8572750302023802,-1.5981701759874616,125,4.54
H2_2_Qubits,EfficientSU2,2,COBYLA,depolarizing,0.043000000000000003,-1.8572750302023802,-1.6001221101450764,128,4.62
H2_2_Qubits,EfficientSU2,2,COBYLA,depolarizing,0.044,-1.8572750302023802,-1.5711818946747458,108,4.0
H2_2_Qubits,EfficientSU2,2,COBYLA,depolarizing,0.045,-1.8572750302023802,-1.5877083718701677,109,3.86
H2_2_Qubits,EfficientSU2,2,COBYLA,depolarizing,0.046,-1.8572750302023802,-1.601100014744058,121,4.3
H2_2_Qubits,EfficientSU2,2,COBYLA,depolarizing,0.047,-1.8572750302023802,-1.5787033106587067,107,3.79
H2_2_Qubits,EfficientSU2,2,COBYLA,depolarizing,0.048,-1.8572750302023802,-1.5660352844307874,157,5.54
H2_2_Qubits,EfficientSU2,2,COBYLA,depolarizing,0.049,-1.8572750302023802,-1.5497650618044956,93,3.38
H2_2_Qubits,EfficientSU2,2,COBYLA,depolarizing,0.05,-1.8572750302023802,-1.5507063709617044,134,4.83
H2_2_Qubits,EfficientSU2,2,COBYLA,depolarizing,0.051000000000000004,-1.8572750302023802,-1.5394479009734532,121,4.3
H2_2_Qubits,EfficientSU2,2,COBYLA,depolarizing,0.052000000000000005,-1.8572750302023802,-1.5665230849832972,127,4.5
H2_2_Qubits,EfficientSU2,2,COBYLA,depolarizing,0.053,-1.8572750302023802,-1.4919458841787852,118,4.19
H2_2_Qubits,EfficientSU2,2,COBYLA,depolarizing,0.054,-1.8572750302023802,-1.506314103028188,106,3.78
H2_2_Qubits,EfficientSU2,2,COBYLA,depolarizing,0.055,-1.8572750302023802,-1.5145193866353177,129,4.59
H2_2_Qubits,EfficientSU2,2,COBYLA,depolarizing,0.056,-1.8572750302023802,-1.5002446028472873,182,6.45
H2_2_Qubits,EfficientSU2,2,COBYLA,depolarizing,0.057,-1.8572750302023802,-1.5098163477949653,118,4.22
H2_2_Qubits,EfficientSU2,2,COBYLA,depolarizing,0.058,-1.8572750302023802,-1.5257098426574076,129,4.62
H2_2_Qubits,EfficientSU2,2,COBYLA,depolarizing,0.059000000000000004,-1.8572750302023802,-1.5064354492788286,182,6.48
H2_2_Qubits,EfficientSU2,2,COBYLA,depolarizing,0.06,-1.8572750302023802,-1.4896843924485637,125,4.58
H2_2_Qubits,EfficientSU2,2,COBYLA,depolarizing,0.061,-1.8572750302023802,-1.472870721693309,107,3.84
H2_2_Qubits,EfficientSU2,2,COBYLA,depolarizing,0.062,-1.8572750302023802,-1.4907216781574735,105,3.79
H2_2_Qubits,EfficientSU2,2,COBYLA,depolarizing,0.063,-1.8572750302023802,-1.4936478665347928,137,4.91
H2_2_Qubits,EfficientSU2,2,COBYLA,depolarizing,0.064,-1.8572750302023802,-1.4914998284703564,140,5.03
H2_2_Qubits,EfficientSU2,2,COBYLA,depolarizing,0.065,-1.8572750302023802,-1.4693742163133714,109,3.92
H2_2_Qubits,EfficientSU2,2,COBYLA,depolarizing,0.066,-1.8572750302023802,-1.4864731382818486,116,4.16
H2_2_Qubits,EfficientSU2,2,COBYLA,depolarizing,0.067,-1.8572750302023802,-1.4369430947286672,100,3.62
H2_2_Qubits,EfficientSU2,2,COBYLA,depolarizing,0.068,-1.8572750302023802,-1.4974736618415376,128,4.6
H2_2_Qubits,EfficientSU2,2,COBYLA,depolarizing,0.069,-1.8572750302023802,-1.4720653581496097,128,4.61
H2_2_Qubits,EfficientSU2,2,COBYLA,depolarizing,0.07,-1.8572750302023802,-1.482684523380815,135,4.84
H2_2_Qubits,EfficientSU2,2,COBYLA,depolarizing,0.07100000000000001,-1.8572750302023802,-1.4604228983259862,103,3.72
H2_2_Qubits,EfficientSU2,2,COBYLA,depolarizing,0.07200000000000001,-1.8572750302023802,-1.4609242896194907,127,4.58
H2_2_Qubits,EfficientSU2,2,COBYLA,depolarizing,0.073,-1.8572750302023802,-1.4535786913560833,156,5.59
H2_2_Qubits,EfficientSU2,2,COBYLA,depolarizing,0.074,-1.8572750302023802,-1.4508125050814367,121,4.34
H2_2_Qubits,EfficientSU2,2,COBYLA,depolarizing,0.075,-1.8572750302023802,-1.4423227253200992,100,3.62
H2_2_Qubits,EfficientSU2,2,COBYLA,depolarizing,0.076,-1.8572750302023802,-1.4622699116345026,175,6.44
H2_2_Qubits,EfficientSU2,2,COBYLA,depolarizing,0.077,-1.8572750302023802,-1.4103374183626762,140,4.96
H2_2_Qubits,EfficientSU2,2,COBYLA,depolarizing,0.078,-1.8572750302023802,-1.4291106095065718,105,3.76
H2_2_Qubits,EfficientSU2,2,COBYLA,depolarizing,0.079,-1.8572750302023802,-1.446773409907564,132,4.81
H2_2_Qubits,EfficientSU2,2,COBYLA,depolarizing,0.08,-1.8572750302023802,-1.4324357582524703,151,5.38
H2_2_Qubits,EfficientSU2,2,COBYLA,depolarizing,0.081,-1.8572750302023802,-1.4264928031364337,144,5.14
H2_2_Qubits,EfficientSU2,2,COBYLA,depolarizing,0.082,-1.8572750302023802,-1.4373253660340164,118,4.24
H2_2_Qubits,EfficientSU2,2,COBYLA,depolarizing,0.083,-1.8572750302023802,-1.3926388942660772,102,3.62
H2_2_Qubits,EfficientSU2,2,COBYLA,depolarizing,0.084,-1.8572750302023802,-1.4112533280746729,131,4.67
H2_2_Qubits,EfficientSU2,2,COBYLA,depolarizing,0.085,-1.8572750302023802,-1.3761179661647613,124,4.46
H2_2_Qubits,EfficientSU2,2,COBYLA,depolarizing,0.08600000000000001,-1.8572750302023802,-1.3903471531039595,114,4.06
H2_2_Qubits,EfficientSU2,2,COBYLA,depolarizing,0.08700000000000001,-1.8572750302023802,-1.3682611117025836,121,4.31
H2_2_Qubits,EfficientSU2,2,COBYLA,depolarizing,0.088,-1.8572750302023802,-1.3623801412988605,96,3.44
H2_2_Qubits,EfficientSU2,2,COBYLA,depolarizing,0.089,-1.8572750302023802,-1.39239538989949,161,5.77
H2_2_Qubits,EfficientSU2,2,COBYLA,depolarizing,0.09,-1.8572750302023802,-1.378382925536688,139,5.0
H2_2_Qubits,EfficientSU2,2,COBYLA,depolarizing,0.091,-1.8572750302023802,-1.3907278935525076,170,6.08
H2_2_Qubits,EfficientSU2,2,COBYLA,depolarizing,0.092,-1.8572750302023802,-1.368252389370904,125,4.5
H2_2_Qubits,EfficientSU2,2,COBYLA,depolarizing,0.093,-1.8572750302023802,-1.3839910099588262,131,4.71
H2_2_Qubits,EfficientSU2,2,COBYLA,depolarizing,0.094,-1.8572750302023802,-1.4021560790279382,112,4.01
H2_2_Qubits,EfficientSU2,2,COBYLA,depolarizing,0.095,-1.8572750302023802,-1.3844368861661498,111,3.98
H2_2_Qubits,EfficientSU2,2,COBYLA,depolarizing,0.096,-1.8572750302023802,-1.3736992067253408,130,4.67
H2_2_Qubits,EfficientSU2,2,COBYLA,depolarizing,0.097,-1.8572750302023802,-1.3725434055729144,155,5.61
H2_2_Qubits,EfficientSU2,2,COBYLA,depolarizing,0.098,-1.8572750302023802,-1.3692016564705907,147,5.3
H2_2_Qubits,EfficientSU2,2,COBYLA,depolarizing,0.099,-1.8572750302023802,-1.3731826558398081,177,6.41
H2_2_Qubits,EfficientSU2,2,COBYLA,depolarizing,0.1,-1.8572750302023802,-1.3654958364780907,191,6.9
H2_2_Qubits,EfficientSU2,2,COBYLA,bitflip,0.001,-1.8572750302023802,-1.8514449652431475,129,4.67
H2_2_Qubits,EfficientSU2,2,COBYLA,bitflip,0.002,-1.8572750302023802,-1.8318198069357141,116,4.19
H2_2_Qubits,EfficientSU2,2,COBYLA,bitflip,0.003,-1.8572750302023802,-1.8232462945450987,104,3.75
H2_2_Qubits,EfficientSU2,2,COBYLA,bitflip,0.004,-1.8572750302023802,-1.8135731774749275,150,5.44
H2_2_Qubits,EfficientSU2,2,COBYLA,bitflip,0.005,-1.8572750302023802,-1.8046414015581083,116,4.18
H2_2_Qubits,EfficientSU2,2,COBYLA,bitflip,0.006,-1.8572750302023802,-1.7905518011389243,116,4.21
H2_2_Qubits,EfficientSU2,2,COBYLA,bitflip,0.007,-1.8572750302023802,-1.7945370851783315,112,4.03
H2_2_Qubits,EfficientSU2,2,COBYLA,bitflip,0.008,-1.8572750302023802,-1.7576407633386057,119,4.3
H2_2_Qubits,EfficientSU2,2,COBYLA,bitflip,0.009000000000000001,-1.8572750302023802,-1.8002710308108212,135,5.06
H2_2_Qubits,EfficientSU2,2,COBYLA,bitflip,0.01,-1.8572750302023802,-1.7285387288193743,90,3.31
H2_2_Qubits,EfficientSU2,2,COBYLA,bitflip,0.011,-1.8572750302023802,-1.7831249183985984,180,6.49
H2_2_Qubits,EfficientSU2,2,COBYLA,bitflip,0.012,-1.8572750302023802,-1.7458016090157729,123,4.41
H2_2_Qubits,EfficientSU2,2,COBYLA,bitflip,0.013000000000000001,-1.8572750302023802,-1.7833527721550453,160,5.67
H2_2_Qubits,EfficientSU2,2,COBYLA,bitflip,0.014,-1.8572750302023802,-1.7667058801084796,143,5.16
H2_2_Qubits,EfficientSU2,2,COBYLA,bitflip,0.015,-1.8572750302023802,-1.7287515409806988,127,4.55
H2_2_Qubits,EfficientSU2,2,COBYLA,bitflip,0.016,-1.8572750302023802,-1.6535401619284393,112,4.03
H2_2_Qubits,EfficientSU2,2,COBYLA,bitflip,0.017,-1.8572750302023802,-1.7847103335136774,154,5.52
H2_2_Qubits,EfficientSU2,2,COBYLA,bitflip,0.018000000000000002,-1.8572750302023802,-1.6906439504543134,125,4.51
H2_2_Qubits,EfficientSU2,2,COBYLA,bitflip,0.019,-1.8572750302023802,-1.7647123724266733,163,5.86
H2_2_Qubits,EfficientSU2,2,COBYLA,bitflip,0.02,-1.8572750302023802,-1.7498935218702023,99,3.56
H2_2_Qubits,EfficientSU2,2,COBYLA,bitflip,0.021,-1.8572750302023802,-1.6398892117884196,115,4.15
H2_2_Qubits,EfficientSU2,2,COBYLA,bitflip,0.022,-1.8572750302023802,-1.7262523319743628,144,5.15
H2_2_Qubits,EfficientSU2,2,COBYLA,bitflip,0.023,-1.8572750302023802,-1.7408681642978021,120,4.34
H2_2_Qubits,EfficientSU2,2,COBYLA,bitflip,0.024,-1.8572750302023802,-1.7061429999837299,162,5.81
H2_2_Qubits,EfficientSU2,2,COBYLA,bitflip,0.025,-1.8572750302023802,-1.660787846314128,155,5.6
H2_2_Qubits,EfficientSU2,2,COBYLA,bitflip,0.026000000000000002,-1.8572750302023802,-1.6419182231268261,146,5.28
H2_2_Qubits,EfficientSU2,2,COBYLA,bitflip,0.027,-1.8572750302023802,-1.7088266260339005,167,6.02
H2_2_Qubits,EfficientSU2,2,COBYLA,bitflip,0.028,-1.8572750302023802,-1.700684471648482,198,7.47
H2_2_Qubits,EfficientSU2,2,COBYLA,bitflip,0.029,-1.8572750302023802,-1.6578151081810673,139,5.1
H2_2_Qubits,EfficientSU2,2,COBYLA,bitflip,0.03,-1.8572750302023802,-1.7139621710723867,214,8.16
H2_2_Qubits,EfficientSU2,2,COBYLA,bitflip,0.031,-1.8572750302023802,-1.626050567549866,123,5.34
H2_2_Qubits,EfficientSU2,2,COBYLA,bitflip,0.032,-1.8572750302023802,-1.5580862509982514,115,4.94
H2_2_Qubits,EfficientSU2,2,COBYLA,bitflip,0.033,-1.8572750302023802,-1.7483683119834272,145,7.47
H2_2_Qubits,EfficientSU2,2,COBYLA,bitflip,0.034,-1.8572750302023802,-1.7450536162673578,170,6.64
H2_2_Qubits,EfficientSU2,2,COBYLA,bitflip,0.035,-1.8572750302023802,-1.7433365472230065,191,7.23
H2_2_Qubits,EfficientSU2,2,COBYLA,bitflip,0.036000000000000004,-1.8572750302023802,-1.706471246294269,199,7.22
H2_2_Qubits,EfficientSU2,2,COBYLA,bitflip,0.037,-1.8572750302023802,-1.6636745978784506,144,5.22
H2_2_Qubits,EfficientSU2,2,COBYLA,bitflip,0.038,-1.8572750302023802,-1.70960965046039,204,7.38
H2_2_Qubits,EfficientSU2,2,COBYLA,bitflip,0.039,-1.8572750302023802,-1.7327506385713036,234,8.47
H2_2_Qubits,EfficientSU2,2,COBYLA,bitflip,0.04,-1.8572750302023802,-1.5387361508341622,127,4.6
H2_2_Qubits,EfficientSU2,2,COBYLA,bitflip,0.041,-1.8572750302023802,-1.5163762743977163,163,5.91
H2_2_Qubits,EfficientSU2,2,COBYLA,bitflip,0.042,-1.8572750302023802,-1.7253858465237566,162,5.87
H2_2_Qubits,EfficientSU2,2,COBYLA,bitflip,0.043000000000000003,-1.8572750302023802,-1.5760869045059664,136,4.96
H2_2_Qubits,EfficientSU2,2,COBYLA,bitflip,0.044,-1.8572750302023802,-1.6349919933444377,218,8.11
H2_2_Qubits,EfficientSU2,2,COBYLA,bitflip,0.045,-1.8572750302023802,-1.5121834233292437,147,5.27
H2_2_Qubits,EfficientSU2,2,COBYLA,bitflip,0.046,-1.8572750302023802,-1.6208730264873221,226,8.13
H2_2_Qubits,EfficientSU2,2,COBYLA,bitflip,0.047,-1.8572750302023802,-1.710047931571771,216,7.77
H2_2_Qubits,EfficientSU2,2,COBYLA,bitflip,0.048,-1.8572750302023802,-1.697783187920682,278,9.97
H2_2_Qubits,EfficientSU2,2,COBYLA,bitflip,0.049,-1.8572750302023802,-1.524090079937197,131,4.7
H2_2_Qubits,EfficientSU2,2,COBYLA,bitflip,0.05,-1.8572750302023802,-1.7008748481940041,243,8.72
H2_2_Qubits,EfficientSU2,2,COBYLA,bitflip,0.051000000000000004,-1.8572750302023802,-1.6969193174810449,183,6.59
H2_2_Qubits,EfficientSU2,2,COBYLA,bitflip,0.052000000000000005,-1.8572750302023802,-1.6765708000956088,143,5.16
H2_2_Qubits,EfficientSU2,2,COBYLA,bitflip,0.053,-1.8572750302023802,-1.4484540637040473,195,7.12
H2_2_Qubits,EfficientSU2,2,COBYLA,bitflip,0.054,-1.8572750302023802,-1.687711694136115,142,5.12
H2_2_Qubits,EfficientSU2,2,COBYLA,bitflip,0.055,-1.8572750302023802,-1.685179568588743,187,6.78
H2_2_Qubits,EfficientSU2,2,COBYLA,bitflip,0.056,-1.8572750302023802,-1.5856712905241974,176,6.36
H2_2_Qubits,EfficientSU2,2,COBYLA,bitflip,0.057,-1.8572750302023802,-1.683869544717271,172,6.22
H2_2_Qubits,EfficientSU2,2,COBYLA,bitflip,0.058,-1.8572750302023802,-1.6775129764527617,158,5.72
H2_2_Qubits,EfficientSU2,2,COBYLA,bitflip,0.059000000000000004,-1.8572750302023802,-1.6690583710253428,220,7.95
H2_2_Qubits,EfficientSU2,2,COBYLA,bitflip,0.06,-1.8572750302023802,-1.5715089237238886,118,4.26
H2_2_Qubits,EfficientSU2,2,COBYLA,bitflip,0.061,-1.8572750302023802,-1.6579055318610816,231,8.37
H2_2_Qubits,EfficientSU2,2,COBYLA,bitflip,0.062,-1.8572750302023802,-1.6653134053966099,147,5.35
H2_2_Qubits,EfficientSU2,2,COBYLA,bitflip,0.063,-1.8572750302023802,-1.663708459619549,149,5.45
H2_2_Qubits,EfficientSU2,2,COBYLA,bitflip,0.064,-1.8572750302023802,-1.6596787605330412,197,7.17
H2_2_Qubits,EfficientSU2,2,COBYLA,bitflip,0.065,-1.8572750302023802,-1.5611898419019632,122,4.43
H2_2_Qubits,EfficientSU2,2,COBYLA,bitflip,0.066,-1.8572750302023802,-1.654757328147317,168,6.12
H2_2_Qubits,EfficientSU2,2,COBYLA,bitflip,0.067,-1.8572750302023802,-1.6558727700280091,240,8.7
H2_2_Qubits,EfficientSU2,2,COBYLA,bitflip,0.068,-1.8572750302023802,-1.6445449740218898,175,6.39
H2_2_Qubits,EfficientSU2,2,COBYLA,bitflip,0.069,-1.8572750302023802,-1.4761420347216472,165,6.02
H2_2_Qubits,EfficientSU2,2,COBYLA,bitflip,0.07,-1.8572750302023802,-1.5376493319593996,123,4.61
H2_2_Qubits,EfficientSU2,2,COBYLA,bitflip,0.07100000000000001,-1.8572750302023802,-1.643635780104509,170,6.29
H2_2_Qubits,EfficientSU2,2,COBYLA,bitflip,0.07200000000000001,-1.8572750302023802,-1.6423554778865004,224,8.14
H2_2_Qubits,EfficientSU2,2,COBYLA,bitflip,0.073,-1.8572750302023802,-1.5314602371164638,175,6.39
H2_2_Qubits,EfficientSU2,2,COBYLA,bitflip,0.074,-1.8572750302023802,-1.6363871442066087,155,5.65
H2_2_Qubits,EfficientSU2,2,COBYLA,bitflip,0.075,-1.8572750302023802,-1.629523362800356,147,5.37
H2_2_Qubits,EfficientSU2,2,COBYLA,bitflip,0.076,-1.8572750302023802,-1.3314585752132106,100,3.68
H2_2_Qubits,EfficientSU2,2,COBYLA,bitflip,0.077,-1.8572750302023802,-1.324821215663923,105,4.0
H2_2_Qubits,EfficientSU2,2,COBYLA,bitflip,0.078,-1.8572750302023802,-1.6214678960087092,211,7.58
H2_2_Qubits,EfficientSU2,2,COBYLA,bitflip,0.079,-1.8572750302023802,-1.3961930122061474,169,6.06
H2_2_Qubits,EfficientSU2,2,COBYLA,bitflip,0.08,-1.8572750302023802,-1.327812730159494,148,5.35
H2_2_Qubits,EfficientSU2,2,COBYLA,bitflip,0.081,-1.8572750302023802,-1.61485359819402,167,6.0
H2_2_Qubits,EfficientSU2,2,COBYLA,bitflip,0.082,-1.8572750302023802,-1.3101061250361754,106,3.82
H2_2_Qubits,EfficientSU2,2,COBYLA,bitflip,0.083,-1.8572750302023802,-1.607328370135351,172,6.14
H2_2_Qubits,EfficientSU2,2,COBYLA,bitflip,0.084,-1.8572750302023802,-1.6043274043694637,172,6.2
H2_2_Qubits,EfficientSU2,2,COBYLA,bitflip,0.085,-1.8572750302023802,-1.6028052960413912,176,6.3
H2_2_Qubits,EfficientSU2,2,COBYLA,bitflip,0.08600000000000001,-1.8572750302023802,-1.5991753382844263,285,10.22
H2_2_Qubits,EfficientSU2,2,COBYLA,bitflip,0.08700000000000001,-1.8572750302023802,-1.598331523741537,193,6.95
H2_2_Qubits,EfficientSU2,2,COBYLA,bitflip,0.088,-1.8572750302023802,-1.48177165063854,127,4.58
H2_2_Qubits,EfficientSU2,2,COBYLA,bitflip,0.089,-1.8572750302023802,-1.58975978328887,183,6.57
H2_2_Qubits,EfficientSU2,2,COBYLA,bitflip,0.09,-1.8572750302023802,-1.317329324643601,154,5.55
H2_2_Qubits,EfficientSU2,2,COBYLA,bitflip,0.091,-1.8572750302023802,-1.5865035443731224,155,5.6
H2_2_Qubits,EfficientSU2,2,COBYLA,bitflip,0.092,-1.8572750302023802,-1.5849004022069946,208,7.46
H2_2_Qubits,EfficientSU2,2,COBYLA,bitflip,0.093,-1.8572750302023802,-1.5772810443649685,196,7.07
H2_2_Qubits,EfficientSU2,2,COBYLA,bitflip,0.094,-1.8572750302023802,-1.5764864846811923,142,5.16
H2_2_Qubits,EfficientSU2,2,COBYLA,bitflip,0.095,-1.8572750302023802,-1.5712301472999763,252,9.19
H2_2_Qubits,EfficientSU2,2,COBYLA,bitflip,0.096,-1.8572750302023802,-1.5719138994699067,214,7.7
H2_2_Qubits,EfficientSU2,2,COBYLA,bitflip,0.097,-1.8572750302023802,-1.568649698834101,248,8.95
H2_2_Qubits,EfficientSU2,2,COBYLA,bitflip,0.098,-1.8572750302023802,-1.5681986478636338,141,5.11
H2_2_Qubits,EfficientSU2,2,COBYLA,bitflip,0.099,-1.8572750302023802,-1.5656330786046504,169,6.12
H2_2_Qubits,EfficientSU2,2,COBYLA,bitflip,0.1,-1.8572750302023802,-1.5643304734127963,195,7.07
H2_2_Qubits,EfficientSU2,2,SPSA,noiseless,0.0,-1.8572750302023802,-1.8589898337127455,500,20.97
H2_2_Qubits,EfficientSU2,2,SPSA,depolarizing,0.001,-1.8572750302023802,-1.8501949930766652,500,18.54
H2_2_Qubits,EfficientSU2,2,SPSA,depolarizing,0.002,-1.8572750302023802,-1.8458228212621128,500,18.17
H2_2_Qubits,EfficientSU2,2,SPSA,depolarizing,0.003,-1.8572750302023802,-1.8345260550318976,500,18.53
H2_2_Qubits,EfficientSU2,2,SPSA,depolarizing,0.004,-1.8572750302023802,-1.8259943395167897,500,18.47
H2_2_Qubits,EfficientSU2,2,SPSA,depolarizing,0.005,-1.8572750302023802,-1.8227069090538643,500,18.57
H2_2_Qubits,EfficientSU2,2,SPSA,depolarizing,0.006,-1.8572750302023802,-1.8146536842519805,500,18.6
H2_2_Qubits,EfficientSU2,2,SPSA,depolarizing,0.007,-1.8572750302023802,-1.810225781013978,500,18.66
H2_2_Qubits,EfficientSU2,2,SPSA,depolarizing,0.008,-1.8572750302023802,-1.8026402804426709,500,18.72
H2_2_Qubits,EfficientSU2,2,SPSA,depolarizing,0.009000000000000001,-1.8572750302023802,-1.7991353166961128,500,18.68
H2_2_Qubits,EfficientSU2,2,SPSA,depolarizing,0.01,-1.8572750302023802,-1.789659726491486,500,18.77
H2_2_Qubits,EfficientSU2,2,SPSA,depolarizing,0.011,-1.8572750302023802,-1.7908197686155773,500,18.43
H2_2_Qubits,EfficientSU2,2,SPSA,depolarizing,0.012,-1.8572750302023802,-1.775645250428442,500,18.5
H2_2_Qubits,EfficientSU2,2,SPSA,depolarizing,0.013000000000000001,-1.8572750302023802,-1.7738754988800594,500,19.64
H2_2_Qubits,EfficientSU2,2,SPSA,depolarizing,0.014,-1.8572750302023802,-1.7484170738218736,500,20.84
H2_2_Qubits,EfficientSU2,2,SPSA,depolarizing,0.015,-1.8572750302023802,-1.7517645477418289,500,23.15
H2_2_Qubits,EfficientSU2,2,SPSA,depolarizing,0.016,-1.8572750302023802,-1.7435461891556967,500,18.83
H2_2_Qubits,EfficientSU2,2,SPSA,depolarizing,0.017,-1.8572750302023802,-1.733523832233337,500,18.84
H2_2_Qubits,EfficientSU2,2,SPSA,depolarizing,0.018000000000000002,-1.8572750302023802,-1.7396816657010923,500,18.89
H2_2_Qubits,EfficientSU2,2,SPSA,depolarizing,0.019,-1.8572750302023802,-1.7333338312526891,500,19.16
H2_2_Qubits,EfficientSU2,2,SPSA,depolarizing,0.02,-1.8572750302023802,-1.7208485516407412,500,19.05
H2_2_Qubits,EfficientSU2,2,SPSA,depolarizing,0.021,-1.8572750302023802,-1.714588895646123,500,19.03
H2_2_Qubits,EfficientSU2,2,SPSA,depolarizing,0.022,-1.8572750302023802,-1.7130176543092661,500,19.13
H2_2_Qubits,EfficientSU2,2,SPSA,depolarizing,0.023,-1.8572750302023802,-1.704736641108558,500,19.37
H2_2_Qubits,EfficientSU2,2,SPSA,depolarizing,0.024,-1.8572750302023802,-1.7036570758298304,500,20.03
H2_2_Qubits,EfficientSU2,2,SPSA,depolarizing,0.025,-1.8572750302023802,-1.6955349119835368,500,19.71
H2_2_Qubits,EfficientSU2,2,SPSA,depolarizing,0.026000000000000002,-1.8572750302023802,-1.6931836120612536,500,21.55
H2_2_Qubits,EfficientSU2,2,SPSA,depolarizing,0.027,-1.8572750302023802,-1.68578278356718,500,21.49
H2_2_Qubits,EfficientSU2,2,SPSA,depolarizing,0.028,-1.8572750302023802,-1.6924826277118097,500,20.94
H2_2_Qubits,EfficientSU2,2,SPSA,depolarizing,0.029,-1.8572750302023802,-1.6733912416777945,500,19.05
H2_2_Qubits,EfficientSU2,2,SPSA,depolarizing,0.03,-1.8572750302023802,-1.6784762231177701,500,18.81
H2_2_Qubits,EfficientSU2,2,SPSA,depolarizing,0.031,-1.8572750302023802,-1.6652203806578783,500,18.76
H2_2_Qubits,EfficientSU2,2,SPSA,depolarizing,0.032,-1.8572750302023802,-1.6574507733258317,500,18.77
H2_2_Qubits,EfficientSU2,2,SPSA,depolarizing,0.033,-1.8572750302023802,-1.653329022130788,500,18.94
H2_2_Qubits,EfficientSU2,2,SPSA,depolarizing,0.034,-1.8572750302023802,-1.6354781277877792,500,19.09
H2_2_Qubits,EfficientSU2,2,SPSA,depolarizing,0.035,-1.8572750302023802,-1.6481557410794965,500,19.99
H2_2_Qubits,EfficientSU2,2,SPSA,depolarizing,0.036000000000000004,-1.8572750302023802,-1.6454626282326021,500,20.44
H2_2_Qubits,EfficientSU2,2,SPSA,depolarizing,0.037,-1.8572750302023802,-1.6272479300492582,500,20.5
H2_2_Qubits,EfficientSU2,2,SPSA,depolarizing,0.038,-1.8572750302023802,-1.6300772658100164,500,20.76
H2_2_Qubits,EfficientSU2,2,SPSA,depolarizing,0.039,-1.8572750302023802,-1.5978362632028666,500,19.79
H2_2_Qubits,EfficientSU2,2,SPSA,depolarizing,0.04,-1.8572750302023802,-1.594806551498494,500,19.61
H2_2_Qubits,EfficientSU2,2,SPSA,depolarizing,0.041,-1.8572750302023802,-1.5852586028524998,500,20.38
H2_2_Qubits,EfficientSU2,2,SPSA,depolarizing,0.042,-1.8572750302023802,-1.6033757334328984,500,20.18
H2_2_Qubits,EfficientSU2,2,SPSA,depolarizing,0.043000000000000003,-1.8572750302023802,-1.5971868187838678,500,22.92
H2_2_Qubits,EfficientSU2,2,SPSA,depolarizing,0.044,-1.8572750302023802,-1.5946611197052167,500,20.12
H2_2_Qubits,EfficientSU2,2,SPSA,depolarizing,0.045,-1.8572750302023802,-1.5916097026334337,500,20.08
H2_2_Qubits,EfficientSU2,2,SPSA,depolarizing,0.046,-1.8572750302023802,-1.5835692958595402,500,19.62
H2_2_Qubits,EfficientSU2,2,SPSA,depolarizing,0.047,-1.8572750302023802,-1.5850949929868476,500,19.38
H2_2_Qubits,EfficientSU2,2,SPSA,depolarizing,0.048,-1.8572750302023802,-1.579134454168405,500,19.65
H2_2_Qubits,EfficientSU2,2,SPSA,depolarizing,0.049,-1.8572750302023802,-1.5706296334289018,500,20.65
H2_2_Qubits,EfficientSU2,2,SPSA,depolarizing,0.05,-1.8572750302023802,-1.5628942792817915,500,20.74
H2_2_Qubits,EfficientSU2,2,SPSA,depolarizing,0.051000000000000004,-1.8572750302023802,-1.5374591335293848,500,20.32
H2_2_Qubits,EfficientSU2,2,SPSA,depolarizing,0.052000000000000005,-1.8572750302023802,-1.540217266757658,500,20.53
H2_2_Qubits,EfficientSU2,2,SPSA,depolarizing,0.053,-1.8572750302023802,-1.5714783404989308,500,19.96
H2_2_Qubits,EfficientSU2,2,SPSA,depolarizing,0.054,-1.8572750302023802,-1.5365275319765477,500,19.8
H2_2_Qubits,EfficientSU2,2,SPSA,depolarizing,0.055,-1.8572750302023802,-1.5611785203624353,500,22.32
H2_2_Qubits,EfficientSU2,2,SPSA,depolarizing,0.056,-1.8572750302023802,-1.531970757295807,500,20.19
H2_2_Qubits,EfficientSU2,2,SPSA,depolarizing,0.057,-1.8572750302023802,-1.5231936963500599,500,20.92
H2_2_Qubits,EfficientSU2,2,SPSA,depolarizing,0.058,-1.8572750302023802,-1.5152048251120736,500,20.06
H2_2_Qubits,EfficientSU2,2,SPSA,depolarizing,0.059000000000000004,-1.8572750302023802,-1.4995824627917407,500,19.84
H2_2_Qubits,EfficientSU2,2,SPSA,depolarizing,0.06,-1.8572750302023802,-1.5245120562725518,500,21.45
H2_2_Qubits,EfficientSU2,2,SPSA,depolarizing,0.061,-1.8572750302023802,-1.497170898680622,500,19.81
H2_2_Qubits,EfficientSU2,2,SPSA,depolarizing,0.062,-1.8572750302023802,-1.5170076562066779,500,19.77
H2_2_Qubits,EfficientSU2,2,SPSA,depolarizing,0.063,-1.8572750302023802,-1.4897767637051103,500,20.27
H2_2_Qubits,EfficientSU2,2,SPSA,depolarizing,0.064,-1.8572750302023802,-1.5158076843247659,500,21.2
H2_2_Qubits,EfficientSU2,2,SPSA,depolarizing,0.065,-1.8572750302023802,-1.5075145546713145,500,20.38
H2_2_Qubits,EfficientSU2,2,SPSA,depolarizing,0.066,-1.8572750302023802,-1.5056754949107387,500,20.42
H2_2_Qubits,EfficientSU2,2,SPSA,depolarizing,0.067,-1.8572750302023802,-1.481107074380331,500,20.49
H2_2_Qubits,EfficientSU2,2,SPSA,depolarizing,0.068,-1.8572750302023802,-1.4924133769617722,500,20.2
H2_2_Qubits,EfficientSU2,2,SPSA,depolarizing,0.069,-1.8572750302023802,-1.4454598016313935,500,20.22
H2_2_Qubits,EfficientSU2,2,SPSA,depolarizing,0.07,-1.8572750302023802,-1.4659680014303778,500,19.26
H2_2_Qubits,EfficientSU2,2,SPSA,depolarizing,0.07100000000000001,-1.8572750302023802,-1.454612608997564,500,19.36
H2_2_Qubits,EfficientSU2,2,SPSA,depolarizing,0.07200000000000001,-1.8572750302023802,-1.4391878293426825,500,19.51
H2_2_Qubits,EfficientSU2,2,SPSA,depolarizing,0.073,-1.8572750302023802,-1.4526722310635343,500,19.79
H2_2_Qubits,EfficientSU2,2,SPSA,depolarizing,0.074,-1.8572750302023802,-1.4581914677465815,500,19.87
H2_2_Qubits,EfficientSU2,2,SPSA,depolarizing,0.075,-1.8572750302023802,-1.4462609153385118,500,20.54
H2_2_Qubits,EfficientSU2,2,SPSA,depolarizing,0.076,-1.8572750302023802,-1.4375895841740733,500,20.48
H2_2_Qubits,EfficientSU2,2,SPSA,depolarizing,0.077,-1.8572750302023802,-1.4373747737236446,500,19.67
H2_2_Qubits,EfficientSU2,2,SPSA,depolarizing,0.078,-1.8572750302023802,-1.4511409005207532,500,19.48
H2_2_Qubits,EfficientSU2,2,SPSA,depolarizing,0.079,-1.8572750302023802,-1.4316367431864716,500,19.6
H2_2_Qubits,EfficientSU2,2,SPSA,depolarizing,0.08,-1.8572750302023802,-1.4463488667392435,500,19.72
H2_2_Qubits,EfficientSU2,2,SPSA,depolarizing,0.081,-1.8572750302023802,-1.424642132586278,500,19.65
H2_2_Qubits,EfficientSU2,2,SPSA,depolarizing,0.082,-1.8572750302023802,-1.4277048274232218,500,19.68
H2_2_Qubits,EfficientSU2,2,SPSA,depolarizing,0.083,-1.8572750302023802,-1.4400448731565303,500,19.59
H2_2_Qubits,EfficientSU2,2,SPSA,depolarizing,0.084,-1.8572750302023802,-1.4300765632775065,500,19.75
H2_2_Qubits,EfficientSU2,2,SPSA,depolarizing,0.085,-1.8572750302023802,-1.4327137861661439,500,19.8
H2_2_Qubits,EfficientSU2,2,SPSA,depolarizing,0.08600000000000001,-1.8572750302023802,-1.4025717545133825,500,20.58
H2_2_Qubits,EfficientSU2,2,SPSA,depolarizing,0.08700000000000001,-1.8572750302023802,-1.3843291439917995,500,19.79
H2_2_Qubits,EfficientSU2,2,SPSA,depolarizing,0.088,-1.8572750302023802,-1.3899760372481709,500,19.81
H2_2_Qubits,EfficientSU2,2,SPSA,depolarizing,0.089,-1.8572750302023802,-1.4165234459394045,500,20.65
H2_2_Qubits,EfficientSU2,2,SPSA,depolarizing,0.09,-1.8572750302023802,-1.3932535374482073,500,20.58
H2_2_Qubits,EfficientSU2,2,SPSA,depolarizing,0.091,-1.8572750302023802,-1.3882621890691835,500,22.8
H2_2_Qubits,EfficientSU2,2,SPSA,depolarizing,0.092,-1.8572750302023802,-1.4093639223626107,500,21.53
H2_2_Qubits,EfficientSU2,2,SPSA,depolarizing,0.093,-1.8572750302023802,-1.4072810961971,500,20.7
H2_2_Qubits,EfficientSU2,2,SPSA,depolarizing,0.094,-1.8572750302023802,-1.4016185884739525,500,19.99
H2_2_Qubits,EfficientSU2,2,SPSA,depolarizing,0.095,-1.8572750302023802,-1.3712795837877139,500,20.01
H2_2_Qubits,EfficientSU2,2,SPSA,depolarizing,0.096,-1.8572750302023802,-1.3793326424237877,500,19.61
H2_2_Qubits,EfficientSU2,2,SPSA,depolarizing,0.097,-1.8572750302023802,-1.3956873925834743,500,19.51
H2_2_Qubits,EfficientSU2,2,SPSA,depolarizing,0.098,-1.8572750302023802,-1.368098815046708,500,20.32
H2_2_Qubits,EfficientSU2,2,SPSA,depolarizing,0.099,-1.8572750302023802,-1.3912696308582935,500,19.64
H2_2_Qubits,EfficientSU2,2,SPSA,depolarizing,0.1,-1.8572750302023802,-1.3650829098036423,500,22.13
H2_2_Qubits,EfficientSU2,2,SPSA,bitflip,0.001,-1.8572750302023802,-1.8469545177564717,500,22.74
H2_2_Qubits,EfficientSU2,2,SPSA,bitflip,0.002,-1.8572750302023802,-1.8376552235721724,500,21.89
H2_2_Qubits,EfficientSU2,2,SPSA,bitflip,0.003,-1.8572750302023802,-1.8248087672322408,500,20.76
H2_2_Qubits,EfficientSU2,2,SPSA,bitflip,0.004,-1.8572750302023802,-1.8164491632585016,500,20.25
H2_2_Qubits,EfficientSU2,2,SPSA,bitflip,0.005,-1.8572750302023802,-1.8044048343348984,500,20.0
H2_2_Qubits,EfficientSU2,2,SPSA,bitflip,0.006,-1.8572750302023802,-1.8343212211623934,500,20.05
H2_2_Qubits,EfficientSU2,2,SPSA,bitflip,0.007,-1.8572750302023802,-1.8031582416444296,500,20.06
H2_2_Qubits,EfficientSU2,2,SPSA,bitflip,0.008,-1.8572750302023802,-1.7899514744667027,500,20.27
H2_2_Qubits,EfficientSU2,2,SPSA,bitflip,0.009000000000000001,-1.8572750302023802,-1.7675751023445412,500,20.28
H2_2_Qubits,EfficientSU2,2,SPSA,bitflip,0.01,-1.8572750302023802,-1.765267103408132,500,20.39
H2_2_Qubits,EfficientSU2,2,SPSA,bitflip,0.011,-1.8572750302023802,-1.7734626578276345,500,19.85
H2_2_Qubits,EfficientSU2,2,SPSA,bitflip,0.012,-1.8572750302023802,-1.7259171744223953,500,20.95
H2_2_Qubits,EfficientSU2,2,SPSA,bitflip,0.013000000000000001,-1.8572750302023802,-1.7613198655887814,500,21.34
H2_2_Qubits,EfficientSU2,2,SPSA,bitflip,0.014,-1.8572750302023802,-1.7278525920038383,500,21.11
H2_2_Qubits,EfficientSU2,2,SPSA,bitflip,0.015,-1.8572750302023802,-1.7158048963225607,500,21.27
H2_2_Qubits,EfficientSU2,2,SPSA,bitflip,0.016,-1.8572750302023802,-1.656820455406638,500,19.9
H2_2_Qubits,EfficientSU2,2,SPSA,bitflip,0.017,-1.8572750302023802,-1.7704559742581634,500,20.35
H2_2_Qubits,EfficientSU2,2,SPSA,bitflip,0.018000000000000002,-1.8572750302023802,-1.7720727008440378,500,22.17
H2_2_Qubits,EfficientSU2,2,SPSA,bitflip,0.019,-1.8572750302023802,-1.6739386453817933,500,19.74
H2_2_Qubits,EfficientSU2,2,SPSA,bitflip,0.02,-1.8572750302023802,-1.7280890457005214,500,19.99
H2_2_Qubits,EfficientSU2,2,SPSA,bitflip,0.021,-1.8572750302023802,-1.709152187505468,500,20.18
H2_2_Qubits,EfficientSU2,2,SPSA,bitflip,0.022,-1.8572750302023802,-1.6681812276071235,500,21.0
H2_2_Qubits,EfficientSU2,2,SPSA,bitflip,0.023,-1.8572750302023802,-1.674835504041337,500,19.57
H2_2_Qubits,EfficientSU2,2,SPSA,bitflip,0.024,-1.8572750302023802,-1.6598647348767381,500,20.64
H2_2_Qubits,EfficientSU2,2,SPSA,bitflip,0.025,-1.8572750302023802,-1.71216053395674,500,21.4
H2_2_Qubits,EfficientSU2,2,SPSA,bitflip,0.026000000000000002,-1.8572750302023802,-1.721389846790117,500,20.14
H2_2_Qubits,EfficientSU2,2,SPSA,bitflip,0.027,-1.8572750302023802,-1.5551466919947865,500,20.32
H2_2_Qubits,EfficientSU2,2,SPSA,bitflip,0.028,-1.8572750302023802,-1.6374215825366318,500,20.58
H2_2_Qubits,EfficientSU2,2,SPSA,bitflip,0.029,-1.8572750302023802,-1.6209330692515531,500,19.87
H2_2_Qubits,EfficientSU2,2,SPSA,bitflip,0.03,-1.8572750302023802,-1.7502594585683102,500,19.68
H2_2_Qubits,EfficientSU2,2,SPSA,bitflip,0.031,-1.8572750302023802,-1.5571883545025744,500,19.53
H2_2_Qubits,EfficientSU2,2,SPSA,bitflip,0.032,-1.8572750302023802,-1.7195994423555085,500,19.62
H2_2_Qubits,EfficientSU2,2,SPSA,bitflip,0.033,-1.8572750302023802,-1.644547903017691,500,19.62
H2_2_Qubits,EfficientSU2,2,SPSA,bitflip,0.034,-1.8572750302023802,-1.6993265055107165,500,19.66
H2_2_Qubits,EfficientSU2,2,SPSA,bitflip,0.035,-1.8572750302023802,-1.6157926279841899,500,19.69
H2_2_Qubits,EfficientSU2,2,SPSA,bitflip,0.036000000000000004,-1.8572750302023802,-1.51923221245666,500,19.82
H2_2_Qubits,EfficientSU2,2,SPSA,bitflip,0.037,-1.8572750302023802,-1.739668582549973,500,19.66
H2_2_Qubits,EfficientSU2,2,SPSA,bitflip,0.038,-1.8572750302023802,-1.658334989756753,500,19.77
H2_2_Qubits,EfficientSU2,2,SPSA,bitflip,0.039,-1.8572750302023802,-1.6668320162517631,500,19.66
H2_2_Qubits,EfficientSU2,2,SPSA,bitflip,0.04,-1.8572750302023802,-1.6093577404668697,500,20.06
H2_2_Qubits,EfficientSU2,2,SPSA,bitflip,0.041,-1.8572750302023802,-1.6533161388210174,500,19.9
H2_2_Qubits,EfficientSU2,2,SPSA,bitflip,0.042,-1.8572750302023802,-1.5167808270269119,500,19.91
H2_2_Qubits,EfficientSU2,2,SPSA,bitflip,0.043000000000000003,-1.8572750302023802,-1.7075057171508605,500,19.89
H2_2_Qubits,EfficientSU2,2,SPSA,bitflip,0.044,-1.8572750302023802,-1.582108685154934,500,19.92
H2_2_Qubits,EfficientSU2,2,SPSA,bitflip,0.045,-1.8572750302023802,-1.6204618234211337,500,19.94
H2_2_Qubits,EfficientSU2,2,SPSA,bitflip,0.046,-1.8572750302023802,-1.5817162527560622,500,20.08
H2_2_Qubits,EfficientSU2,2,SPSA,bitflip,0.047,-1.8572750302023802,-1.4748317892829848,500,20.19
H2_2_Qubits,EfficientSU2,2,SPSA,bitflip,0.048,-1.8572750302023802,-1.7090280919118177,500,19.47
H2_2_Qubits,EfficientSU2,2,SPSA,bitflip,0.049,-1.8572750302023802,-1.704107638401695,500,19.34
H2_2_Qubits,EfficientSU2,2,SPSA,bitflip,0.05,-1.8572750302023802,-1.7030160239545582,500,19.31
H2_2_Qubits,EfficientSU2,2,SPSA,bitflip,0.051000000000000004,-1.8572750302023802,-1.691784696752165,500,19.43
H2_2_Qubits,EfficientSU2,2,SPSA,bitflip,0.052000000000000005,-1.8572750302023802,-1.695842209219593,500,19.66
H2_2_Qubits,EfficientSU2,2,SPSA,bitflip,0.053,-1.8572750302023802,-1.5714378606866226,500,19.72
H2_2_Qubits,EfficientSU2,2,SPSA,bitflip,0.054,-1.8572750302023802,-1.539035917790785,500,19.78
H2_2_Qubits,EfficientSU2,2,SPSA,bitflip,0.055,-1.8572750302023802,-1.6863674900683328,500,19.62
H2_2_Qubits,EfficientSU2,2,SPSA,bitflip,0.056,-1.8572750302023802,-1.6758162678930597,500,19.64
H2_2_Qubits,EfficientSU2,2,SPSA,bitflip,0.057,-1.8572750302023802,-1.6042775563742944,500,19.58
H2_2_Qubits,EfficientSU2,2,SPSA,bitflip,0.058,-1.8572750302023802,-1.679604095511881,500,19.74
H2_2_Qubits,EfficientSU2,2,SPSA,bitflip,0.059000000000000004,-1.8572750302023802,-1.4484016857029762,500,19.8
H2_2_Qubits,EfficientSU2,2,SPSA,bitflip,0.06,-1.8572750302023802,-1.5788274026264622,500,19.64
H2_2_Qubits,EfficientSU2,2,SPSA,bitflip,0.061,-1.8572750302023802,-1.565542271187644,500,19.33
H2_2_Qubits,EfficientSU2,2,SPSA,bitflip,0.062,-1.8572750302023802,-1.5575362685783327,500,19.31
H2_2_Qubits,EfficientSU2,2,SPSA,bitflip,0.063,-1.8572750302023802,-1.6647836050424625,500,19.55
H2_2_Qubits,EfficientSU2,2,SPSA,bitflip,0.064,-1.8572750302023802,-1.5602314007564726,500,19.44
H2_2_Qubits,EfficientSU2,2,SPSA,bitflip,0.065,-1.8572750302023802,-1.6618259973721128,500,19.49
H2_2_Qubits,EfficientSU2,2,SPSA,bitflip,0.066,-1.8572750302023802,-1.6580554977294995,500,19.5
H2_2_Qubits,EfficientSU2,2,SPSA,bitflip,0.067,-1.8572750302023802,-1.6541533619632882,500,19.59
H2_2_Qubits,EfficientSU2,2,SPSA,bitflip,0.068,-1.8572750302023802,-1.550703289202132,500,19.5
H2_2_Qubits,EfficientSU2,2,SPSA,bitflip,0.069,-1.8572750302023802,-1.6448201540155631,500,19.68
H2_2_Qubits,EfficientSU2,2,SPSA,bitflip,0.07,-1.8572750302023802,-1.645865577785013,500,19.65
H2_2_Qubits,EfficientSU2,2,SPSA,bitflip,0.07100000000000001,-1.8572750302023802,-1.6446144516363599,500,19.64
H2_2_Qubits,EfficientSU2,2,SPSA,bitflip,0.07200000000000001,-1.8572750302023802,-1.6395386265123566,500,19.73
H2_2_Qubits,EfficientSU2,2,SPSA,bitflip,0.073,-1.8572750302023802,-1.444783272836855,500,19.55
H2_2_Qubits,EfficientSU2,2,SPSA,bitflip,0.074,-1.8572750302023802,-1.636404051609662,500,19.59
H2_2_Qubits,EfficientSU2,2,SPSA,bitflip,0.075,-1.8572750302023802,-1.6320203736671397,500,19.67
H2_2_Qubits,EfficientSU2,2,SPSA,bitflip,0.076,-1.8572750302023802,-1.5149055094710484,500,19.71
H2_2_Qubits,EfficientSU2,2,SPSA,bitflip,0.077,-1.8572750302023802,-1.624279625875949,500,19.77
H2_2_Qubits,EfficientSU2,2,SPSA,bitflip,0.078,-1.8572750302023802,-1.6223118101258742,500,19.75
H2_2_Qubits,EfficientSU2,2,SPSA,bitflip,0.079,-1.8572750302023802,-1.619199653033307,500,19.86
H2_2_Qubits,EfficientSU2,2,SPSA,bitflip,0.08,-1.8572750302023802,-1.616882603752292,500,19.8
H2_2_Qubits,EfficientSU2,2,SPSA,bitflip,0.081,-1.8572750302023802,-1.6127657628142194,500,19.83
H2_2_Qubits,EfficientSU2,2,SPSA,bitflip,0.082,-1.8572750302023802,-1.6104029041246832,500,19.81
H2_2_Qubits,EfficientSU2,2,SPSA,bitflip,0.083,-1.8572750302023802,-1.5937908476074814,500,19.34
H2_2_Qubits,EfficientSU2,2,SPSA,bitflip,0.084,-1.8572750302023802,-1.6046494849398745,500,19.33
H2_2_Qubits,EfficientSU2,2,SPSA,bitflip,0.085,-1.8572750302023802,-1.6015004641217816,500,19.47
H2_2_Qubits,EfficientSU2,2,SPSA,bitflip,0.08600000000000001,-1.8572750302023802,-1.5967056503974053,500,19.44
H2_2_Qubits,EfficientSU2,2,SPSA,bitflip,0.08700000000000001,-1.8572750302023802,-1.597507790532073,500,19.45
H2_2_Qubits,EfficientSU2,2,SPSA,bitflip,0.088,-1.8572750302023802,-1.473762549014194,500,19.47
H2_2_Qubits,EfficientSU2,2,SPSA,bitflip,0.089,-1.8572750302023802,-1.405332403245093,500,19.56
H2_2_Qubits,EfficientSU2,2,SPSA,bitflip,0.09,-1.8572750302023802,-1.5903165253536145,500,19.63
H2_2_Qubits,EfficientSU2,2,SPSA,bitflip,0.091,-1.8572750302023802,-1.5864852273466414,500,19.71
H2_2_Qubits,EfficientSU2,2,SPSA,bitflip,0.092,-1.8572750302023802,-1.2482016875366966,500,19.63
H2_2_Qubits,EfficientSU2,2,SPSA,bitflip,0.093,-1.8572750302023802,-1.5808182477453516,500,19.52
H2_2_Qubits,EfficientSU2,2,SPSA,bitflip,0.094,-1.8572750302023802,-1.578658473263426,500,19.61
H2_2_Qubits,EfficientSU2,2,SPSA,bitflip,0.095,-1.8572750302023802,-1.558851693724889,500,19.35
H2_2_Qubits,EfficientSU2,2,SPSA,bitflip,0.096,-1.8572750302023802,-1.5188364381107369,500,19.29
H2_2_Qubits,EfficientSU2,2,SPSA,bitflip,0.097,-1.8572750302023802,-1.5716942891284091,500,19.43
H2_2_Qubits,EfficientSU2,2,SPSA,bitflip,0.098,-1.8572750302023802,-1.568873449263233,500,19.37
H2_2_Qubits,EfficientSU2,2,SPSA,bitflip,0.099,-1.8572750302023802,-1.563740796460228,500,19.34
H2_2_Qubits,EfficientSU2,2,SPSA,bitflip,0.1,-1.8572750302023802,-1.5632659180562056,500,19.42
H2_2_Qubits,TwoLocal,4,COBYLA,noiseless,0.0,-1.8572750302023802,-1.860064971504655,68,2.85
H2_2_Qubits,TwoLocal,4,COBYLA,depolarizing,0.001,-1.8572750302023802,-1.849464731773836,73,2.74
H2_2_Qubits,TwoLocal,4,COBYLA,depolarizing,0.002,-1.8572750302023802,-1.8430103269298286,111,4.24
H2_2_Qubits,TwoLocal,4,COBYLA,depolarizing,0.003,-1.8572750302023802,-1.837780716848652,85,3.29
H2_2_Qubits,TwoLocal,4,COBYLA,depolarizing,0.004,-1.8572750302023802,-1.8258860302509192,94,3.62
H2_2_Qubits,TwoLocal,4,COBYLA,depolarizing,0.005,-1.8572750302023802,-1.8213325842577777,80,3.02
H2_2_Qubits,TwoLocal,4,COBYLA,depolarizing,0.006,-1.8572750302023802,-1.8146523614844887,82,3.1
H2_2_Qubits,TwoLocal,4,COBYLA,depolarizing,0.007,-1.8572750302023802,-1.8080605309585862,84,3.16
H2_2_Qubits,TwoLocal,4,COBYLA,depolarizing,0.008,-1.8572750302023802,-1.7979471673948275,79,3.0
H2_2_Qubits,TwoLocal,4,COBYLA,depolarizing,0.009000000000000001,-1.8572750302023802,-1.7891459466080617,108,4.24
H2_2_Qubits,TwoLocal,4,COBYLA,depolarizing,0.01,-1.8572750302023802,-1.7806008712584356,85,3.22
H2_2_Qubits,TwoLocal,4,COBYLA,depolarizing,0.011,-1.8572750302023802,-1.7830110631992462,75,2.83
H2_2_Qubits,TwoLocal,4,COBYLA,depolarizing,0.012,-1.8572750302023802,-1.7649687075395901,96,3.63
H2_2_Qubits,TwoLocal,4,COBYLA,depolarizing,0.013000000000000001,-1.8572750302023802,-1.7507047275356404,100,3.81
H2_2_Qubits,TwoLocal,4,COBYLA,depolarizing,0.014,-1.8572750302023802,-1.749781411862365,87,3.29
H2_2_Qubits,TwoLocal,4,COBYLA,depolarizing,0.015,-1.8572750302023802,-1.7460334867138172,71,2.7
H2_2_Qubits,TwoLocal,4,COBYLA,depolarizing,0.016,-1.8572750302023802,-1.7268132806424346,86,3.26
H2_2_Qubits,TwoLocal,4,COBYLA,depolarizing,0.017,-1.8572750302023802,-1.7363113984061354,86,3.26
H2_2_Qubits,TwoLocal,4,COBYLA,depolarizing,0.018000000000000002,-1.8572750302023802,-1.7214711216334775,75,2.85
H2_2_Qubits,TwoLocal,4,COBYLA,depolarizing,0.019,-1.8572750302023802,-1.710827339142837,97,3.66
H2_2_Qubits,TwoLocal,4,COBYLA,depolarizing,0.02,-1.8572750302023802,-1.7073623444580877,115,4.35
H2_2_Qubits,TwoLocal,4,COBYLA,depolarizing,0.021,-1.8572750302023802,-1.6948897636433118,103,3.91
H2_2_Qubits,TwoLocal,4,COBYLA,depolarizing,0.022,-1.8572750302023802,-1.691288772632481,97,3.68
H2_2_Qubits,TwoLocal,4,COBYLA,depolarizing,0.023,-1.8572750302023802,-1.6879271820439663,85,3.33
H2_2_Qubits,TwoLocal,4,COBYLA,depolarizing,0.024,-1.8572750302023802,-1.6839635088000882,75,2.79
H2_2_Qubits,TwoLocal,4,COBYLA,depolarizing,0.025,-1.8572750302023802,-1.6721588829599918,106,3.93
H2_2_Qubits,TwoLocal,4,COBYLA,depolarizing,0.026000000000000002,-1.8572750302023802,-1.6686343396897483,89,3.31
H2_2_Qubits,TwoLocal,4,COBYLA,depolarizing,0.027,-1.8572750302023802,-1.6582230909230056,86,3.17
H2_2_Qubits,TwoLocal,4,COBYLA,depolarizing,0.028,-1.8572750302023802,-1.6507766578732532,87,3.26
H2_2_Qubits,TwoLocal,4,COBYLA,depolarizing,0.029,-1.8572750302023802,-1.648694219990956,96,3.56
H2_2_Qubits,TwoLocal,4,COBYLA,depolarizing,0.03,-1.8572750302023802,-1.6529217586939282,84,3.11
H2_2_Qubits,TwoLocal,4,COBYLA,depolarizing,0.031,-1.8572750302023802,-1.6255159836488837,95,3.51
H2_2_Qubits,TwoLocal,4,COBYLA,depolarizing,0.032,-1.8572750302023802,-1.649887246481531,80,2.99
H2_2_Qubits,TwoLocal,4,COBYLA,depolarizing,0.033,-1.8572750302023802,-1.612661007286447,83,3.12
H2_2_Qubits,TwoLocal,4,COBYLA,depolarizing,0.034,-1.8572750302023802,-1.6202277257818531,90,3.35
H2_2_Qubits,TwoLocal,4,COBYLA,depolarizing,0.035,-1.8572750302023802,-1.5958372653874862,91,3.39
H2_2_Qubits,TwoLocal,4,COBYLA,depolarizing,0.036000000000000004,-1.8572750302023802,-1.6134010352300228,95,3.56
H2_2_Qubits,TwoLocal,4,COBYLA,depolarizing,0.037,-1.8572750302023802,-1.5995545781726603,69,2.57
H2_2_Qubits,TwoLocal,4,COBYLA,depolarizing,0.038,-1.8572750302023802,-1.6031575961457398,79,2.96
H2_2_Qubits,TwoLocal,4,COBYLA,depolarizing,0.039,-1.8572750302023802,-1.5783034741494253,76,2.83
H2_2_Qubits,TwoLocal,4,COBYLA,depolarizing,0.04,-1.8572750302023802,-1.5743904767966714,86,3.23
H2_2_Qubits,TwoLocal,4,COBYLA,depolarizing,0.041,-1.8572750302023802,-1.5796620797412815,79,3.03
H2_2_Qubits,TwoLocal,4,COBYLA,depolarizing,0.042,-1.8572750302023802,-1.5651051064536294,97,3.72
H2_2_Qubits,TwoLocal,4,COBYLA,depolarizing,0.043000000000000003,-1.8572750302023802,-1.5747935905881811,107,4.04
H2_2_Qubits,TwoLocal,4,COBYLA,depolarizing,0.044,-1.8572750302023802,-1.5664574962097415,95,3.56
H2_2_Qubits,TwoLocal,4,COBYLA,depolarizing,0.045,-1.8572750302023802,-1.5689501341557026,99,3.72
H2_2_Qubits,TwoLocal,4,COBYLA,depolarizing,0.046,-1.8572750302023802,-1.5422596232096895,86,3.22
H2_2_Qubits,TwoLocal,4,COBYLA,depolarizing,0.047,-1.8572750302023802,-1.5339038871105661,74,2.77
H2_2_Qubits,TwoLocal,4,COBYLA,depolarizing,0.048,-1.8572750302023802,-1.5176083170613888,87,3.25
H2_2_Qubits,TwoLocal,4,COBYLA,depolarizing,0.049,-1.8572750302023802,-1.5361519035530313,90,3.36
H2_2_Qubits,TwoLocal,4,COBYLA,depolarizing,0.05,-1.8572750302023802,-1.5383995862782778,83,3.1
H2_2_Qubits,TwoLocal,4,COBYLA,depolarizing,0.051000000000000004,-1.8572750302023802,-1.4815120539039295,111,4.21
H2_2_Qubits,TwoLocal,4,COBYLA,depolarizing,0.052000000000000005,-1.8572750302023802,-1.5008052286656106,131,4.91
H2_2_Qubits,TwoLocal,4,COBYLA,depolarizing,0.053,-1.8572750302023802,-1.5068917790570941,90,3.37
H2_2_Qubits,TwoLocal,4,COBYLA,depolarizing,0.054,-1.8572750302023802,-1.4868989521194906,92,3.44
H2_2_Qubits,TwoLocal,4,COBYLA,depolarizing,0.055,-1.8572750302023802,-1.5135426113504704,82,3.09
H2_2_Qubits,TwoLocal,4,COBYLA,depolarizing,0.056,-1.8572750302023802,-1.4992154368521287,86,3.23
H2_2_Qubits,TwoLocal,4,COBYLA,depolarizing,0.057,-1.8572750302023802,-1.4865283856253906,82,3.08
H2_2_Qubits,TwoLocal,4,COBYLA,depolarizing,0.058,-1.8572750302023802,-1.4637463271653623,82,3.1
H2_2_Qubits,TwoLocal,4,COBYLA,depolarizing,0.059000000000000004,-1.8572750302023802,-1.4704797234607954,77,2.93
H2_2_Qubits,TwoLocal,4,COBYLA,depolarizing,0.06,-1.8572750302023802,-1.4527302513358953,87,3.26
H2_2_Qubits,TwoLocal,4,COBYLA,depolarizing,0.061,-1.8572750302023802,-1.4697254044348906,89,3.4
H2_2_Qubits,TwoLocal,4,COBYLA,depolarizing,0.062,-1.8572750302023802,-1.4433868143266138,95,3.59
H2_2_Qubits,TwoLocal,4,COBYLA,depolarizing,0.063,-1.8572750302023802,-1.452790016951457,95,3.6
H2_2_Qubits,TwoLocal,4,COBYLA,depolarizing,0.064,-1.8572750302023802,-1.4716306093447573,93,3.53
H2_2_Qubits,TwoLocal,4,COBYLA,depolarizing,0.065,-1.8572750302023802,-1.4563742801361825,80,3.03
H2_2_Qubits,TwoLocal,4,COBYLA,depolarizing,0.066,-1.8572750302023802,-1.46642536465024,124,4.68
H2_2_Qubits,TwoLocal,4,COBYLA,depolarizing,0.067,-1.8572750302023802,-1.4356607770328365,91,3.45
H2_2_Qubits,TwoLocal,4,COBYLA,depolarizing,0.068,-1.8572750302023802,-1.4314653497162695,97,3.78
H2_2_Qubits,TwoLocal,4,COBYLA,depolarizing,0.069,-1.8572750302023802,-1.4328810501128109,69,2.57
H2_2_Qubits,TwoLocal,4,COBYLA,depolarizing,0.07,-1.8572750302023802,-1.4176876033405077,100,3.84
H2_2_Qubits,TwoLocal,4,COBYLA,depolarizing,0.07100000000000001,-1.8572750302023802,-1.4174741003197209,80,2.99
H2_2_Qubits,TwoLocal,4,COBYLA,depolarizing,0.07200000000000001,-1.8572750302023802,-1.4160856576211627,74,2.75
H2_2_Qubits,TwoLocal,4,COBYLA,depolarizing,0.073,-1.8572750302023802,-1.398780925451247,82,3.12
H2_2_Qubits,TwoLocal,4,COBYLA,depolarizing,0.074,-1.8572750302023802,-1.4243812817450092,72,2.76
H2_2_Qubits,TwoLocal,4,COBYLA,depolarizing,0.075,-1.8572750302023802,-1.3940650177944895,95,3.58
H2_2_Qubits,TwoLocal,4,COBYLA,depolarizing,0.076,-1.8572750302023802,-1.38426543242566,71,2.66
H2_2_Qubits,TwoLocal,4,COBYLA,depolarizing,0.077,-1.8572750302023802,-1.3995099237157584,113,4.2
H2_2_Qubits,TwoLocal,4,COBYLA,depolarizing,0.078,-1.8572750302023802,-1.3895033354004456,82,3.07
H2_2_Qubits,TwoLocal,4,COBYLA,depolarizing,0.079,-1.8572750302023802,-1.3807200002753783,80,2.99
H2_2_Qubits,TwoLocal,4,COBYLA,depolarizing,0.08,-1.8572750302023802,-1.3961734097227079,93,3.5
H2_2_Qubits,TwoLocal,4,COBYLA,depolarizing,0.081,-1.8572750302023802,-1.3795676933594052,102,3.84
H2_2_Qubits,TwoLocal,4,COBYLA,depolarizing,0.082,-1.8572750302023802,-1.3685922470879792,81,3.05
H2_2_Qubits,TwoLocal,4,COBYLA,depolarizing,0.083,-1.8572750302023802,-1.342131422021706,94,3.53
H2_2_Qubits,TwoLocal,4,COBYLA,depolarizing,0.084,-1.8572750302023802,-1.3772816700767139,115,4.3
H2_2_Qubits,TwoLocal,4,COBYLA,depolarizing,0.085,-1.8572750302023802,-1.3689163456798803,88,3.32
H2_2_Qubits,TwoLocal,4,COBYLA,depolarizing,0.08600000000000001,-1.8572750302023802,-1.364511936158214,96,3.61
H2_2_Qubits,TwoLocal,4,COBYLA,depolarizing,0.08700000000000001,-1.8572750302023802,-1.3647976408605873,86,3.23
H2_2_Qubits,TwoLocal,4,COBYLA,depolarizing,0.088,-1.8572750302023802,-1.351262521476798,84,3.18
H2_2_Qubits,TwoLocal,4,COBYLA,depolarizing,0.089,-1.8572750302023802,-1.355019489955905,91,3.43
H2_2_Qubits,TwoLocal,4,COBYLA,depolarizing,0.09,-1.8572750302023802,-1.3559340896187493,96,3.6
H2_2_Qubits,TwoLocal,4,COBYLA,depolarizing,0.091,-1.8572750302023802,-1.3715014697186696,99,3.72
H2_2_Qubits,TwoLocal,4,COBYLA,depolarizing,0.092,-1.8572750302023802,-1.3458323292135672,103,3.92
H2_2_Qubits,TwoLocal,4,COBYLA,depolarizing,0.093,-1.8572750302023802,-1.361593369538329,96,3.62
H2_2_Qubits,TwoLocal,4,COBYLA,depolarizing,0.094,-1.8572750302023802,-1.3587977204120996,102,3.84
H2_2_Qubits,TwoLocal,4,COBYLA,depolarizing,0.095,-1.8572750302023802,-1.3452695876503473,101,3.81
H2_2_Qubits,TwoLocal,4,COBYLA,depolarizing,0.096,-1.8572750302023802,-1.334444607130368,111,4.18
H2_2_Qubits,TwoLocal,4,COBYLA,depolarizing,0.097,-1.8572750302023802,-1.3238434912588464,84,3.2
H2_2_Qubits,TwoLocal,4,COBYLA,depolarizing,0.098,-1.8572750302023802,-1.3479496680586938,122,4.6
H2_2_Qubits,TwoLocal,4,COBYLA,depolarizing,0.099,-1.8572750302023802,-1.3093257124691293,90,3.42
H2_2_Qubits,TwoLocal,4,COBYLA,depolarizing,0.1,-1.8572750302023802,-1.3348973430979054,102,3.86
H2_2_Qubits,TwoLocal,4,COBYLA,bitflip,0.001,-1.8572750302023802,-1.8480595941560698,94,3.65
H2_2_Qubits,TwoLocal,4,COBYLA,bitflip,0.002,-1.8572750302023802,-1.8380370240570658,100,3.75
H2_2_Qubits,TwoLocal,4,COBYLA,bitflip,0.003,-1.8572750302023802,-1.8248676027580613,81,3.06
H2_2_Qubits,TwoLocal,4,COBYLA,bitflip,0.004,-1.8572750302023802,-1.8169694101485478,103,3.88
H2_2_Qubits,TwoLocal,4,COBYLA,bitflip,0.005,-1.8572750302023802,-1.8058615017084376,115,4.34
H2_2_Qubits,TwoLocal,4,COBYLA,bitflip,0.006,-1.8572750302023802,-1.8121072459631815,68,2.57
H2_2_Qubits,TwoLocal,4,COBYLA,bitflip,0.007,-1.8572750302023802,-1.789648259667505,95,3.59
H2_2_Qubits,TwoLocal,4,COBYLA,bitflip,0.008,-1.8572750302023802,-1.7775049636922,76,2.88
H2_2_Qubits,TwoLocal,4,COBYLA,bitflip,0.009000000000000001,-1.8572750302023802,-1.762768955672053,73,2.78
H2_2_Qubits,TwoLocal,4,COBYLA,bitflip,0.01,-1.8572750302023802,-1.7643700176196924,91,3.43
H2_2_Qubits,TwoLocal,4,COBYLA,bitflip,0.011,-1.8572750302023802,-1.7354194913101053,81,3.08
H2_2_Qubits,TwoLocal,4,COBYLA,bitflip,0.012,-1.8572750302023802,-1.7319925561807086,86,3.24
H2_2_Qubits,TwoLocal,4,COBYLA,bitflip,0.013000000000000001,-1.8572750302023802,-1.7236717381572906,98,3.67
H2_2_Qubits,TwoLocal,4,COBYLA,bitflip,0.014,-1.8572750302023802,-1.7051711481394638,73,2.81
H2_2_Qubits,TwoLocal,4,COBYLA,bitflip,0.015,-1.8572750302023802,-1.7175274554246434,88,3.34
H2_2_Qubits,TwoLocal,4,COBYLA,bitflip,0.016,-1.8572750302023802,-1.6969909633280096,91,3.63
H2_2_Qubits,TwoLocal,4,COBYLA,bitflip,0.017,-1.8572750302023802,-1.6763500363130546,80,2.95
H2_2_Qubits,TwoLocal,4,COBYLA,bitflip,0.018000000000000002,-1.8572750302023802,-1.6723734625039437,108,4.0
H2_2_Qubits,TwoLocal,4,COBYLA,bitflip,0.019,-1.8572750302023802,-1.6746334969738483,97,3.61
H2_2_Qubits,TwoLocal,4,COBYLA,bitflip,0.02,-1.8572750302023802,-1.676761271052228,86,3.22
H2_2_Qubits,TwoLocal,4,COBYLA,bitflip,0.021,-1.8572750302023802,-1.653588646694059,88,3.32
H2_2_Qubits,TwoLocal,4,COBYLA,bitflip,0.022,-1.8572750302023802,-1.6402287593740859,78,2.91
H2_2_Qubits,TwoLocal,4,COBYLA,bitflip,0.023,-1.8572750302023802,-1.6388800681661548,95,3.56
H2_2_Qubits,TwoLocal,4,COBYLA,bitflip,0.024,-1.8572750302023802,-1.6320460705345217,93,3.47
H2_2_Qubits,TwoLocal,4,COBYLA,bitflip,0.025,-1.8572750302023802,-1.6486106162260548,114,4.25
H2_2_Qubits,TwoLocal,4,COBYLA,bitflip,0.026000000000000002,-1.8572750302023802,-1.6093955886206035,85,3.18
H2_2_Qubits,TwoLocal,4,COBYLA,bitflip,0.027,-1.8572750302023802,-1.5967822103547646,115,4.44
H2_2_Qubits,TwoLocal,4,COBYLA,bitflip,0.028,-1.8572750302023802,-1.6056005637467685,82,3.08
H2_2_Qubits,TwoLocal,4,COBYLA,bitflip,0.029,-1.8572750302023802,-1.6166021314638388,90,3.42
H2_2_Qubits,TwoLocal,4,COBYLA,bitflip,0.03,-1.8572750302023802,-1.59608805594342,71,2.63
H2_2_Qubits,TwoLocal,4,COBYLA,bitflip,0.031,-1.8572750302023802,-1.5831973088745421,110,4.18
H2_2_Qubits,TwoLocal,4,COBYLA,bitflip,0.032,-1.8572750302023802,-1.565121406075576,98,3.67
H2_2_Qubits,TwoLocal,4,COBYLA,bitflip,0.033,-1.8572750302023802,-1.6044831837623175,115,4.33
H2_2_Qubits,TwoLocal,4,COBYLA,bitflip,0.034,-1.8572750302023802,-1.5379366199303288,102,3.83
H2_2_Qubits,TwoLocal,4,COBYLA,bitflip,0.035,-1.8572750302023802,-1.536467373683236,117,4.37
H2_2_Qubits,TwoLocal,4,COBYLA,bitflip,0.036000000000000004,-1.8572750302023802,-1.5991164887305114,120,4.54
H2_2_Qubits,TwoLocal,4,COBYLA,bitflip,0.037,-1.8572750302023802,-1.5990783067078738,107,4.03
H2_2_Qubits,TwoLocal,4,COBYLA,bitflip,0.038,-1.8572750302023802,-1.559360606357068,141,5.3
H2_2_Qubits,TwoLocal,4,COBYLA,bitflip,0.039,-1.8572750302023802,-1.5816162363079578,142,5.4
H2_2_Qubits,TwoLocal,4,COBYLA,bitflip,0.04,-1.8572750302023802,-1.540290217718125,104,3.91
H2_2_Qubits,TwoLocal,4,COBYLA,bitflip,0.041,-1.8572750302023802,-1.4833291094893273,137,5.42
H2_2_Qubits,TwoLocal,4,COBYLA,bitflip,0.042,-1.8572750302023802,-1.5370908572697937,146,5.65
H2_2_Qubits,TwoLocal,4,COBYLA,bitflip,0.043000000000000003,-1.8572750302023802,-1.4668861986815305,89,3.36
H2_2_Qubits,TwoLocal,4,COBYLA,bitflip,0.044,-1.8572750302023802,-1.523931974631741,117,4.4
H2_2_Qubits,TwoLocal,4,COBYLA,bitflip,0.045,-1.8572750302023802,-1.5054151940481144,111,4.18
H2_2_Qubits,TwoLocal,4,COBYLA,bitflip,0.046,-1.8572750302023802,-1.4706574348846846,115,4.36
H2_2_Qubits,TwoLocal,4,COBYLA,bitflip,0.047,-1.8572750302023802,-1.487745837155955,108,4.23
H2_2_Qubits,TwoLocal,4,COBYLA,bitflip,0.048,-1.8572750302023802,-1.462668202024977,89,3.38
H2_2_Qubits,TwoLocal,4,COBYLA,bitflip,0.049,-1.8572750302023802,-1.4613799138932437,163,6.12
H2_2_Qubits,TwoLocal,4,COBYLA,bitflip,0.05,-1.8572750302023802,-1.446815636838098,70,2.66
H2_2_Qubits,TwoLocal,4,COBYLA,bitflip,0.051000000000000004,-1.8572750302023802,-1.4708780107664883,127,4.8
H2_2_Qubits,TwoLocal,4,COBYLA,bitflip,0.052000000000000005,-1.8572750302023802,-1.4463111286480417,113,4.27
H2_2_Qubits,TwoLocal,4,COBYLA,bitflip,0.053,-1.8572750302023802,-1.452669307687083,105,3.96
H2_2_Qubits,TwoLocal,4,COBYLA,bitflip,0.054,-1.8572750302023802,-1.4856485613733088,143,5.41
H2_2_Qubits,TwoLocal,4,COBYLA,bitflip,0.055,-1.8572750302023802,-1.4688165176399803,151,5.73
H2_2_Qubits,TwoLocal,4,COBYLA,bitflip,0.056,-1.8572750302023802,-1.4827271018251436,178,6.72
H2_2_Qubits,TwoLocal,4,COBYLA,bitflip,0.057,-1.8572750302023802,-1.4295706403766868,93,3.5
H2_2_Qubits,TwoLocal,4,COBYLA,bitflip,0.058,-1.8572750302023802,-1.4419716228206034,131,4.95
H2_2_Qubits,TwoLocal,4,COBYLA,bitflip,0.059000000000000004,-1.8572750302023802,-1.3826202244833152,147,5.55
H2_2_Qubits,TwoLocal,4,COBYLA,bitflip,0.06,-1.8572750302023802,-1.4413127302919126,141,5.37
H2_2_Qubits,TwoLocal,4,COBYLA,bitflip,0.061,-1.8572750302023802,-1.4262151508634773,145,5.47
H2_2_Qubits,TwoLocal,4,COBYLA,bitflip,0.062,-1.8572750302023802,-1.4409419500042113,93,3.5
H2_2_Qubits,TwoLocal,4,COBYLA,bitflip,0.063,-1.8572750302023802,-1.3231711659070111,93,3.78
H2_2_Qubits,TwoLocal,4,COBYLA,bitflip,0.064,-1.8572750302023802,-1.4370161333137121,109,4.03
H2_2_Qubits,TwoLocal,4,COBYLA,bitflip,0.065,-1.8572750302023802,-1.366084976711467,80,2.97
H2_2_Qubits,TwoLocal,4,COBYLA,bitflip,0.066,-1.8572750302023802,-1.3785389396894412,118,4.37
H2_2_Qubits,TwoLocal,4,COBYLA,bitflip,0.067,-1.8572750302023802,-1.3626696866641457,121,4.56
H2_2_Qubits,TwoLocal,4,COBYLA,bitflip,0.068,-1.8572750302023802,-1.366641821511111,79,2.98
H2_2_Qubits,TwoLocal,4,COBYLA,bitflip,0.069,-1.8572750302023802,-1.4154968784592952,130,4.82
H2_2_Qubits,TwoLocal,4,COBYLA,bitflip,0.07,-1.8572750302023802,-1.368438056734717,107,4.01
H2_2_Qubits,TwoLocal,4,COBYLA,bitflip,0.07100000000000001,-1.8572750302023802,-1.3419084189447428,106,3.93
H2_2_Qubits,TwoLocal,4,COBYLA,bitflip,0.07200000000000001,-1.8572750302023802,-1.384845708896327,107,4.05
H2_2_Qubits,TwoLocal,4,COBYLA,bitflip,0.073,-1.8572750302023802,-1.4074363390224474,134,5.11
H2_2_Qubits,TwoLocal,4,COBYLA,bitflip,0.074,-1.8572750302023802,-1.3779593472917173,143,5.42
H2_2_Qubits,TwoLocal,4,COBYLA,bitflip,0.075,-1.8572750302023802,-1.3254732934406794,101,3.79
H2_2_Qubits,TwoLocal,4,COBYLA,bitflip,0.076,-1.8572750302023802,-1.3277235791513549,148,5.52
H2_2_Qubits,TwoLocal,4,COBYLA,bitflip,0.077,-1.8572750302023802,-1.3926400604163744,153,5.75
H2_2_Qubits,TwoLocal,4,COBYLA,bitflip,0.078,-1.8572750302023802,-1.375056979409749,129,4.84
H2_2_Qubits,TwoLocal,4,COBYLA,bitflip,0.079,-1.8572750302023802,-1.2988533393276547,106,3.95
H2_2_Qubits,TwoLocal,4,COBYLA,bitflip,0.08,-1.8572750302023802,-1.3798085930322812,155,5.82
H2_2_Qubits,TwoLocal,4,COBYLA,bitflip,0.081,-1.8572750302023802,-1.3302523131971733,115,4.34
H2_2_Qubits,TwoLocal,4,COBYLA,bitflip,0.082,-1.8572750302023802,-1.3610368857343516,146,5.49
H2_2_Qubits,TwoLocal,4,COBYLA,bitflip,0.083,-1.8572750302023802,-1.3426592925958978,159,5.96
H2_2_Qubits,TwoLocal,4,COBYLA,bitflip,0.084,-1.8572750302023802,-1.3603781612981825,136,5.08
H2_2_Qubits,TwoLocal,4,COBYLA,bitflip,0.085,-1.8572750302023802,-1.3514227729753219,121,4.54
H2_2_Qubits,TwoLocal,4,COBYLA,bitflip,0.08600000000000001,-1.8572750302023802,-1.2797398945524667,112,4.24
H2_2_Qubits,TwoLocal,4,COBYLA,bitflip,0.08700000000000001,-1.8572750302023802,-1.292454127261194,93,3.5
H2_2_Qubits,TwoLocal,4,COBYLA,bitflip,0.088,-1.8572750302023802,-1.342453092877333,93,3.48
H2_2_Qubits,TwoLocal,4,COBYLA,bitflip,0.089,-1.8572750302023802,-1.3190697543061602,98,3.68
H2_2_Qubits,TwoLocal,4,COBYLA,bitflip,0.09,-1.8572750302023802,-1.341097588227223,92,3.46
H2_2_Qubits,TwoLocal,4,COBYLA,bitflip,0.091,-1.8572750302023802,-1.2867013171672472,99,3.86
H2_2_Qubits,TwoLocal,4,COBYLA,bitflip,0.092,-1.8572750302023802,-1.3387865372107708,142,5.47
H2_2_Qubits,TwoLocal,4,COBYLA,bitflip,0.093,-1.8572750302023802,-1.2472499355152307,106,4.16
H2_2_Qubits,TwoLocal,4,COBYLA,bitflip,0.094,-1.8572750302023802,-1.3301999625594916,116,4.35
H2_2_Qubits,TwoLocal,4,COBYLA,bitflip,0.095,-1.8572750302023802,-1.3308978910513116,100,3.82
H2_2_Qubits,TwoLocal,4,COBYLA,bitflip,0.096,-1.8572750302023802,-1.3074171453387118,181,6.86
H2_2_Qubits,TwoLocal,4,COBYLA,bitflip,0.097,-1.8572750302023802,-1.3198797972003546,96,3.6
H2_2_Qubits,TwoLocal,4,COBYLA,bitflip,0.098,-1.8572750302023802,-1.3042716765595335,130,4.89
H2_2_Qubits,TwoLocal,4,COBYLA,bitflip,0.099,-1.8572750302023802,-1.3182941054777197,156,5.9
H2_2_Qubits,TwoLocal,4,COBYLA,bitflip,0.1,-1.8572750302023802,-1.3177314793677384,138,5.19
H2_2_Qubits,TwoLocal,4,SPSA,noiseless,0.0,-1.8572750302023802,-1.8595022908286785,500,21.93
H2_2_Qubits,TwoLocal,4,SPSA,depolarizing,0.001,-1.8572750302023802,-1.8499528056974346,500,19.25
H2_2_Qubits,TwoLocal,4,SPSA,depolarizing,0.002,-1.8572750302023802,-1.844142837984848,500,19.28
H2_2_Qubits,TwoLocal,4,SPSA,depolarizing,0.003,-1.8572750302023802,-1.8333358471712216,500,19.54
H2_2_Qubits,TwoLocal,4,SPSA,depolarizing,0.004,-1.8572750302023802,-1.826279175092508,500,19.47
H2_2_Qubits,TwoLocal,4,SPSA,depolarizing,0.005,-1.8572750302023802,-1.8217288903113995,500,19.48
H2_2_Qubits,TwoLocal,4,SPSA,depolarizing,0.006,-1.8572750302023802,-1.812016729722939,500,19.69
H2_2_Qubits,TwoLocal,4,SPSA,depolarizing,0.007,-1.8572750302023802,-1.8056831248526652,500,19.67
H2_2_Qubits,TwoLocal,4,SPSA,depolarizing,0.008,-1.8572750302023802,-1.7990117380134252,500,19.81
H2_2_Qubits,TwoLocal,4,SPSA,depolarizing,0.009000000000000001,-1.8572750302023802,-1.7915252794091576,500,19.75
H2_2_Qubits,TwoLocal,4,SPSA,depolarizing,0.01,-1.8572750302023802,-1.7858598839209077,500,19.32
H2_2_Qubits,TwoLocal,4,SPSA,depolarizing,0.011,-1.8572750302023802,-1.7801541348652161,500,19.07
H2_2_Qubits,TwoLocal,4,SPSA,depolarizing,0.012,-1.8572750302023802,-1.7635046728159611,500,19.3
H2_2_Qubits,TwoLocal,4,SPSA,depolarizing,0.013000000000000001,-1.8572750302023802,-1.7568588649988823,500,19.39
H2_2_Qubits,TwoLocal,4,SPSA,depolarizing,0.014,-1.8572750302023802,-1.745402588993863,500,19.44
H2_2_Qubits,TwoLocal,4,SPSA,depolarizing,0.015,-1.8572750302023802,-1.739018865225156,500,19.4
H2_2_Qubits,TwoLocal,4,SPSA,depolarizing,0.016,-1.8572750302023802,-1.7364361189696107,500,19.55
H2_2_Qubits,TwoLocal,4,SPSA,depolarizing,0.017,-1.8572750302023802,-1.7290558399340654,500,19.6
H2_2_Qubits,TwoLocal,4,SPSA,depolarizing,0.018000000000000002,-1.8572750302023802,-1.7187110281103333,500,19.64
H2_2_Qubits,TwoLocal,4,SPSA,depolarizing,0.019,-1.8572750302023802,-1.7162967449435913,500,19.78
H2_2_Qubits,TwoLocal,4,SPSA,depolarizing,0.02,-1.8572750302023802,-1.7069556330024274,500,19.32
H2_2_Qubits,TwoLocal,4,SPSA,depolarizing,0.021,-1.8572750302023802,-1.6978037023939159,500,19.38
H2_2_Qubits,TwoLocal,4,SPSA,depolarizing,0.022,-1.8572750302023802,-1.6999097571526338,500,19.42
H2_2_Qubits,TwoLocal,4,SPSA,depolarizing,0.023,-1.8572750302023802,-1.689494429185499,500,19.54
H2_2_Qubits,TwoLocal,4,SPSA,depolarizing,0.024,-1.8572750302023802,-1.6807835190933345,500,19.47
H2_2_Qubits,TwoLocal,4,SPSA,depolarizing,0.025,-1.8572750302023802,-1.6606453383534738,500,19.52
H2_2_Qubits,TwoLocal,4,SPSA,depolarizing,0.026000000000000002,-1.8572750302023802,-1.6549424275842242,500,19.62
H2_2_Qubits,TwoLocal,4,SPSA,depolarizing,0.027,-1.8572750302023802,-1.6633043243361403,500,19.7
H2_2_Qubits,TwoLocal,4,SPSA,depolarizing,0.028,-1.8572750302023802,-1.6563878508681418,500,19.93
H2_2_Qubits,TwoLocal,4,SPSA,depolarizing,0.029,-1.8572750302023802,-1.6624316572664424,500,19.71
H2_2_Qubits,TwoLocal,4,SPSA,depolarizing,0.03,-1.8572750302023802,-1.6448465030553752,500,19.86
H2_2_Qubits,TwoLocal,4,SPSA,depolarizing,0.031,-1.8572750302023802,-1.6370224819800343,500,19.62
H2_2_Qubits,TwoLocal,4,SPSA,depolarizing,0.032,-1.8572750302023802,-1.642114827533633,500,19.68
H2_2_Qubits,TwoLocal,4,SPSA,depolarizing,0.033,-1.8572750302023802,-1.6261530452580975,500,19.91
H2_2_Qubits,TwoLocal,4,SPSA,depolarizing,0.034,-1.8572750302023802,-1.627892244096437,500,19.91
H2_2_Qubits,TwoLocal,4,SPSA,depolarizing,0.035,-1.8572750302023802,-1.62779512312028,500,19.89
H2_2_Qubits,TwoLocal,4,SPSA,depolarizing,0.036000000000000004,-1.8572750302023802,-1.6098604035877655,500,19.89
H2_2_Qubits,TwoLocal,4,SPSA,depolarizing,0.037,-1.8572750302023802,-1.613023603888372,500,20.06
H2_2_Qubits,TwoLocal,4,SPSA,depolarizing,0.038,-1.8572750302023802,-1.5928559292409004,500,19.99
H2_2_Qubits,TwoLocal,4,SPSA,depolarizing,0.039,-1.8572750302023802,-1.5728653721884633,500,19.74
H2_2_Qubits,TwoLocal,4,SPSA,depolarizing,0.04,-1.8572750302023802,-1.5969176820630369,500,19.21
H2_2_Qubits,TwoLocal,4,SPSA,depolarizing,0.041,-1.8572750302023802,-1.589408869079553,500,19.29
H2_2_Qubits,TwoLocal,4,SPSA,depolarizing,0.042,-1.8572750302023802,-1.5657572699282518,500,19.57
H2_2_Qubits,TwoLocal,4,SPSA,depolarizing,0.043000000000000003,-1.8572750302023802,-1.572898249349668,500,19.57
H2_2_Qubits,TwoLocal,4,SPSA,depolarizing,0.044,-1.8572750302023802,-1.5861269395418294,500,19.62
H2_2_Qubits,TwoLocal,4,SPSA,depolarizing,0.045,-1.8572750302023802,-1.5574329011756745,500,19.7
H2_2_Qubits,TwoLocal,4,SPSA,depolarizing,0.046,-1.8572750302023802,-1.5548540317355037,500,19.8
H2_2_Qubits,TwoLocal,4,SPSA,depolarizing,0.047,-1.8572750302023802,-1.5502811673729944,500,20.04
H2_2_Qubits,TwoLocal,4,SPSA,depolarizing,0.048,-1.8572750302023802,-1.536015572816932,500,19.43
H2_2_Qubits,TwoLocal,4,SPSA,depolarizing,0.049,-1.8572750302023802,-1.5407610746483744,500,19.33
H2_2_Qubits,TwoLocal,4,SPSA,depolarizing,0.05,-1.8572750302023802,-1.549056214692313,500,19.24
H2_2_Qubits,TwoLocal,4,SPSA,depolarizing,0.051000000000000004,-1.8572750302023802,-1.5210795707392935,500,19.37
H2_2_Qubits,TwoLocal,4,SPSA,depolarizing,0.052000000000000005,-1.8572750302023802,-1.5298471398009816,500,19.67
H2_2_Qubits,TwoLocal,4,SPSA,depolarizing,0.053,-1.8572750302023802,-1.5220342391140644,500,19.57
H2_2_Qubits,TwoLocal,4,SPSA,depolarizing,0.054,-1.8572750302023802,-1.5079995910082356,500,19.55
H2_2_Qubits,TwoLocal,4,SPSA,depolarizing,0.055,-1.8572750302023802,-1.5021907144638642,500,19.59
H2_2_Qubits,TwoLocal,4,SPSA,depolarizing,0.056,-1.8572750302023802,-1.5044942389784637,500,19.68
H2_2_Qubits,TwoLocal,4,SPSA,depolarizing,0.057,-1.8572750302023802,-1.515012469232093,500,20.12
H2_2_Qubits,TwoLocal,4,SPSA,depolarizing,0.058,-1.8572750302023802,-1.4607274313464533,500,19.69
H2_2_Qubits,TwoLocal,4,SPSA,depolarizing,0.059000000000000004,-1.8572750302023802,-1.4845221708984524,500,19.29
H2_2_Qubits,TwoLocal,4,SPSA,depolarizing,0.06,-1.8572750302023802,-1.4774523496181977,500,19.3
H2_2_Qubits,TwoLocal,4,SPSA,depolarizing,0.061,-1.8572750302023802,-1.4833591185419739,500,19.39
H2_2_Qubits,TwoLocal,4,SPSA,depolarizing,0.062,-1.8572750302023802,-1.4658215227843656,500,19.67
H2_2_Qubits,TwoLocal,4,SPSA,depolarizing,0.063,-1.8572750302023802,-1.462640540866715,500,19.62
H2_2_Qubits,TwoLocal,4,SPSA,depolarizing,0.064,-1.8572750302023802,-1.4400248659698007,500,19.69
H2_2_Qubits,TwoLocal,4,SPSA,depolarizing,0.065,-1.8572750302023802,-1.4521166359669129,500,19.69
H2_2_Qubits,TwoLocal,4,SPSA,depolarizing,0.066,-1.8572750302023802,-1.4688401978714698,500,19.81
H2_2_Qubits,TwoLocal,4,SPSA,depolarizing,0.067,-1.8572750302023802,-1.4560830117704953,500,19.8
H2_2_Qubits,TwoLocal,4,SPSA,depolarizing,0.068,-1.8572750302023802,-1.4495312175907356,500,19.33
H2_2_Qubits,TwoLocal,4,SPSA,depolarizing,0.069,-1.8572750302023802,-1.4415274487232268,500,19.27
H2_2_Qubits,TwoLocal,4,SPSA,depolarizing,0.07,-1.8572750302023802,-1.4283769065307306,500,19.45
H2_2_Qubits,TwoLocal,4,SPSA,depolarizing,0.07100000000000001,-1.8572750302023802,-1.4412392292769582,500,19.57
H2_2_Qubits,TwoLocal,4,SPSA,depolarizing,0.07200000000000001,-1.8572750302023802,-1.434410891798133,500,19.73
H2_2_Qubits,TwoLocal,4,SPSA,depolarizing,0.073,-1.8572750302023802,-1.4107696707704223,500,19.85
H2_2_Qubits,TwoLocal,4,SPSA,depolarizing,0.074,-1.8572750302023802,-1.4068005530940484,500,19.82
H2_2_Qubits,TwoLocal,4,SPSA,depolarizing,0.075,-1.8572750302023802,-1.4247664071399206,500,19.83
H2_2_Qubits,TwoLocal,4,SPSA,depolarizing,0.076,-1.8572750302023802,-1.4301910293427471,500,19.74
H2_2_Qubits,TwoLocal,4,SPSA,depolarizing,0.077,-1.8572750302023802,-1.3945322098520965,500,19.89
H2_2_Qubits,TwoLocal,4,SPSA,depolarizing,0.078,-1.8572750302023802,-1.403518788488223,500,19.31
H2_2_Qubits,TwoLocal,4,SPSA,depolarizing,0.079,-1.8572750302023802,-1.392320465308857,500,19.4
H2_2_Qubits,TwoLocal,4,SPSA,depolarizing,0.08,-1.8572750302023802,-1.3969412002587887,500,19.48
H2_2_Qubits,TwoLocal,4,SPSA,depolarizing,0.081,-1.8572750302023802,-1.4090087450572604,500,19.61
H2_2_Qubits,TwoLocal,4,SPSA,depolarizing,0.082,-1.8572750302023802,-1.3814646047587065,500,19.66
H2_2_Qubits,TwoLocal,4,SPSA,depolarizing,0.083,-1.8572750302023802,-1.3842481926151438,500,19.92
H2_2_Qubits,TwoLocal,4,SPSA,depolarizing,0.084,-1.8572750302023802,-1.3688212389476333,500,19.92
H2_2_Qubits,TwoLocal,4,SPSA,depolarizing,0.085,-1.8572750302023802,-1.394673444523919,500,19.81
H2_2_Qubits,TwoLocal,4,SPSA,depolarizing,0.08600000000000001,-1.8572750302023802,-1.3837763599699162,500,19.49
H2_2_Qubits,TwoLocal,4,SPSA,depolarizing,0.08700000000000001,-1.8572750302023802,-1.3639933729554832,500,19.29
H2_2_Qubits,TwoLocal,4,SPSA,depolarizing,0.088,-1.8572750302023802,-1.3676521826223,500,19.38
H2_2_Qubits,TwoLocal,4,SPSA,depolarizing,0.089,-1.8572750302023802,-1.3626197130501658,500,19.33
H2_2_Qubits,TwoLocal,4,SPSA,depolarizing,0.09,-1.8572750302023802,-1.3846217472172622,500,19.49
H2_2_Qubits,TwoLocal,4,SPSA,depolarizing,0.091,-1.8572750302023802,-1.3593123681124242,500,19.47
H2_2_Qubits,TwoLocal,4,SPSA,depolarizing,0.092,-1.8572750302023802,-1.3385081178623583,500,19.56
H2_2_Qubits,TwoLocal,4,SPSA,depolarizing,0.093,-1.8572750302023802,-1.3292870414298834,500,19.68
H2_2_Qubits,TwoLocal,4,SPSA,depolarizing,0.094,-1.8572750302023802,-1.3500946654516708,500,19.74
H2_2_Qubits,TwoLocal,4,SPSA,depolarizing,0.095,-1.8572750302023802,-1.3214052581912634,500,19.68
H2_2_Qubits,TwoLocal,4,SPSA,depolarizing,0.096,-1.8572750302023802,-1.3526175808098746,500,19.48
H2_2_Qubits,TwoLocal,4,SPSA,depolarizing,0.097,-1.8572750302023802,-1.3425579807436916,500,19.26
H2_2_Qubits,TwoLocal,4,SPSA,depolarizing,0.098,-1.8572750302023802,-1.3299992509052039,500,19.45
H2_2_Qubits,TwoLocal,4,SPSA,depolarizing,0.099,-1.8572750302023802,-1.3448991911754806,500,20.37
H2_2_Qubits,TwoLocal,4,SPSA,depolarizing,0.1,-1.8572750302023802,-1.3535534385963837,500,19.59
H2_2_Qubits,TwoLocal,4,SPSA,bitflip,0.001,-1.8572750302023802,-1.84867828540672,500,19.58
H2_2_Qubits,TwoLocal,4,SPSA,bitflip,0.002,-1.8572750302023802,-1.8334131767568036,500,19.65
H2_2_Qubits,TwoLocal,4,SPSA,bitflip,0.003,-1.8572750302023802,-1.8323865154067114,500,19.75
H2_2_Qubits,TwoLocal,4,SPSA,bitflip,0.004,-1.8572750302023802,-1.8099132868145662,500,20.15
H2_2_Qubits,TwoLocal,4,SPSA,bitflip,0.005,-1.8572750302023802,-1.800768064986623,500,19.48
H2_2_Qubits,TwoLocal,4,SPSA,bitflip,0.006,-1.8572750302023802,-1.7899942768034605,500,19.52
H2_2_Qubits,TwoLocal,4,SPSA,bitflip,0.007,-1.8572750302023802,-1.7876589682225839,500,19.41
H2_2_Qubits,TwoLocal,4,SPSA,bitflip,0.008,-1.8572750302023802,-1.775405013169411,500,19.4
H2_2_Qubits,TwoLocal,4,SPSA,bitflip,0.009000000000000001,-1.8572750302023802,-1.7746865275880597,500,19.52
H2_2_Qubits,TwoLocal,4,SPSA,bitflip,0.01,-1.8572750302023802,-1.741111397761126,500,19.64
H2_2_Qubits,TwoLocal,4,SPSA,bitflip,0.011,-1.8572750302023802,-1.7454885787899683,500,19.54
H2_2_Qubits,TwoLocal,4,SPSA,bitflip,0.012,-1.8572750302023802,-1.7466761716396753,500,19.61
H2_2_Qubits,TwoLocal,4,SPSA,bitflip,0.013000000000000001,-1.8572750302023802,-1.749471809974277,500,19.53
H2_2_Qubits,TwoLocal,4,SPSA,bitflip,0.014,-1.8572750302023802,-1.7118570615137314,500,19.74
H2_2_Qubits,TwoLocal,4,SPSA,bitflip,0.015,-1.8572750302023802,-1.7392726488247585,500,19.87
H2_2_Qubits,TwoLocal,4,SPSA,bitflip,0.016,-1.8572750302023802,-1.7063167602271199,500,19.67
H2_2_Qubits,TwoLocal,4,SPSA,bitflip,0.017,-1.8572750302023802,-1.6926696216206947,500,19.68
H2_2_Qubits,TwoLocal,4,SPSA,bitflip,0.018000000000000002,-1.8572750302023802,-1.6736800491727832,500,19.87
H2_2_Qubits,TwoLocal,4,SPSA,bitflip,0.019,-1.8572750302023802,-1.6990223143037422,500,20.61
H2_2_Qubits,TwoLocal,4,SPSA,bitflip,0.02,-1.8572750302023802,-1.6704663918619882,500,19.93
H2_2_Qubits,TwoLocal,4,SPSA,bitflip,0.021,-1.8572750302023802,-1.6440332323576126,500,20.1
H2_2_Qubits,TwoLocal,4,SPSA,bitflip,0.022,-1.8572750302023802,-1.6656558798996806,500,19.91
H2_2_Qubits,TwoLocal,4,SPSA,bitflip,0.023,-1.8572750302023802,-1.651160020963774,500,20.06
H2_2_Qubits,TwoLocal,4,SPSA,bitflip,0.024,-1.8572750302023802,-1.6319291258687505,500,20.01
H2_2_Qubits,TwoLocal,4,SPSA,bitflip,0.025,-1.8572750302023802,-1.6523622900183996,500,20.05
H2_2_Qubits,TwoLocal,4,SPSA,bitflip,0.026000000000000002,-1.8572750302023802,-1.6093008307917396,500,20.2
H2_2_Qubits,TwoLocal,4,SPSA,bitflip,0.027,-1.8572750302023802,-1.6408640737892304,500,20.07
H2_2_Qubits,TwoLocal,4,SPSA,bitflip,0.028,-1.8572750302023802,-1.6216248794793497,500,19.96
H2_2_Qubits,TwoLocal,4,SPSA,bitflip,0.029,-1.8572750302023802,-1.6255981423306936,500,19.53
H2_2_Qubits,TwoLocal,4,SPSA,bitflip,0.03,-1.8572750302023802,-1.5961974486706603,500,19.86
H2_2_Qubits,TwoLocal,4,SPSA,bitflip,0.031,-1.8572750302023802,-1.5984326717440722,500,19.84
H2_2_Qubits,TwoLocal,4,SPSA,bitflip,0.032,-1.8572750302023802,-1.5700010651716025,500,19.84
H2_2_Qubits,TwoLocal,4,SPSA,bitflip,0.033,-1.8572750302023802,-1.57879377742029,500,19.81
H2_2_Qubits,TwoLocal,4,SPSA,bitflip,0.034,-1.8572750302023802,-1.6058658687363474,500,19.98
H2_2_Qubits,TwoLocal,4,SPSA,bitflip,0.035,-1.8572750302023802,-1.5961606833613398,500,20.08
H2_2_Qubits,TwoLocal,4,SPSA,bitflip,0.036000000000000004,-1.8572750302023802,-1.5781361517833399,500,20.13
H2_2_Qubits,TwoLocal,4,SPSA,bitflip,0.037,-1.8572750302023802,-1.5922215011320304,500,20.06
H2_2_Qubits,TwoLocal,4,SPSA,bitflip,0.038,-1.8572750302023802,-1.5735320882426491,500,19.92
H2_2_Qubits,TwoLocal,4,SPSA,bitflip,0.039,-1.8572750302023802,-1.5533417692731097,500,19.23
H2_2_Qubits,TwoLocal,4,SPSA,bitflip,0.04,-1.8572750302023802,-1.580775699740095,500,19.32
H2_2_Qubits,TwoLocal,4,SPSA,bitflip,0.041,-1.8572750302023802,-1.5648150022356846,500,19.39
H2_2_Qubits,TwoLocal,4,SPSA,bitflip,0.042,-1.8572750302023802,-1.565898493884289,500,19.69
H2_2_Qubits,TwoLocal,4,SPSA,bitflip,0.043000000000000003,-1.8572750302023802,-1.5659853090326823,500,19.49
H2_2_Qubits,TwoLocal,4,SPSA,bitflip,0.044,-1.8572750302023802,-1.529079063175473,500,19.82
H2_2_Qubits,TwoLocal,4,SPSA,bitflip,0.045,-1.8572750302023802,-1.4857750815426087,500,20.05
H2_2_Qubits,TwoLocal,4,SPSA,bitflip,0.046,-1.8572750302023802,-1.541986928280381,500,20.04
H2_2_Qubits,TwoLocal,4,SPSA,bitflip,0.047,-1.8572750302023802,-1.48771777006049,500,19.98
H2_2_Qubits,TwoLocal,4,SPSA,bitflip,0.048,-1.8572750302023802,-1.4831083591179113,500,20.03
H2_2_Qubits,TwoLocal,4,SPSA,bitflip,0.049,-1.8572750302023802,-1.4383562765278908,500,19.88
H2_2_Qubits,TwoLocal,4,SPSA,bitflip,0.05,-1.8572750302023802,-1.4512760403626759,500,19.4
H2_2_Qubits,TwoLocal,4,SPSA,bitflip,0.051000000000000004,-1.8572750302023802,-1.441833574788394,500,19.54
H2_2_Qubits,TwoLocal,4,SPSA,bitflip,0.052000000000000005,-1.8572750302023802,-1.4904933702190775,500,19.42
H2_2_Qubits,TwoLocal,4,SPSA,bitflip,0.053,-1.8572750302023802,-1.4687646509305217,500,19.48
H2_2_Qubits,TwoLocal,4,SPSA,bitflip,0.054,-1.8572750302023802,-1.4783145160970195,500,19.54
H2_2_Qubits,TwoLocal,4,SPSA,bitflip,0.055,-1.8572750302023802,-1.4871005811451805,500,19.49
H2_2_Qubits,TwoLocal,4,SPSA,bitflip,0.056,-1.8572750302023802,-1.4561488796952744,500,19.53
H2_2_Qubits,TwoLocal,4,SPSA,bitflip,0.057,-1.8572750302023802,-1.4662060677524615,500,19.82
H2_2_Qubits,TwoLocal,4,SPSA,bitflip,0.058,-1.8572750302023802,-1.4095668484248427,500,19.89
H2_2_Qubits,TwoLocal,4,SPSA,bitflip,0.059000000000000004,-1.8572750302023802,-1.4483890269025916,500,19.84
H2_2_Qubits,TwoLocal,4,SPSA,bitflip,0.06,-1.8572750302023802,-1.4285319356383197,500,19.41
H2_2_Qubits,TwoLocal,4,SPSA,bitflip,0.061,-1.8572750302023802,-1.3966140280035897,500,19.27
H2_2_Qubits,TwoLocal,4,SPSA,bitflip,0.062,-1.8572750302023802,-1.4257528653611038,500,19.45
H2_2_Qubits,TwoLocal,4,SPSA,bitflip,0.063,-1.8572750302023802,-1.4383534871789945,500,19.5
H2_2_Qubits,TwoLocal,4,SPSA,bitflip,0.064,-1.8572750302023802,-1.4160208441710227,500,19.46
H2_2_Qubits,TwoLocal,4,SPSA,bitflip,0.065,-1.8572750302023802,-1.4125137018656133,500,19.51
H2_2_Qubits,TwoLocal,4,SPSA,bitflip,0.066,-1.8572750302023802,-1.3665768519939894,500,19.67
H2_2_Qubits,TwoLocal,4,SPSA,bitflip,0.067,-1.8572750302023802,-1.4103214143787732,500,19.6
H2_2_Qubits,TwoLocal,4,SPSA,bitflip,0.068,-1.8572750302023802,-1.4189475896168764,500,19.63
H2_2_Qubits,TwoLocal,4,SPSA,bitflip,0.069,-1.8572750302023802,-1.3717119630481829,500,20.06
H2_2_Qubits,TwoLocal,4,SPSA,bitflip,0.07,-1.8572750302023802,-1.3629795760272594,500,19.85
H2_2_Qubits,TwoLocal,4,SPSA,bitflip,0.07100000000000001,-1.8572750302023802,-1.4025041059374241,500,19.45
H2_2_Qubits,TwoLocal,4,SPSA,bitflip,0.07200000000000001,-1.8572750302023802,-1.3866301823507068,500,19.33
H2_2_Qubits,TwoLocal,4,SPSA,bitflip,0.073,-1.8572750302023802,-1.405250667063149,500,19.44
H2_2_Qubits,TwoLocal,4,SPSA,bitflip,0.074,-1.8572750302023802,-1.3635999382468857,500,19.46
H2_2_Qubits,TwoLocal,4,SPSA,bitflip,0.075,-1.8572750302023802,-1.3709303743745975,500,19.51
H2_2_Qubits,TwoLocal,4,SPSA,bitflip,0.076,-1.8572750302023802,-1.383181151102861,500,19.78
H2_2_Qubits,TwoLocal,4,SPSA,bitflip,0.077,-1.8572750302023802,-1.3924479919355772,500,19.52
H2_2_Qubits,TwoLocal,4,SPSA,bitflip,0.078,-1.8572750302023802,-1.38701212942071,500,19.54
H2_2_Qubits,TwoLocal,4,SPSA,bitflip,0.079,-1.8572750302023802,-1.3841157635808845,500,19.59
H2_2_Qubits,TwoLocal,4,SPSA,bitflip,0.08,-1.8572750302023802,-1.3730144516287286,500,19.61
H2_2_Qubits,TwoLocal,4,SPSA,bitflip,0.081,-1.8572750302023802,-1.338504114802118,500,19.89
H2_2_Qubits,TwoLocal,4,SPSA,bitflip,0.082,-1.8572750302023802,-1.366859667080392,500,19.71
H2_2_Qubits,TwoLocal,4,SPSA,bitflip,0.083,-1.8572750302023802,-1.3712610663696712,500,19.41
H2_2_Qubits,TwoLocal,4,SPSA,bitflip,0.084,-1.8572750302023802,-1.3168584607842462,500,19.72
H2_2_Qubits,TwoLocal,4,SPSA,bitflip,0.085,-1.8572750302023802,-1.3611338443222785,500,19.7
H2_2_Qubits,TwoLocal,4,SPSA,bitflip,0.08600000000000001,-1.8572750302023802,-1.3605567621222274,500,19.8
H2_2_Qubits,TwoLocal,4,SPSA,bitflip,0.08700000000000001,-1.8572750302023802,-1.3504158541541011,500,19.93
H2_2_Qubits,TwoLocal,4,SPSA,bitflip,0.088,-1.8572750302023802,-1.3038532901147402,500,19.93
H2_2_Qubits,TwoLocal,4,SPSA,bitflip,0.089,-1.8572750302023802,-1.3481542647763163,500,20.0
H2_2_Qubits,TwoLocal,4,SPSA,bitflip,0.09,-1.8572750302023802,-1.326217715955077,500,19.96
H2_2_Qubits,TwoLocal,4,SPSA,bitflip,0.091,-1.8572750302023802,-1.343992921935207,500,19.99
H2_2_Qubits,TwoLocal,4,SPSA,bitflip,0.092,-1.8572750302023802,-1.322603569345614,500,19.94
H2_2_Qubits,TwoLocal,4,SPSA,bitflip,0.093,-1.8572750302023802,-1.3343992070381028,500,19.56
H2_2_Qubits,TwoLocal,4,SPSA,bitflip,0.094,-1.8572750302023802,-1.335107115271471,500,19.54
H2_2_Qubits,TwoLocal,4,SPSA,bitflip,0.095,-1.8572750302023802,-1.3118454945865472,500,19.54
H2_2_Qubits,TwoLocal,4,SPSA,bitflip,0.096,-1.8572750302023802,-1.3289195004969212,500,19.85
H2_2_Qubits,TwoLocal,4,SPSA,bitflip,0.097,-1.8572750302023802,-1.3281868874553833,500,19.84
H2_2_Qubits,TwoLocal,4,SPSA,bitflip,0.098,-1.8572750302023802,-1.324064645859183,500,19.86
H2_2_Qubits,TwoLocal,4,SPSA,bitflip,0.099,-1.8572750302023802,-1.304910543013593,500,19.98
H2_2_Qubits,TwoLocal,4,SPSA,bitflip,0.1,-1.8572750302023802,-1.3183588396938282,500,19.97
H2_2_Qubits,EfficientSU2,4,COBYLA,noiseless,0.0,-1.8572750302023802,-1.8584547868407402,173,7.72
H2_2_Qubits,EfficientSU2,4,COBYLA,depolarizing,0.001,-1.8572750302023802,-1.847016681352935,197,7.81
H2_2_Qubits,EfficientSU2,4,COBYLA,depolarizing,0.002,-1.8572750302023802,-1.8349356657370866,209,8.28
H2_2_Qubits,EfficientSU2,4,COBYLA,depolarizing,0.003,-1.8572750302023802,-1.8192814476716053,180,7.15
H2_2_Qubits,EfficientSU2,4,COBYLA,depolarizing,0.004,-1.8572750302023802,-1.8106024320116205,189,7.47
H2_2_Qubits,EfficientSU2,4,COBYLA,depolarizing,0.005,-1.8572750302023802,-1.7976774426252766,154,6.21
H2_2_Qubits,EfficientSU2,4,COBYLA,depolarizing,0.006,-1.8572750302023802,-1.7832450154114872,166,6.29
H2_2_Qubits,EfficientSU2,4,COBYLA,depolarizing,0.007,-1.8572750302023802,-1.7798784042000988,182,6.95
H2_2_Qubits,EfficientSU2,4,COBYLA,depolarizing,0.008,-1.8572750302023802,-1.7592055680320704,162,6.12
H2_2_Qubits,EfficientSU2,4,COBYLA,depolarizing,0.009000000000000001,-1.8572750302023802,-1.7455920938690626,169,6.37
H2_2_Qubits,EfficientSU2,4,COBYLA,depolarizing,0.01,-1.8572750302023802,-1.7293382793797512,171,6.55
H2_2_Qubits,EfficientSU2,4,COBYLA,depolarizing,0.011,-1.8572750302023802,-1.7195967130493708,190,7.22
H2_2_Qubits,EfficientSU2,4,COBYLA,depolarizing,0.012,-1.8572750302023802,-1.7133289386507566,192,7.35
H2_2_Qubits,EfficientSU2,4,COBYLA,depolarizing,0.013000000000000001,-1.8572750302023802,-1.6899112796103137,153,5.81
H2_2_Qubits,EfficientSU2,4,COBYLA,depolarizing,0.014,-1.8572750302023802,-1.6790221682607958,156,5.94
H2_2_Qubits,EfficientSU2,4,COBYLA,depolarizing,0.015,-1.8572750302023802,-1.672631523844631,167,6.3
H2_2_Qubits,EfficientSU2,4,COBYLA,depolarizing,0.016,-1.8572750302023802,-1.6596333455772965,209,7.95
H2_2_Qubits,EfficientSU2,4,COBYLA,depolarizing,0.017,-1.8572750302023802,-1.6668544802282406,178,6.84
H2_2_Qubits,EfficientSU2,4,COBYLA,depolarizing,0.018000000000000002,-1.8572750302023802,-1.6382873409844123,164,6.25
H2_2_Qubits,EfficientSU2,4,COBYLA,depolarizing,0.019,-1.8572750302023802,-1.6285929575426161,197,7.66
H2_2_Qubits,EfficientSU2,4,COBYLA,depolarizing,0.02,-1.8572750302023802,-1.638338164694559,177,6.75
H2_2_Qubits,EfficientSU2,4,COBYLA,depolarizing,0.021,-1.8572750302023802,-1.6062903680544576,221,8.43
H2_2_Qubits,EfficientSU2,4,COBYLA,depolarizing,0.022,-1.8572750302023802,-1.60621854887595,184,7.08
H2_2_Qubits,EfficientSU2,4,COBYLA,depolarizing,0.023,-1.8572750302023802,-1.606895278280479,185,7.11
H2_2_Qubits,EfficientSU2,4,COBYLA,depolarizing,0.024,-1.8572750302023802,-1.5815085994121747,166,6.38
H2_2_Qubits,EfficientSU2,4,COBYLA,depolarizing,0.025,-1.8572750302023802,-1.5639045832074752,156,5.99
H2_2_Qubits,EfficientSU2,4,COBYLA,depolarizing,0.026000000000000002,-1.8572750302023802,-1.5803028043722689,170,6.56
H2_2_Qubits,EfficientSU2,4,COBYLA,depolarizing,0.027,-1.8572750302023802,-1.5565380434247453,189,7.31
H2_2_Qubits,EfficientSU2,4,COBYLA,depolarizing,0.028,-1.8572750302023802,-1.5494962124828482,151,5.83
H2_2_Qubits,EfficientSU2,4,COBYLA,depolarizing,0.029,-1.8572750302023802,-1.536691028315673,213,8.23
H2_2_Qubits,EfficientSU2,4,COBYLA,depolarizing,0.03,-1.8572750302023802,-1.5253810684925928,221,8.64
H2_2_Qubits,EfficientSU2,4,COBYLA,depolarizing,0.031,-1.8572750302023802,-1.5384548247569036,174,6.72
H2_2_Qubits,EfficientSU2,4,COBYLA,depolarizing,0.032,-1.8572750302023802,-1.4910825319598662,193,7.33
H2_2_Qubits,EfficientSU2,4,COBYLA,depolarizing,0.033,-1.8572750302023802,-1.4904068037069929,164,6.3
H2_2_Qubits,EfficientSU2,4,COBYLA,depolarizing,0.034,-1.8572750302023802,-1.4958355691580778,217,8.46
H2_2_Qubits,EfficientSU2,4,COBYLA,depolarizing,0.035,-1.8572750302023802,-1.49073100379988,202,8.0
H2_2_Qubits,EfficientSU2,4,COBYLA,depolarizing,0.036000000000000004,-1.8572750302023802,-1.4679800417831343,153,6.42
H2_2_Qubits,EfficientSU2,4,COBYLA,depolarizing,0.037,-1.8572750302023802,-1.4545472802598016,189,7.38
H2_2_Qubits,EfficientSU2,4,COBYLA,depolarizing,0.038,-1.8572750302023802,-1.4779554366245578,170,6.59
H2_2_Qubits,EfficientSU2,4,COBYLA,depolarizing,0.039,-1.8572750302023802,-1.4710731059755924,195,7.5
H2_2_Qubits,EfficientSU2,4,COBYLA,depolarizing,0.04,-1.8572750302023802,-1.469027477252826,200,7.67
H2_2_Qubits,EfficientSU2,4,COBYLA,depolarizing,0.041,-1.8572750302023802,-1.451684328993172,197,7.55
H2_2_Qubits,EfficientSU2,4,COBYLA,depolarizing,0.042,-1.8572750302023802,-1.4234453770235083,188,7.3
H2_2_Qubits,EfficientSU2,4,COBYLA,depolarizing,0.043000000000000003,-1.8572750302023802,-1.4316945522089002,238,9.12
H2_2_Qubits,EfficientSU2,4,COBYLA,depolarizing,0.044,-1.8572750302023802,-1.4474033953434515,258,9.93
H2_2_Qubits,EfficientSU2,4,COBYLA,depolarizing,0.045,-1.8572750302023802,-1.4226594762405007,205,7.9
H2_2_Qubits,EfficientSU2,4,COBYLA,depolarizing,0.046,-1.8572750302023802,-1.4262196918768222,219,8.43
H2_2_Qubits,EfficientSU2,4,COBYLA,depolarizing,0.047,-1.8572750302023802,-1.3930505616797886,160,6.15
H2_2_Qubits,EfficientSU2,4,COBYLA,depolarizing,0.048,-1.8572750302023802,-1.4005407378718246,230,8.84
H2_2_Qubits,EfficientSU2,4,COBYLA,depolarizing,0.049,-1.8572750302023802,-1.4034719976604322,262,10.18
H2_2_Qubits,EfficientSU2,4,COBYLA,depolarizing,0.05,-1.8572750302023802,-1.385829201209703,161,6.39
H2_2_Qubits,EfficientSU2,4,COBYLA,depolarizing,0.051000000000000004,-1.8572750302023802,-1.3953372359009972,228,8.86
H2_2_Qubits,EfficientSU2,4,COBYLA,depolarizing,0.052000000000000005,-1.8572750302023802,-1.3850219839594549,164,6.32
H2_2_Qubits,EfficientSU2,4,COBYLA,depolarizing,0.053,-1.8572750302023802,-1.3993267831881242,261,10.22
H2_2_Qubits,EfficientSU2,4,COBYLA,depolarizing,0.054,-1.8572750302023802,-1.3676119845048833,258,9.88
H2_2_Qubits,EfficientSU2,4,COBYLA,depolarizing,0.055,-1.8572750302023802,-1.3666525625570798,179,6.8
H2_2_Qubits,EfficientSU2,4,COBYLA,depolarizing,0.056,-1.8572750302023802,-1.344733251078532,212,8.15
H2_2_Qubits,EfficientSU2,4,COBYLA,depolarizing,0.057,-1.8572750302023802,-1.3650104910919878,178,6.82
H2_2_Qubits,EfficientSU2,4,COBYLA,depolarizing,0.058,-1.8572750302023802,-1.3666282434884554,230,8.83
H2_2_Qubits,EfficientSU2,4,COBYLA,depolarizing,0.059000000000000004,-1.8572750302023802,-1.3517666882427901,233,8.95
H2_2_Qubits,EfficientSU2,4,COBYLA,depolarizing,0.06,-1.8572750302023802,-1.3662004160238599,229,8.84
H2_2_Qubits,EfficientSU2,4,COBYLA,depolarizing,0.061,-1.8572750302023802,-1.280159125854406,150,5.77
H2_2_Qubits,EfficientSU2,4,COBYLA,depolarizing,0.062,-1.8572750302023802,-1.325727314960806,171,6.6
H2_2_Qubits,EfficientSU2,4,COBYLA,depolarizing,0.063,-1.8572750302023802,-1.352249413606431,225,8.71
H2_2_Qubits,EfficientSU2,4,COBYLA,depolarizing,0.064,-1.8572750302023802,-1.3331921665380257,253,9.78
H2_2_Qubits,EfficientSU2,4,COBYLA,depolarizing,0.065,-1.8572750302023802,-1.3475109390866111,231,9.03
H2_2_Qubits,EfficientSU2,4,COBYLA,depolarizing,0.066,-1.8572750302023802,-1.3125567003756429,191,7.38
H2_2_Qubits,EfficientSU2,4,COBYLA,depolarizing,0.067,-1.8572750302023802,-1.3127249192226738,329,12.76
H2_2_Qubits,EfficientSU2,4,COBYLA,depolarizing,0.068,-1.8572750302023802,-1.3114730407103592,206,7.98
H2_2_Qubits,EfficientSU2,4,COBYLA,depolarizing,0.069,-1.8572750302023802,-1.2836281483341756,203,7.83
H2_2_Qubits,EfficientSU2,4,COBYLA,depolarizing,0.07,-1.8572750302023802,-1.3093778316592206,327,12.67
H2_2_Qubits,EfficientSU2,4,COBYLA,depolarizing,0.07100000000000001,-1.8572750302023802,-1.2929581862049513,261,10.14
H2_2_Qubits,EfficientSU2,4,COBYLA,depolarizing,0.07200000000000001,-1.8572750302023802,-1.3007091262973791,201,7.78
H2_2_Qubits,EfficientSU2,4,COBYLA,depolarizing,0.073,-1.8572750302023802,-1.3102014069508339,249,9.65
H2_2_Qubits,EfficientSU2,4,COBYLA,depolarizing,0.074,-1.8572750302023802,-1.2911181450251064,243,9.44
H2_2_Qubits,EfficientSU2,4,COBYLA,depolarizing,0.075,-1.8572750302023802,-1.2957620025968797,427,16.57
H2_2_Qubits,EfficientSU2,4,COBYLA,depolarizing,0.076,-1.8572750302023802,-1.28431723649741,256,9.87
H2_2_Qubits,EfficientSU2,4,COBYLA,depolarizing,0.077,-1.8572750302023802,-1.2671231970050587,218,8.38
H2_2_Qubits,EfficientSU2,4,COBYLA,depolarizing,0.078,-1.8572750302023802,-1.2741291044099996,355,13.83
H2_2_Qubits,EfficientSU2,4,COBYLA,depolarizing,0.079,-1.8572750302023802,-1.2772245152538308,238,9.13
H2_2_Qubits,EfficientSU2,4,COBYLA,depolarizing,0.08,-1.8572750302023802,-1.2769442606882444,243,9.34
H2_2_Qubits,EfficientSU2,4,COBYLA,depolarizing,0.081,-1.8572750302023802,-1.243526133447381,185,7.09
H2_2_Qubits,EfficientSU2,4,COBYLA,depolarizing,0.082,-1.8572750302023802,-1.2243217556363761,166,6.38
H2_2_Qubits,EfficientSU2,4,COBYLA,depolarizing,0.083,-1.8572750302023802,-1.2611029973085075,303,11.68
H2_2_Qubits,EfficientSU2,4,COBYLA,depolarizing,0.084,-1.8572750302023802,-1.2324061758388614,176,6.76
H2_2_Qubits,EfficientSU2,4,COBYLA,depolarizing,0.085,-1.8572750302023802,-1.2678345361198111,250,9.73
H2_2_Qubits,EfficientSU2,4,COBYLA,depolarizing,0.08600000000000001,-1.8572750302023802,-1.259380153350909,261,10.16
H2_2_Qubits,EfficientSU2,4,COBYLA,depolarizing,0.08700000000000001,-1.8572750302023802,-1.2584639765890717,209,8.1
H2_2_Qubits,EfficientSU2,4,COBYLA,depolarizing,0.088,-1.8572750302023802,-1.2232381580922487,273,10.76
H2_2_Qubits,EfficientSU2,4,COBYLA,depolarizing,0.089,-1.8572750302023802,-1.220250712698241,184,7.14
H2_2_Qubits,EfficientSU2,4,COBYLA,depolarizing,0.09,-1.8572750302023802,-1.2285370218954657,148,5.73
H2_2_Qubits,EfficientSU2,4,COBYLA,depolarizing,0.091,-1.8572750302023802,-1.2400448302757685,227,8.77
H2_2_Qubits,EfficientSU2,4,COBYLA,depolarizing,0.092,-1.8572750302023802,-1.1916929454148542,224,8.75
H2_2_Qubits,EfficientSU2,4,COBYLA,depolarizing,0.093,-1.8572750302023802,-1.2381959557055426,188,7.28
H2_2_Qubits,EfficientSU2,4,COBYLA,depolarizing,0.094,-1.8572750302023802,-1.2241104185319442,237,9.22
H2_2_Qubits,EfficientSU2,4,COBYLA,depolarizing,0.095,-1.8572750302023802,-1.218112151948656,294,11.45
H2_2_Qubits,EfficientSU2,4,COBYLA,depolarizing,0.096,-1.8572750302023802,-1.214298844881949,316,12.28
H2_2_Qubits,EfficientSU2,4,COBYLA,depolarizing,0.097,-1.8572750302023802,-1.2407534947262215,269,10.35
H2_2_Qubits,EfficientSU2,4,COBYLA,depolarizing,0.098,-1.8572750302023802,-1.2019484825292495,191,7.36
H2_2_Qubits,EfficientSU2,4,COBYLA,depolarizing,0.099,-1.8572750302023802,-1.2005810378427197,181,6.94
H2_2_Qubits,EfficientSU2,4,COBYLA,depolarizing,0.1,-1.8572750302023802,-1.170492004681376,139,5.41
H2_2_Qubits,EfficientSU2,4,COBYLA,bitflip,0.001,-1.8572750302023802,-1.839862451845947,170,6.51
H2_2_Qubits,EfficientSU2,4,COBYLA,bitflip,0.002,-1.8572750302023802,-1.8187922280137951,162,6.36
H2_2_Qubits,EfficientSU2,4,COBYLA,bitflip,0.003,-1.8572750302023802,-1.8050949038415596,145,5.59
H2_2_Qubits,EfficientSU2,4,COBYLA,bitflip,0.004,-1.8572750302023802,-1.7949046465273806,182,7.0
H2_2_Qubits,EfficientSU2,4,COBYLA,bitflip,0.005,-1.8572750302023802,-1.7589542776689504,193,7.4
H2_2_Qubits,EfficientSU2,4,COBYLA,bitflip,0.006,-1.8572750302023802,-1.752577914853242,174,6.67
H2_2_Qubits,EfficientSU2,4,COBYLA,bitflip,0.007,-1.8572750302023802,-1.723095622114502,182,7.02
H2_2_Qubits,EfficientSU2,4,COBYLA,bitflip,0.008,-1.8572750302023802,-1.7095102747002895,167,6.46
H2_2_Qubits,EfficientSU2,4,COBYLA,bitflip,0.009000000000000001,-1.8572750302023802,-1.7149991470393153,169,6.56
H2_2_Qubits,EfficientSU2,4,COBYLA,bitflip,0.01,-1.8572750302023802,-1.6940550046082063,186,7.2
H2_2_Qubits,EfficientSU2,4,COBYLA,bitflip,0.011,-1.8572750302023802,-1.72760215488841,396,15.28
H2_2_Qubits,EfficientSU2,4,COBYLA,bitflip,0.012,-1.8572750302023802,-1.6622505410815467,250,9.63
H2_2_Qubits,EfficientSU2,4,COBYLA,bitflip,0.013000000000000001,-1.8572750302023802,-1.614894065136303,166,6.45
H2_2_Qubits,EfficientSU2,4,COBYLA,bitflip,0.014,-1.8572750302023802,-1.739318727902631,269,10.47
H2_2_Qubits,EfficientSU2,4,COBYLA,bitflip,0.015,-1.8572750302023802,-1.6169755825624166,214,8.38
H2_2_Qubits,EfficientSU2,4,COBYLA,bitflip,0.016,-1.8572750302023802,-1.575513622212497,150,5.85
H2_2_Qubits,EfficientSU2,4,COBYLA,bitflip,0.017,-1.8572750302023802,-1.6195250184320074,233,9.08
H2_2_Qubits,EfficientSU2,4,COBYLA,bitflip,0.018000000000000002,-1.8572750302023802,-1.6020339007512696,237,9.2
H2_2_Qubits,EfficientSU2,4,COBYLA,bitflip,0.019,-1.8572750302023802,-1.6494335297875224,244,9.47
H2_2_Qubits,EfficientSU2,4,COBYLA,bitflip,0.02,-1.8572750302023802,-1.767833543103526,339,13.21
H2_2_Qubits,EfficientSU2,4,COBYLA,bitflip,0.021,-1.8572750302023802,-1.5662133180874687,279,10.82
H2_2_Qubits,EfficientSU2,4,COBYLA,bitflip,0.022,-1.8572750302023802,-1.602399789821587,239,9.27
H2_2_Qubits,EfficientSU2,4,COBYLA,bitflip,0.023,-1.8572750302023802,-1.4899679909546566,195,7.73
H2_2_Qubits,EfficientSU2,4,COBYLA,bitflip,0.024,-1.8572750302023802,-1.7434904882471611,418,16.05
H2_2_Qubits,EfficientSU2,4,COBYLA,bitflip,0.025,-1.8572750302023802,-1.4351671178626686,222,8.48
H2_2_Qubits,EfficientSU2,4,COBYLA,bitflip,0.026000000000000002,-1.8572750302023802,-1.7274305426889565,500,19.19
H2_2_Qubits,EfficientSU2,4,COBYLA,bitflip,0.027,-1.8572750302023802,-1.7157904326773306,500,19.39
H2_2_Qubits,EfficientSU2,4,COBYLA,bitflip,0.028,-1.8572750302023802,-1.7221945454430472,311,11.97
H2_2_Qubits,EfficientSU2,4,COBYLA,bitflip,0.029,-1.8572750302023802,-1.4556054980061617,259,9.96
H2_2_Qubits,EfficientSU2,4,COBYLA,bitflip,0.03,-1.8572750302023802,-1.737906620775704,345,13.36
H2_2_Qubits,EfficientSU2,4,COBYLA,bitflip,0.031,-1.8572750302023802,-1.7072880017466119,485,18.77
H2_2_Qubits,EfficientSU2,4,COBYLA,bitflip,0.032,-1.8572750302023802,-1.705090437302842,347,13.56
H2_2_Qubits,EfficientSU2,4,COBYLA,bitflip,0.033,-1.8572750302023802,-1.7443854088120454,323,12.59
H2_2_Qubits,EfficientSU2,4,COBYLA,bitflip,0.034,-1.8572750302023802,-1.3869552033255028,217,8.46
H2_2_Qubits,EfficientSU2,4,COBYLA,bitflip,0.035,-1.8572750302023802,-1.7370946131921021,464,18.2
H2_2_Qubits,EfficientSU2,4,COBYLA,bitflip,0.036000000000000004,-1.8572750302023802,-1.6998502473300143,400,15.63
H2_2_Qubits,EfficientSU2,4,COBYLA,bitflip,0.037,-1.8572750302023802,-1.6590608889303864,344,13.47
H2_2_Qubits,EfficientSU2,4,COBYLA,bitflip,0.038,-1.8572750302023802,-1.4161867404177606,218,8.56
H2_2_Qubits,EfficientSU2,4,COBYLA,bitflip,0.039,-1.8572750302023802,-1.640789352969212,405,15.96
H2_2_Qubits,EfficientSU2,4,COBYLA,bitflip,0.04,-1.8572750302023802,-1.425380458961021,203,7.91
H2_2_Qubits,EfficientSU2,4,COBYLA,bitflip,0.041,-1.8572750302023802,-1.3906968460467712,203,7.98
H2_2_Qubits,EfficientSU2,4,COBYLA,bitflip,0.042,-1.8572750302023802,-1.348920426039391,195,7.6
H2_2_Qubits,EfficientSU2,4,COBYLA,bitflip,0.043000000000000003,-1.8572750302023802,-1.7234107814963409,336,13.26
H2_2_Qubits,EfficientSU2,4,COBYLA,bitflip,0.044,-1.8572750302023802,-1.7009559340543867,431,16.91
H2_2_Qubits,EfficientSU2,4,COBYLA,bitflip,0.045,-1.8572750302023802,-1.381284796079295,205,7.92
H2_2_Qubits,EfficientSU2,4,COBYLA,bitflip,0.046,-1.8572750302023802,-1.495449240378179,344,13.28
H2_2_Qubits,EfficientSU2,4,COBYLA,bitflip,0.047,-1.8572750302023802,-1.6904089071496995,381,14.75
H2_2_Qubits,EfficientSU2,4,COBYLA,bitflip,0.048,-1.8572750302023802,-1.610256835336041,500,19.25
H2_2_Qubits,EfficientSU2,4,COBYLA,bitflip,0.049,-1.8572750302023802,-1.3627376994722369,328,12.68
H2_2_Qubits,EfficientSU2,4,COBYLA,bitflip,0.05,-1.8572750302023802,-1.688146610416533,500,19.35
H2_2_Qubits,EfficientSU2,4,COBYLA,bitflip,0.051000000000000004,-1.8572750302023802,-1.6965119335036114,484,18.72
H2_2_Qubits,EfficientSU2,4,COBYLA,bitflip,0.052000000000000005,-1.8572750302023802,-1.6651290848422697,234,9.0
H2_2_Qubits,EfficientSU2,4,COBYLA,bitflip,0.053,-1.8572750302023802,-1.587508770642112,324,12.62
H2_2_Qubits,EfficientSU2,4,COBYLA,bitflip,0.054,-1.8572750302023802,-1.681666252912202,489,20.18
H2_2_Qubits,EfficientSU2,4,COBYLA,bitflip,0.055,-1.8572750302023802,-1.6841496920775785,500,20.65
H2_2_Qubits,EfficientSU2,4,COBYLA,bitflip,0.056,-1.8572750302023802,-1.6795693018301725,378,15.44
H2_2_Qubits,EfficientSU2,4,COBYLA,bitflip,0.057,-1.8572750302023802,-1.6648258148601207,291,12.29
H2_2_Qubits,EfficientSU2,4,COBYLA,bitflip,0.058,-1.8572750302023802,-1.6759870617542727,409,16.22
H2_2_Qubits,EfficientSU2,4,COBYLA,bitflip,0.059000000000000004,-1.8572750302023802,-1.6621137150086405,493,19.7
H2_2_Qubits,EfficientSU2,4,COBYLA,bitflip,0.06,-1.8572750302023802,-1.388958360885062,223,8.71
H2_2_Qubits,EfficientSU2,4,COBYLA,bitflip,0.061,-1.8572750302023802,-1.5770823660609212,351,14.39
H2_2_Qubits,EfficientSU2,4,COBYLA,bitflip,0.062,-1.8572750302023802,-1.6652250600842153,411,16.91
H2_2_Qubits,EfficientSU2,4,COBYLA,bitflip,0.063,-1.8572750302023802,-1.6639587679464436,370,15.23
H2_2_Qubits,EfficientSU2,4,COBYLA,bitflip,0.064,-1.8572750302023802,-1.6524057490738098,408,16.32
H2_2_Qubits,EfficientSU2,4,COBYLA,bitflip,0.065,-1.8572750302023802,-1.3995325540855739,347,14.27
H2_2_Qubits,EfficientSU2,4,COBYLA,bitflip,0.066,-1.8572750302023802,-1.490194739742321,382,15.26
H2_2_Qubits,EfficientSU2,4,COBYLA,bitflip,0.067,-1.8572750302023802,-1.5500294121121392,313,12.28
H2_2_Qubits,EfficientSU2,4,COBYLA,bitflip,0.068,-1.8572750302023802,-1.3145026661666532,226,8.9
H2_2_Qubits,EfficientSU2,4,COBYLA,bitflip,0.069,-1.8572750302023802,-1.6415398630810325,416,16.45
H2_2_Qubits,EfficientSU2,4,COBYLA,bitflip,0.07,-1.8572750302023802,-1.6399017654619223,311,12.23
H2_2_Qubits,EfficientSU2,4,COBYLA,bitflip,0.07100000000000001,-1.8572750302023802,-1.6361398302331382,342,14.55
H2_2_Qubits,EfficientSU2,4,COBYLA,bitflip,0.07200000000000001,-1.8572750302023802,-1.6391691549640526,354,14.17
H2_2_Qubits,EfficientSU2,4,COBYLA,bitflip,0.073,-1.8572750302023802,-1.5251023112508544,265,10.78
H2_2_Qubits,EfficientSU2,4,COBYLA,bitflip,0.074,-1.8572750302023802,-1.634943623490943,313,12.43
H2_2_Qubits,EfficientSU2,4,COBYLA,bitflip,0.075,-1.8572750302023802,-1.629538630907418,500,20.84
H2_2_Qubits,EfficientSU2,4,COBYLA,bitflip,0.076,-1.8572750302023802,-1.6269639567378331,453,18.21
H2_2_Qubits,EfficientSU2,4,COBYLA,bitflip,0.077,-1.8572750302023802,-1.508532958113092,297,12.01
H2_2_Qubits,EfficientSU2,4,COBYLA,bitflip,0.078,-1.8572750302023802,-1.2898264508984543,347,14.09
H2_2_Qubits,EfficientSU2,4,COBYLA,bitflip,0.079,-1.8572750302023802,-1.6175222302010162,500,20.09
H2_2_Qubits,EfficientSU2,4,COBYLA,bitflip,0.08,-1.8572750302023802,-1.4253776449440883,234,9.45
H2_2_Qubits,EfficientSU2,4,COBYLA,bitflip,0.081,-1.8572750302023802,-1.6098447942841672,338,14.15
H2_2_Qubits,EfficientSU2,4,COBYLA,bitflip,0.082,-1.8572750302023802,-1.486286110223055,356,14.45
H2_2_Qubits,EfficientSU2,4,COBYLA,bitflip,0.083,-1.8572750302023802,-1.6067904437462035,419,16.48
H2_2_Qubits,EfficientSU2,4,COBYLA,bitflip,0.084,-1.8572750302023802,-1.4207199955560585,288,11.07
H2_2_Qubits,EfficientSU2,4,COBYLA,bitflip,0.085,-1.8572750302023802,-1.416992799442987,244,9.45
H2_2_Qubits,EfficientSU2,4,COBYLA,bitflip,0.08600000000000001,-1.8572750302023802,-1.5968112190243973,346,13.57
H2_2_Qubits,EfficientSU2,4,COBYLA,bitflip,0.08700000000000001,-1.8572750302023802,-1.3376980932967544,261,10.15
H2_2_Qubits,EfficientSU2,4,COBYLA,bitflip,0.088,-1.8572750302023802,-1.5940113270756338,441,17.04
H2_2_Qubits,EfficientSU2,4,COBYLA,bitflip,0.089,-1.8572750302023802,-1.59075497841094,333,12.96
H2_2_Qubits,EfficientSU2,4,COBYLA,bitflip,0.09,-1.8572750302023802,-1.1682531344560543,406,15.71
H2_2_Qubits,EfficientSU2,4,COBYLA,bitflip,0.091,-1.8572750302023802,-1.4167131951231193,439,17.09
H2_2_Qubits,EfficientSU2,4,COBYLA,bitflip,0.092,-1.8572750302023802,-1.1762137570949154,253,9.9
H2_2_Qubits,EfficientSU2,4,COBYLA,bitflip,0.093,-1.8572750302023802,-1.5773783328166906,336,13.05
H2_2_Qubits,EfficientSU2,4,COBYLA,bitflip,0.094,-1.8572750302023802,-1.572456347215855,325,12.6
H2_2_Qubits,EfficientSU2,4,COBYLA,bitflip,0.095,-1.8572750302023802,-1.5671675133256446,241,9.43
H2_2_Qubits,EfficientSU2,4,COBYLA,bitflip,0.096,-1.8572750302023802,-1.4466268102557072,308,11.89
H2_2_Qubits,EfficientSU2,4,COBYLA,bitflip,0.097,-1.8572750302023802,-1.44607676679686,277,10.86
H2_2_Qubits,EfficientSU2,4,COBYLA,bitflip,0.098,-1.8572750302023802,-1.561554354331593,297,11.53
H2_2_Qubits,EfficientSU2,4,COBYLA,bitflip,0.099,-1.8572750302023802,-1.5617461589231738,441,17.13
H2_2_Qubits,EfficientSU2,4,COBYLA,bitflip,0.1,-1.8572750302023802,-1.4393438640632077,337,13.17
H2_2_Qubits,EfficientSU2,4,SPSA,noiseless,0.0,-1.8572750302023802,-1.8591665217938667,500,22.73
H2_2_Qubits,EfficientSU2,4,SPSA,depolarizing,0.001,-1.8572750302023802,-1.8466609585393188,500,19.65
H2_2_Qubits,EfficientSU2,4,SPSA,depolarizing,0.002,-1.8572750302023802,-1.829468935834545,500,20.1
H2_2_Qubits,EfficientSU2,4,SPSA,depolarizing,0.003,-1.8572750302023802,-1.8212933815118824,500,20.07
H2_2_Qubits,EfficientSU2,4,SPSA,depolarizing,0.004,-1.8572750302023802,-1.807400138714065,500,20.22
H2_2_Qubits,EfficientSU2,4,SPSA,depolarizing,0.005,-1.8572750302023802,-1.790163397768986,500,20.38
H2_2_Qubits,EfficientSU2,4,SPSA,depolarizing,0.006,-1.8572750302023802,-1.785834853026523,500,20.47
H2_2_Qubits,EfficientSU2,4,SPSA,depolarizing,0.007,-1.8572750302023802,-1.7752729367402724,500,21.11
H2_2_Qubits,EfficientSU2,4,SPSA,depolarizing,0.008,-1.8572750302023802,-1.7537232458629635,500,21.19
H2_2_Qubits,EfficientSU2,4,SPSA,depolarizing,0.009000000000000001,-1.8572750302023802,-1.7474287492516456,500,21.38
H2_2_Qubits,EfficientSU2,4,SPSA,depolarizing,0.01,-1.8572750302023802,-1.736608774785332,500,20.54
H2_2_Qubits,EfficientSU2,4,SPSA,depolarizing,0.011,-1.8572750302023802,-1.7235984389103969,500,20.25
H2_2_Qubits,EfficientSU2,4,SPSA,depolarizing,0.012,-1.8572750302023802,-1.7168875130643755,500,22.58
H2_2_Qubits,EfficientSU2,4,SPSA,depolarizing,0.013000000000000001,-1.8572750302023802,-1.6976718937074167,500,21.02
H2_2_Qubits,EfficientSU2,4,SPSA,depolarizing,0.014,-1.8572750302023802,-1.679495312881887,500,20.25
H2_2_Qubits,EfficientSU2,4,SPSA,depolarizing,0.015,-1.8572750302023802,-1.6884310684248223,500,21.5
H2_2_Qubits,EfficientSU2,4,SPSA,depolarizing,0.016,-1.8572750302023802,-1.6644934885805482,500,22.44
H2_2_Qubits,EfficientSU2,4,SPSA,depolarizing,0.017,-1.8572750302023802,-1.6682796940920968,500,21.0
H2_2_Qubits,EfficientSU2,4,SPSA,depolarizing,0.018000000000000002,-1.8572750302023802,-1.6623513301668125,500,20.97
H2_2_Qubits,EfficientSU2,4,SPSA,depolarizing,0.019,-1.8572750302023802,-1.627346143427543,500,21.79
H2_2_Qubits,EfficientSU2,4,SPSA,depolarizing,0.02,-1.8572750302023802,-1.6206777008461115,500,20.56
H2_2_Qubits,EfficientSU2,4,SPSA,depolarizing,0.021,-1.8572750302023802,-1.6378515568870942,500,20.73
H2_2_Qubits,EfficientSU2,4,SPSA,depolarizing,0.022,-1.8572750302023802,-1.6034847018094036,500,22.53
H2_2_Qubits,EfficientSU2,4,SPSA,depolarizing,0.023,-1.8572750302023802,-1.6046360723143875,500,20.61
H2_2_Qubits,EfficientSU2,4,SPSA,depolarizing,0.024,-1.8572750302023802,-1.6003462526350023,500,20.5
H2_2_Qubits,EfficientSU2,4,SPSA,depolarizing,0.025,-1.8572750302023802,-1.5715439532477238,500,20.72
H2_2_Qubits,EfficientSU2,4,SPSA,depolarizing,0.026000000000000002,-1.8572750302023802,-1.5699318761902281,500,20.53
H2_2_Qubits,EfficientSU2,4,SPSA,depolarizing,0.027,-1.8572750302023802,-1.5579047274996536,500,20.59
H2_2_Qubits,EfficientSU2,4,SPSA,depolarizing,0.028,-1.8572750302023802,-1.5490754179583248,500,21.99
H2_2_Qubits,EfficientSU2,4,SPSA,depolarizing,0.029,-1.8572750302023802,-1.5606572253098991,500,21.48
H2_2_Qubits,EfficientSU2,4,SPSA,depolarizing,0.03,-1.8572750302023802,-1.5455742136471915,500,21.68
H2_2_Qubits,EfficientSU2,4,SPSA,depolarizing,0.031,-1.8572750302023802,-1.555561163478287,500,21.39
H2_2_Qubits,EfficientSU2,4,SPSA,depolarizing,0.032,-1.8572750302023802,-1.5082231796660936,500,21.35
H2_2_Qubits,EfficientSU2,4,SPSA,depolarizing,0.033,-1.8572750302023802,-1.5067275271178404,500,21.46
H2_2_Qubits,EfficientSU2,4,SPSA,depolarizing,0.034,-1.8572750302023802,-1.4998355396529177,500,21.34
H2_2_Qubits,EfficientSU2,4,SPSA,depolarizing,0.035,-1.8572750302023802,-1.4789849407314715,500,21.6
H2_2_Qubits,EfficientSU2,4,SPSA,depolarizing,0.036000000000000004,-1.8572750302023802,-1.4749414922933195,500,20.79
H2_2_Qubits,EfficientSU2,4,SPSA,depolarizing,0.037,-1.8572750302023802,-1.4862724463508477,500,22.13
H2_2_Qubits,EfficientSU2,4,SPSA,depolarizing,0.038,-1.8572750302023802,-1.4507633129604351,500,20.89
H2_2_Qubits,EfficientSU2,4,SPSA,depolarizing,0.039,-1.8572750302023802,-1.4861098242257134,500,20.53
H2_2_Qubits,EfficientSU2,4,SPSA,depolarizing,0.04,-1.8572750302023802,-1.4367086438673105,500,19.99
H2_2_Qubits,EfficientSU2,4,SPSA,depolarizing,0.041,-1.8572750302023802,-1.4505085194959464,500,20.64
H2_2_Qubits,EfficientSU2,4,SPSA,depolarizing,0.042,-1.8572750302023802,-1.4283987730524583,500,21.98
H2_2_Qubits,EfficientSU2,4,SPSA,depolarizing,0.043000000000000003,-1.8572750302023802,-1.4109996935280051,500,21.24
H2_2_Qubits,EfficientSU2,4,SPSA,depolarizing,0.044,-1.8572750302023802,-1.4428489159087132,500,21.02
H2_2_Qubits,EfficientSU2,4,SPSA,depolarizing,0.045,-1.8572750302023802,-1.4143557794137371,500,20.93
H2_2_Qubits,EfficientSU2,4,SPSA,depolarizing,0.046,-1.8572750302023802,-1.4358152072242352,500,21.38
H2_2_Qubits,EfficientSU2,4,SPSA,depolarizing,0.047,-1.8572750302023802,-1.4025990768003462,500,21.26
H2_2_Qubits,EfficientSU2,4,SPSA,depolarizing,0.048,-1.8572750302023802,-1.3978234505388614,500,21.07
H2_2_Qubits,EfficientSU2,4,SPSA,depolarizing,0.049,-1.8572750302023802,-1.4108942638551194,500,20.22
H2_2_Qubits,EfficientSU2,4,SPSA,depolarizing,0.05,-1.8572750302023802,-1.3804078486581015,500,21.01
H2_2_Qubits,EfficientSU2,4,SPSA,depolarizing,0.051000000000000004,-1.8572750302023802,-1.3784768402166883,500,21.2
H2_2_Qubits,EfficientSU2,4,SPSA,depolarizing,0.052000000000000005,-1.8572750302023802,-1.3828311834792049,500,21.16
H2_2_Qubits,EfficientSU2,4,SPSA,depolarizing,0.053,-1.8572750302023802,-1.385896002925961,500,21.23
H2_2_Qubits,EfficientSU2,4,SPSA,depolarizing,0.054,-1.8572750302023802,-1.3794987600951303,500,21.06
H2_2_Qubits,EfficientSU2,4,SPSA,depolarizing,0.055,-1.8572750302023802,-1.3660278197856264,500,21.84
H2_2_Qubits,EfficientSU2,4,SPSA,depolarizing,0.056,-1.8572750302023802,-1.349264385849868,500,21.74
H2_2_Qubits,EfficientSU2,4,SPSA,depolarizing,0.057,-1.8572750302023802,-1.3732358769139,500,21.84
H2_2_Qubits,EfficientSU2,4,SPSA,depolarizing,0.058,-1.8572750302023802,-1.367626871342779,500,20.52
H2_2_Qubits,EfficientSU2,4,SPSA,depolarizing,0.059000000000000004,-1.8572750302023802,-1.3635962479466641,500,20.09
H2_2_Qubits,EfficientSU2,4,SPSA,depolarizing,0.06,-1.8572750302023802,-1.3243319940794023,500,19.82
H2_2_Qubits,EfficientSU2,4,SPSA,depolarizing,0.061,-1.8572750302023802,-1.346424025497381,500,20.01
H2_2_Qubits,EfficientSU2,4,SPSA,depolarizing,0.062,-1.8572750302023802,-1.3459213806474308,500,20.17
H2_2_Qubits,EfficientSU2,4,SPSA,depolarizing,0.063,-1.8572750302023802,-1.332527070816087,500,20.36
H2_2_Qubits,EfficientSU2,4,SPSA,depolarizing,0.064,-1.8572750302023802,-1.3344471092317662,500,20.26
H2_2_Qubits,EfficientSU2,4,SPSA,depolarizing,0.065,-1.8572750302023802,-1.3135536851563945,500,20.35
H2_2_Qubits,EfficientSU2,4,SPSA,depolarizing,0.066,-1.8572750302023802,-1.3508230680364584,500,20.42
H2_2_Qubits,EfficientSU2,4,SPSA,depolarizing,0.067,-1.8572750302023802,-1.3314781553538524,500,20.42
H2_2_Qubits,EfficientSU2,4,SPSA,depolarizing,0.068,-1.8572750302023802,-1.2801915716508285,500,19.94
H2_2_Qubits,EfficientSU2,4,SPSA,depolarizing,0.069,-1.8572750302023802,-1.3367105416003153,500,19.93
H2_2_Qubits,EfficientSU2,4,SPSA,depolarizing,0.07,-1.8572750302023802,-1.2943201807546934,500,20.09
H2_2_Qubits,EfficientSU2,4,SPSA,depolarizing,0.07100000000000001,-1.8572750302023802,-1.3331736719371508,500,20.18
H2_2_Qubits,EfficientSU2,4,SPSA,depolarizing,0.07200000000000001,-1.8572750302023802,-1.3051822483515145,500,20.17
H2_2_Qubits,EfficientSU2,4,SPSA,depolarizing,0.073,-1.8572750302023802,-1.2508293607388126,500,20.42
H2_2_Qubits,EfficientSU2,4,SPSA,depolarizing,0.074,-1.8572750302023802,-1.2821809138841644,500,20.44
H2_2_Qubits,EfficientSU2,4,SPSA,depolarizing,0.075,-1.8572750302023802,-1.2668644340132815,500,20.76
H2_2_Qubits,EfficientSU2,4,SPSA,depolarizing,0.076,-1.8572750302023802,-1.2802276119507783,500,20.69
H2_2_Qubits,EfficientSU2,4,SPSA,depolarizing,0.077,-1.8572750302023802,-1.270880388218525,500,20.62
H2_2_Qubits,EfficientSU2,4,SPSA,depolarizing,0.078,-1.8572750302023802,-1.27112753849401,500,19.7
H2_2_Qubits,EfficientSU2,4,SPSA,depolarizing,0.079,-1.8572750302023802,-1.2618104722503816,500,20.07
H2_2_Qubits,EfficientSU2,4,SPSA,depolarizing,0.08,-1.8572750302023802,-1.294941476300528,500,20.46
H2_2_Qubits,EfficientSU2,4,SPSA,depolarizing,0.081,-1.8572750302023802,-1.2419249109623807,500,20.37
H2_2_Qubits,EfficientSU2,4,SPSA,depolarizing,0.082,-1.8572750302023802,-1.239201844245791,500,20.55
H2_2_Qubits,EfficientSU2,4,SPSA,depolarizing,0.083,-1.8572750302023802,-1.244656952567125,500,20.52
H2_2_Qubits,EfficientSU2,4,SPSA,depolarizing,0.084,-1.8572750302023802,-1.2418906025944931,500,20.58
H2_2_Qubits,EfficientSU2,4,SPSA,depolarizing,0.085,-1.8572750302023802,-1.2469382844737817,500,24.73
H2_2_Qubits,EfficientSU2,4,SPSA,depolarizing,0.08600000000000001,-1.8572750302023802,-1.2461057616483042,500,21.89
H2_2_Qubits,EfficientSU2,4,SPSA,depolarizing,0.08700000000000001,-1.8572750302023802,-1.256583422614179,500,23.56
H2_2_Qubits,EfficientSU2,4,SPSA,depolarizing,0.088,-1.8572750302023802,-1.2293393345930348,500,22.46
H2_2_Qubits,EfficientSU2,4,SPSA,depolarizing,0.089,-1.8572750302023802,-1.251522155698188,500,21.08
H2_2_Qubits,EfficientSU2,4,SPSA,depolarizing,0.09,-1.8572750302023802,-1.2487699763431537,500,21.05
H2_2_Qubits,EfficientSU2,4,SPSA,depolarizing,0.091,-1.8572750302023802,-1.1979848340292505,500,21.2
H2_2_Qubits,EfficientSU2,4,SPSA,depolarizing,0.092,-1.8572750302023802,-1.2324088422552013,500,21.7
H2_2_Qubits,EfficientSU2,4,SPSA,depolarizing,0.093,-1.8572750302023802,-1.2331377979792575,500,23.15
H2_2_Qubits,EfficientSU2,4,SPSA,depolarizing,0.094,-1.8572750302023802,-1.2158872645251233,500,22.32
H2_2_Qubits,EfficientSU2,4,SPSA,depolarizing,0.095,-1.8572750302023802,-1.2107246217090584,500,22.71
H2_2_Qubits,EfficientSU2,4,SPSA,depolarizing,0.096,-1.8572750302023802,-1.20657647754815,500,21.66
H2_2_Qubits,EfficientSU2,4,SPSA,depolarizing,0.097,-1.8572750302023802,-1.2037674730577819,500,21.34
H2_2_Qubits,EfficientSU2,4,SPSA,depolarizing,0.098,-1.8572750302023802,-1.2106140800111405,500,22.43
H2_2_Qubits,EfficientSU2,4,SPSA,depolarizing,0.099,-1.8572750302023802,-1.2190863484417414,500,22.18
H2_2_Qubits,EfficientSU2,4,SPSA,depolarizing,0.1,-1.8572750302023802,-1.2348127029070293,500,23.63
H2_2_Qubits,EfficientSU2,4,SPSA,bitflip,0.001,-1.8572750302023802,-1.8402815988265186,500,22.71
H2_2_Qubits,EfficientSU2,4,SPSA,bitflip,0.002,-1.8572750302023802,-1.8205592465543028,500,22.54
H2_2_Qubits,EfficientSU2,4,SPSA,bitflip,0.003,-1.8572750302023802,-1.8033632379021638,500,22.02
H2_2_Qubits,EfficientSU2,4,SPSA,bitflip,0.004,-1.8572750302023802,-1.8125824086057627,500,25.21
H2_2_Qubits,EfficientSU2,4,SPSA,bitflip,0.005,-1.8572750302023802,-1.771498567913288,500,25.02
H2_2_Qubits,EfficientSU2,4,SPSA,bitflip,0.006,-1.8572750302023802,-1.725610802881544,500,24.17
H2_2_Qubits,EfficientSU2,4,SPSA,bitflip,0.007,-1.8572750302023802,-1.7504657533907704,500,24.18
H2_2_Qubits,EfficientSU2,4,SPSA,bitflip,0.008,-1.8572750302023802,-1.7374528513665692,500,23.69
H2_2_Qubits,EfficientSU2,4,SPSA,bitflip,0.009000000000000001,-1.8572750302023802,-1.7024357182696324,500,23.83
H2_2_Qubits,EfficientSU2,4,SPSA,bitflip,0.01,-1.8572750302023802,-1.659317375564063,500,24.38
H2_2_Qubits,EfficientSU2,4,SPSA,bitflip,0.011,-1.8572750302023802,-1.7051112290764308,500,23.42
H2_2_Qubits,EfficientSU2,4,SPSA,bitflip,0.012,-1.8572750302023802,-1.680726353919534,500,26.51
H2_2_Qubits,EfficientSU2,4,SPSA,bitflip,0.013000000000000001,-1.8572750302023802,-1.6622694582581303,500,24.49
H2_2_Qubits,EfficientSU2,4,SPSA,bitflip,0.014,-1.8572750302023802,-1.6693629421158853,500,22.51
H2_2_Qubits,EfficientSU2,4,SPSA,bitflip,0.015,-1.8572750302023802,-1.6519901958281231,500,23.45
H2_2_Qubits,EfficientSU2,4,SPSA,bitflip,0.016,-1.8572750302023802,-1.6264153913448174,500,24.29
H2_2_Qubits,EfficientSU2,4,SPSA,bitflip,0.017,-1.8572750302023802,-1.5569016708487566,500,24.24
H2_2_Qubits,EfficientSU2,4,SPSA,bitflip,0.018000000000000002,-1.8572750302023802,-1.6133872796329727,500,22.67
H2_2_Qubits,EfficientSU2,4,SPSA,bitflip,0.019,-1.8572750302023802,-1.6480155753756787,500,21.87
H2_2_Qubits,EfficientSU2,4,SPSA,bitflip,0.02,-1.8572750302023802,-1.6627727147426103,500,21.97
H2_2_Qubits,EfficientSU2,4,SPSA,bitflip,0.021,-1.8572750302023802,-1.5895395733383835,500,22.07
H2_2_Qubits,EfficientSU2,4,SPSA,bitflip,0.022,-1.8572750302023802,-1.71226486043587,500,22.16
H2_2_Qubits,EfficientSU2,4,SPSA,bitflip,0.023,-1.8572750302023802,-1.5532085021014805,500,21.99
H2_2_Qubits,EfficientSU2,4,SPSA,bitflip,0.024,-1.8572750302023802,-1.5364781490216992,500,20.96
H2_2_Qubits,EfficientSU2,4,SPSA,bitflip,0.025,-1.8572750302023802,-1.6475573804822805,500,21.05
H2_2_Qubits,EfficientSU2,4,SPSA,bitflip,0.026000000000000002,-1.8572750302023802,-1.7249996839096682,500,20.36
H2_2_Qubits,EfficientSU2,4,SPSA,bitflip,0.027,-1.8572750302023802,-1.5301106005658842,500,20.23
H2_2_Qubits,EfficientSU2,4,SPSA,bitflip,0.028,-1.8572750302023802,-1.6517883209373205,500,20.18
H2_2_Qubits,EfficientSU2,4,SPSA,bitflip,0.029,-1.8572750302023802,-1.531679808619244,500,20.3
H2_2_Qubits,EfficientSU2,4,SPSA,bitflip,0.03,-1.8572750302023802,-1.5074937165038476,500,20.59
H2_2_Qubits,EfficientSU2,4,SPSA,bitflip,0.031,-1.8572750302023802,-1.544406502973261,500,20.39
H2_2_Qubits,EfficientSU2,4,SPSA,bitflip,0.032,-1.8572750302023802,-1.6835492055607948,500,20.37
H2_2_Qubits,EfficientSU2,4,SPSA,bitflip,0.033,-1.8572750302023802,-1.5570435196229333,500,20.41
H2_2_Qubits,EfficientSU2,4,SPSA,bitflip,0.034,-1.8572750302023802,-1.6331360274147215,500,20.3
H2_2_Qubits,EfficientSU2,4,SPSA,bitflip,0.035,-1.8572750302023802,-1.6516559596526663,500,20.48
H2_2_Qubits,EfficientSU2,4,SPSA,bitflip,0.036000000000000004,-1.8572750302023802,-1.6033617114029646,500,20.55
H2_2_Qubits,EfficientSU2,4,SPSA,bitflip,0.037,-1.8572750302023802,-1.5836099705017042,500,20.43
H2_2_Qubits,EfficientSU2,4,SPSA,bitflip,0.038,-1.8572750302023802,-1.6506505113421162,500,20.43
H2_2_Qubits,EfficientSU2,4,SPSA,bitflip,0.039,-1.8572750302023802,-1.4110076331236943,500,20.15
H2_2_Qubits,EfficientSU2,4,SPSA,bitflip,0.04,-1.8572750302023802,-1.5746174576397833,500,20.23
H2_2_Qubits,EfficientSU2,4,SPSA,bitflip,0.041,-1.8572750302023802,-1.4715453643571526,500,20.37
H2_2_Qubits,EfficientSU2,4,SPSA,bitflip,0.042,-1.8572750302023802,-1.6924837690514842,500,20.36
H2_2_Qubits,EfficientSU2,4,SPSA,bitflip,0.043000000000000003,-1.8572750302023802,-1.5608313334411885,500,20.29
H2_2_Qubits,EfficientSU2,4,SPSA,bitflip,0.044,-1.8572750302023802,-1.4116589325589972,500,20.41
H2_2_Qubits,EfficientSU2,4,SPSA,bitflip,0.045,-1.8572750302023802,-1.7096187008049961,500,20.38
H2_2_Qubits,EfficientSU2,4,SPSA,bitflip,0.046,-1.8572750302023802,-1.5652555387479659,500,20.34
H2_2_Qubits,EfficientSU2,4,SPSA,bitflip,0.047,-1.8572750302023802,-1.5559031249905617,500,20.34
H2_2_Qubits,EfficientSU2,4,SPSA,bitflip,0.048,-1.8572750302023802,-1.6998721721953176,500,20.55
H2_2_Qubits,EfficientSU2,4,SPSA,bitflip,0.049,-1.8572750302023802,-1.6747077834201458,500,20.41
H2_2_Qubits,EfficientSU2,4,SPSA,bitflip,0.05,-1.8572750302023802,-1.305551865792129,500,20.64
H2_2_Qubits,EfficientSU2,4,SPSA,bitflip,0.051000000000000004,-1.8572750302023802,-1.5284828875341994,500,20.35
H2_2_Qubits,EfficientSU2,4,SPSA,bitflip,0.052000000000000005,-1.8572750302023802,-1.599357805132218,500,20.29
H2_2_Qubits,EfficientSU2,4,SPSA,bitflip,0.053,-1.8572750302023802,-1.4255812923897955,500,20.43
H2_2_Qubits,EfficientSU2,4,SPSA,bitflip,0.054,-1.8572750302023802,-1.5788765559845892,500,20.57
H2_2_Qubits,EfficientSU2,4,SPSA,bitflip,0.055,-1.8572750302023802,-1.6794162273890052,500,20.51
H2_2_Qubits,EfficientSU2,4,SPSA,bitflip,0.056,-1.8572750302023802,-1.6452342213368871,500,20.56
H2_2_Qubits,EfficientSU2,4,SPSA,bitflip,0.057,-1.8572750302023802,-1.523940571487196,500,20.6
H2_2_Qubits,EfficientSU2,4,SPSA,bitflip,0.058,-1.8572750302023802,-1.6508473226043192,500,20.62
H2_2_Qubits,EfficientSU2,4,SPSA,bitflip,0.059000000000000004,-1.8572750302023802,-1.5564209960999178,500,20.65
H2_2_Qubits,EfficientSU2,4,SPSA,bitflip,0.06,-1.8572750302023802,-1.5633338001490518,500,20.74
H2_2_Qubits,EfficientSU2,4,SPSA,bitflip,0.061,-1.8572750302023802,-1.6497887737602515,500,20.09
H2_2_Qubits,EfficientSU2,4,SPSA,bitflip,0.062,-1.8572750302023802,-1.6334156786695808,500,19.94
H2_2_Qubits,EfficientSU2,4,SPSA,bitflip,0.063,-1.8572750302023802,-1.5272583713056358,500,20.03
H2_2_Qubits,EfficientSU2,4,SPSA,bitflip,0.064,-1.8572750302023802,-1.6404379478934676,500,20.02
H2_2_Qubits,EfficientSU2,4,SPSA,bitflip,0.065,-1.8572750302023802,-1.468996632824906,500,20.24
H2_2_Qubits,EfficientSU2,4,SPSA,bitflip,0.066,-1.8572750302023802,-1.5683446195367268,500,20.15
H2_2_Qubits,EfficientSU2,4,SPSA,bitflip,0.067,-1.8572750302023802,-1.5444851407571267,500,20.14
H2_2_Qubits,EfficientSU2,4,SPSA,bitflip,0.068,-1.8572750302023802,-1.5484094722919044,500,20.11
H2_2_Qubits,EfficientSU2,4,SPSA,bitflip,0.069,-1.8572750302023802,-1.6115488352845073,500,20.26
H2_2_Qubits,EfficientSU2,4,SPSA,bitflip,0.07,-1.8572750302023802,-1.5211748159603753,500,20.17
H2_2_Qubits,EfficientSU2,4,SPSA,bitflip,0.07100000000000001,-1.8572750302023802,-1.6063617046144978,500,20.29
H2_2_Qubits,EfficientSU2,4,SPSA,bitflip,0.07200000000000001,-1.8572750302023802,-1.566440954348577,500,20.25
H2_2_Qubits,EfficientSU2,4,SPSA,bitflip,0.073,-1.8572750302023802,-1.4690128430472489,500,19.96
H2_2_Qubits,EfficientSU2,4,SPSA,bitflip,0.074,-1.8572750302023802,-1.58468640947785,500,19.89
H2_2_Qubits,EfficientSU2,4,SPSA,bitflip,0.075,-1.8572750302023802,-1.6160066790569099,500,19.91
H2_2_Qubits,EfficientSU2,4,SPSA,bitflip,0.076,-1.8572750302023802,-1.6238791746473564,500,19.94
H2_2_Qubits,EfficientSU2,4,SPSA,bitflip,0.077,-1.8572750302023802,-1.4975786963688482,500,20.45
H2_2_Qubits,EfficientSU2,4,SPSA,bitflip,0.078,-1.8572750302023802,-1.5401832154166253,500,20.02
H2_2_Qubits,EfficientSU2,4,SPSA,bitflip,0.079,-1.8572750302023802,-1.5009185682546566,500,20.07
H2_2_Qubits,EfficientSU2,4,SPSA,bitflip,0.08,-1.8572750302023802,-1.4432130294151873,500,20.17
H2_2_Qubits,EfficientSU2,4,SPSA,bitflip,0.081,-1.8572750302023802,-1.4513353480187074,500,20.12
H2_2_Qubits,EfficientSU2,4,SPSA,bitflip,0.082,-1.8572750302023802,-1.3554513452064219,500,20.15
H2_2_Qubits,EfficientSU2,4,SPSA,bitflip,0.083,-1.8572750302023802,-1.5988447535704742,500,20.09
H2_2_Qubits,EfficientSU2,4,SPSA,bitflip,0.084,-1.8572750302023802,-1.4309237877354817,500,20.14
H2_2_Qubits,EfficientSU2,4,SPSA,bitflip,0.085,-1.8572750302023802,-1.3900765612770511,500,20.03
H2_2_Qubits,EfficientSU2,4,SPSA,bitflip,0.08600000000000001,-1.8572750302023802,-1.5135209968441046,500,20.02
H2_2_Qubits,EfficientSU2,4,SPSA,bitflip,0.08700000000000001,-1.8572750302023802,-1.566664602659766,500,20.04
H2_2_Qubits,EfficientSU2,4,SPSA,bitflip,0.088,-1.8572750302023802,-1.3983323894431041,500,20.16
H2_2_Qubits,EfficientSU2,4,SPSA,bitflip,0.089,-1.8572750302023802,-1.4357852021008541,500,20.12
H2_2_Qubits,EfficientSU2,4,SPSA,bitflip,0.09,-1.8572750302023802,-1.5526960432105212,500,20.33
H2_2_Qubits,EfficientSU2,4,SPSA,bitflip,0.091,-1.8572750302023802,-1.505552737261645,500,20.44
H2_2_Qubits,EfficientSU2,4,SPSA,bitflip,0.092,-1.8572750302023802,-1.4036338560891641,500,20.45
H2_2_Qubits,EfficientSU2,4,SPSA,bitflip,0.093,-1.8572750302023802,-1.4587378292199102,500,20.26
H2_2_Qubits,EfficientSU2,4,SPSA,bitflip,0.094,-1.8572750302023802,-1.413713668811875,500,20.32
H2_2_Qubits,EfficientSU2,4,SPSA,bitflip,0.095,-1.8572750302023802,-1.4400080411039893,500,20.33
H2_2_Qubits,EfficientSU2,4,SPSA,bitflip,0.096,-1.8572750302023802,-1.5169882480878238,500,20.55
H2_2_Qubits,EfficientSU2,4,SPSA,bitflip,0.097,-1.8572750302023802,-1.4815786718003878,500,20.65
H2_2_Qubits,EfficientSU2,4,SPSA,bitflip,0.098,-1.8572750302023802,-1.4473479248002794,500,20.63
H2_2_Qubits,EfficientSU2,4,SPSA,bitflip,0.099,-1.8572750302023802,-1.3573030811077857,500,20.88
H2_2_Qubits,EfficientSU2,4,SPSA,bitflip,0.1,-1.8572750302023802,-1.3792773932293771,500,20.73
